datetime,open,high,low,close,volume
2026-09-01 09:30:00,43.048,43.059,43.042,43.048,48627
2026-09-01 09:31:00,43.048,43.222,43.044,43.191,54143
2026-09-01 09:32:00,43.191,43.249,43.167,43.169,39888
2026-09-01 09:33:00,43.169,43.272,43.146,43.22,24502
2026-09-01 09:34:00,43.22,43.391,43.194,43.39,5032
2026-09-01 09:35:00,43.39,43.395,43.298,43.308,10778
2026-09-01 09:36:00,43.308,43.493,43.296,43.453,22286
2026-09-01 09:37:00,43.453,43.537,43.432,43.534,39114
2026-09-01 09:38:00,43.534,43.56,43.479,43.488,41272
2026-09-01 09:39:00,43.488,43.516,43.478,43.513,11987
2026-09-01 09:40:00,43.513,43.619,43.502,43.607,19313
2026-09-01 09:41:00,43.607,43.629,43.456,43.509,54039
2026-09-01 09:42:00,43.509,43.552,43.48,43.49,21103
2026-09-01 09:43:00,43.49,43.527,43.382,43.428,11735
2026-09-01 09:44:00,43.428,43.506,43.403,43.488,18499
2026-09-01 09:45:00,43.488,43.578,43.471,43.558,24902
2026-09-01 09:46:00,43.558,43.562,43.478,43.488,32314
2026-09-01 09:47:00,43.488,43.493,43.347,43.359,32206
2026-09-01 09:48:00,43.359,43.375,43.303,43.305,10849
2026-09-01 09:49:00,43.305,43.314,43.273,43.275,11483
2026-09-01 09:50:00,43.275,43.287,43.25,43.257,16324
2026-09-01 09:51:00,43.257,43.28,43.155,43.202,22531
2026-09-01 09:52:00,43.202,43.211,43.171,43.177,58145
2026-09-01 09:53:00,43.177,43.204,43.107,43.164,20140
2026-09-01 09:54:00,43.164,43.193,43.107,43.117,24465
2026-09-01 09:55:00,43.117,43.118,43.093,43.112,44231
2026-09-01 09:56:00,43.112,43.131,43.051,43.069,23635
2026-09-01 09:57:00,43.069,43.079,43.032,43.038,59245
2026-09-01 09:58:00,43.038,43.07,43.031,43.065,31820
2026-09-01 09:59:00,43.065,43.157,43.028,43.139,24956
2026-09-01 10:00:00,43.139,43.18,43.007,43.052,47432
2026-09-01 10:01:00,43.052,43.079,42.999,43.026,48489
2026-09-01 10:02:00,43.026,43.036,42.88,42.933,41405
2026-09-01 10:03:00,42.933,43.108,42.908,43.042,12718
2026-09-01 10:04:00,43.042,43.067,42.918,42.959,21181
2026-09-01 10:05:00,42.959,42.996,42.932,42.993,36895
2026-09-01 10:06:00,42.993,43.149,42.976,43.13,25339
2026-09-01 10:07:00,43.13,43.212,43.095,43.159,28799
2026-09-01 10:08:00,43.159,43.165,43.117,43.124,20596
2026-09-01 10:09:00,43.124,43.134,43.052,43.06,20850
2026-09-01 10:10:00,43.06,43.177,43.058,43.146,31553
2026-09-01 10:11:00,43.146,43.158,43.127,43.142,50194
2026-09-01 10:12:00,43.142,43.213,43.097,43.196,25107
2026-09-01 10:13:00,43.196,43.295,43.191,43.282,46053
2026-09-01 10:14:00,43.282,43.332,43.192,43.196,58990
2026-09-01 10:15:00,43.196,43.24,43.082,43.107,12369
2026-09-01 10:16:00,43.107,43.121,43.069,43.084,55878
2026-09-01 10:17:00,43.084,43.137,43.078,43.119,21082
2026-09-01 10:18:00,43.119,43.172,43.05,43.071,10329
2026-09-01 10:19:00,43.071,43.088,43.016,43.017,50072
2026-09-01 10:20:00,43.017,43.057,42.972,43.052,5424
2026-09-01 10:21:00,43.052,43.063,42.864,42.915,59583
2026-09-01 10:22:00,42.915,42.995,42.908,42.978,16378
2026-09-01 10:23:00,42.978,42.987,42.902,42.925,38636
2026-09-01 10:24:00,42.925,42.968,42.849,42.858,18716
2026-09-01 10:25:00,42.858,42.868,42.702,42.722,52943
2026-09-01 10:26:00,42.722,42.741,42.696,42.703,43851
2026-09-01 10:27:00,42.703,42.711,42.576,42.611,59132
2026-09-01 10:28:00,42.611,42.626,42.55,42.553,48432
2026-09-01 10:29:00,42.553,42.561,42.413,42.475,45730
2026-09-01 10:30:00,42.475,42.534,42.334,42.363,56915
2026-09-01 10:31:00,42.363,42.394,42.257,42.285,40460
2026-09-01 10:32:00,42.285,42.351,42.263,42.344,16674
2026-09-01 10:33:00,42.344,42.372,42.21,42.22,17168
2026-09-01 10:34:00,42.22,42.27,42.159,42.184,41057
2026-09-01 10:35:00,42.184,42.185,42.161,42.181,25373
2026-09-01 10:36:00,42.181,42.227,42.006,42.023,46691
2026-09-01 10:37:00,42.023,42.089,42.001,42.067,39295
2026-09-01 10:38:00,42.067,42.107,42.045,42.076,7113
2026-09-01 10:39:00,42.076,42.089,42.055,42.065,55952
2026-09-01 10:40:00,42.065,42.067,42.007,42.035,58510
2026-09-01 10:41:00,42.035,42.13,41.996,42.079,21601
2026-09-01 10:42:00,42.079,42.088,42.025,42.043,20599
2026-09-01 10:43:00,42.043,42.081,41.931,41.987,26736
2026-09-01 10:44:00,41.987,42.057,41.969,42.05,49641
2026-09-01 10:45:00,42.05,42.185,42.034,42.182,6223
2026-09-01 10:46:00,42.182,42.202,42.17,42.194,14863
2026-09-01 10:47:00,42.194,42.196,42.057,42.105,43319
2026-09-01 10:48:00,42.105,42.322,42.075,42.309,27940
2026-09-01 10:49:00,42.309,42.354,42.279,42.339,29396
2026-09-01 10:50:00,42.339,42.455,42.316,42.412,56555
2026-09-01 10:51:00,42.412,42.413,42.331,42.36,48875
2026-09-01 10:52:00,42.36,42.458,42.341,42.411,11133
2026-09-01 10:53:00,42.411,42.461,42.38,42.404,17851
2026-09-01 10:54:00,42.404,42.659,42.402,42.625,19360
2026-09-01 10:55:00,42.625,42.643,42.456,42.497,41280
2026-09-01 10:56:00,42.497,42.633,42.46,42.615,28622
2026-09-01 10:57:00,42.615,42.652,42.454,42.515,42020
2026-09-01 10:58:00,42.515,42.596,42.487,42.595,17357
2026-09-01 10:59:00,42.595,42.597,42.517,42.524,30537
2026-09-01 11:00:00,42.524,42.606,42.519,42.599,25097
2026-09-01 11:01:00,42.599,42.687,42.595,42.685,15373
2026-09-01 11:02:00,42.685,42.696,42.556,42.563,16223
2026-09-01 11:03:00,42.563,42.7,42.558,42.698,27159
2026-09-01 11:04:00,42.698,42.725,42.624,42.653,42244
2026-09-01 11:05:00,42.653,42.662,42.528,42.583,45977
2026-09-01 11:06:00,42.583,42.641,42.578,42.578,47563
2026-09-01 11:07:00,42.578,42.58,42.557,42.575,15405
2026-09-01 11:08:00,42.575,42.581,42.553,42.556,36819
2026-09-01 11:09:00,42.556,42.57,42.481,42.487,9952
2026-09-01 11:10:00,42.487,42.505,42.436,42.459,12282
2026-09-01 11:11:00,42.459,42.494,42.443,42.466,30453
2026-09-01 11:12:00,42.466,42.471,42.41,42.43,43429
2026-09-01 11:13:00,42.43,42.482,42.421,42.458,17898
2026-09-01 11:14:00,42.458,42.523,42.441,42.516,14374
2026-09-01 11:15:00,42.516,42.57,42.464,42.567,49030
2026-09-01 11:16:00,42.567,42.607,42.406,42.465,37968
2026-09-01 11:17:00,42.465,42.595,42.428,42.578,49948
2026-09-01 11:18:00,42.578,42.58,42.564,42.572,9818
2026-09-01 11:19:00,42.572,42.601,42.508,42.588,56990
2026-09-01 11:20:00,42.588,42.775,42.568,42.736,49408
2026-09-01 11:21:00,42.736,42.786,42.716,42.722,51186
2026-09-01 11:22:00,42.722,42.877,42.716,42.86,10626
2026-09-01 11:23:00,42.86,42.873,42.782,42.796,40609
2026-09-01 11:24:00,42.796,42.932,42.79,42.915,34756
2026-09-01 11:25:00,42.915,42.941,42.901,42.926,15287
2026-09-01 11:26:00,42.926,43.0,42.906,42.964,55358
2026-09-01 11:27:00,42.964,43.121,42.954,43.08,50265
2026-09-01 11:28:00,43.08,43.138,43.069,43.119,50591
2026-09-01 11:29:00,43.119,43.227,43.088,43.22,45045
2026-09-01 11:30:00,43.22,43.26,43.218,43.243,14756
2026-09-01 11:31:00,43.243,43.257,43.207,43.23,46077
2026-09-01 11:32:00,43.23,43.349,43.225,43.325,30379
2026-09-01 11:33:00,43.325,43.392,43.298,43.338,43358
2026-09-01 11:34:00,43.338,43.409,43.329,43.399,37723
2026-09-01 11:35:00,43.399,43.438,43.322,43.335,50651
2026-09-01 11:36:00,43.335,43.378,43.326,43.361,33536
2026-09-01 11:37:00,43.361,43.371,43.298,43.299,21381
2026-09-01 11:38:00,43.299,43.402,43.296,43.393,41410
2026-09-01 11:39:00,43.393,43.435,43.303,43.311,41984
2026-09-01 11:40:00,43.311,43.316,43.225,43.244,21003
2026-09-01 11:41:00,43.244,43.365,43.216,43.326,33451
2026-09-01 11:42:00,43.326,43.378,43.291,43.359,41585
2026-09-01 11:43:00,43.359,43.382,43.159,43.16,23581
2026-09-01 11:44:00,43.16,43.194,43.141,43.162,14378
2026-09-01 11:45:00,43.162,43.173,43.145,43.158,22976
2026-09-01 11:46:00,43.158,43.174,43.068,43.085,50913
2026-09-01 11:47:00,43.085,43.155,43.081,43.104,13550
2026-09-01 11:48:00,43.104,43.122,42.965,42.984,26641
2026-09-01 11:49:00,42.984,42.986,42.884,42.914,32034
2026-09-01 11:50:00,42.914,42.952,42.894,42.942,48698
2026-09-01 11:51:00,42.942,42.945,42.749,42.807,25279
2026-09-01 11:52:00,42.807,42.83,42.789,42.813,59687
2026-09-01 11:53:00,42.813,42.814,42.624,42.676,28183
2026-09-01 11:54:00,42.676,42.707,42.603,42.604,30434
2026-09-01 11:55:00,42.604,42.615,42.48,42.507,51841
2026-09-01 11:56:00,42.507,42.69,42.49,42.68,29789
2026-09-01 11:57:00,42.68,42.691,42.497,42.531,42483
2026-09-01 11:58:00,42.531,42.586,42.512,42.549,24386
2026-09-01 11:59:00,42.549,42.553,42.467,42.512,42413
2026-09-01 13:00:00,42.512,42.519,42.485,42.493,37832
2026-09-01 13:01:00,42.493,42.499,42.47,42.47,59122
2026-09-01 13:02:00,42.47,42.584,42.443,42.55,26921
2026-09-01 13:03:00,42.55,42.592,42.333,42.396,16980
2026-09-01 13:04:00,42.396,42.398,42.331,42.364,12668
2026-09-01 13:05:00,42.364,42.423,42.361,42.392,32934
2026-09-01 13:06:00,42.392,42.435,42.35,42.359,32540
2026-09-01 13:07:00,42.359,42.468,42.343,42.461,10088
2026-09-01 13:08:00,42.461,42.505,42.446,42.503,5639
2026-09-01 13:09:00,42.503,42.521,42.382,42.409,26603
2026-09-01 13:10:00,42.409,42.411,42.375,42.377,6933
2026-09-01 13:11:00,42.377,42.459,42.353,42.443,57269
2026-09-01 13:12:00,42.443,42.575,42.441,42.561,48468
2026-09-01 13:13:00,42.561,42.579,42.316,42.319,9725
2026-09-01 13:14:00,42.319,42.485,42.259,42.484,47820
2026-09-01 13:15:00,42.484,42.509,42.361,42.383,46674
2026-09-01 13:16:00,42.383,42.515,42.38,42.449,44901
2026-09-01 13:17:00,42.449,42.475,42.331,42.335,52598
2026-09-01 13:18:00,42.335,42.365,42.324,42.353,43874
2026-09-01 13:19:00,42.353,42.374,42.237,42.264,32992
2026-09-01 13:20:00,42.264,42.283,42.233,42.246,44887
2026-09-01 13:21:00,42.246,42.368,42.225,42.339,48868
2026-09-01 13:22:00,42.339,42.351,42.219,42.26,37093
2026-09-01 13:23:00,42.26,42.261,42.128,42.151,29257
2026-09-01 13:24:00,42.151,42.176,42.049,42.063,36511
2026-09-01 13:25:00,42.063,42.087,41.941,41.942,24434
2026-09-01 13:26:00,41.942,42.006,41.916,41.994,27263
2026-09-01 13:27:00,41.994,42.047,41.948,41.957,32815
2026-09-01 13:28:00,41.957,41.994,41.913,41.914,46195
2026-09-01 13:29:00,41.914,41.924,41.857,41.869,15710
2026-09-01 13:30:00,41.869,41.873,41.754,41.769,28776
2026-09-01 13:31:00,41.769,41.784,41.763,41.779,21911
2026-09-01 13:32:00,41.779,41.824,41.716,41.762,13512
2026-09-01 13:33:00,41.762,41.813,41.733,41.801,21795
2026-09-01 13:34:00,41.801,41.831,41.76,41.811,21590
2026-09-01 13:35:00,41.811,41.825,41.643,41.698,59362
2026-09-01 13:36:00,41.698,41.7,41.675,41.684,26314
2026-09-01 13:37:00,41.684,41.76,41.678,41.738,23433
2026-09-01 13:38:00,41.738,41.753,41.721,41.73,26740
2026-09-01 13:39:00,41.73,41.75,41.71,41.736,17587
2026-09-01 13:40:00,41.736,41.806,41.734,41.777,55216
2026-09-01 13:41:00,41.777,41.8,41.777,41.78,56687
2026-09-01 13:42:00,41.78,41.962,41.778,41.926,26587
2026-09-01 13:43:00,41.926,41.942,41.878,41.937,12622
2026-09-01 13:44:00,41.937,42.05,41.933,42.02,6044
2026-09-01 13:45:00,42.02,42.084,41.999,42.072,58119
2026-09-01 13:46:00,42.072,42.146,42.058,42.122,50714
2026-09-01 13:47:00,42.122,42.208,42.116,42.193,51932
2026-09-01 13:48:00,42.193,42.293,42.177,42.289,37225
2026-09-01 13:49:00,42.289,42.431,42.267,42.367,40588
2026-09-01 13:50:00,42.367,42.473,42.355,42.454,47214
2026-09-01 13:51:00,42.454,42.535,42.43,42.522,28529
2026-09-01 13:52:00,42.522,42.525,42.492,42.523,50431
2026-09-01 13:53:00,42.523,42.679,42.494,42.671,15848
2026-09-01 13:54:00,42.671,42.716,42.635,42.685,29473
2026-09-01 13:55:00,42.685,42.81,42.681,42.797,10841
2026-09-01 13:56:00,42.797,42.882,42.793,42.838,47605
2026-09-01 13:57:00,42.838,42.845,42.733,42.754,10702
2026-09-01 13:58:00,42.754,42.911,42.719,42.911,32644
2026-09-01 13:59:00,42.911,42.923,42.905,42.92,24202
2026-09-01 14:00:00,42.92,42.956,42.907,42.922,59681
2026-09-01 14:01:00,42.922,42.942,42.913,42.934,27393
2026-09-01 14:02:00,42.934,42.955,42.869,42.914,12779
2026-09-01 14:03:00,42.914,42.942,42.824,42.847,55804
2026-09-01 14:04:00,42.847,42.905,42.846,42.883,35351
2026-09-01 14:05:00,42.883,42.937,42.837,42.86,34492
2026-09-01 14:06:00,42.86,42.897,42.834,42.877,39857
2026-09-01 14:07:00,42.877,42.883,42.794,42.796,59484
2026-09-01 14:08:00,42.796,42.843,42.791,42.839,6418
2026-09-01 14:09:00,42.839,42.885,42.769,42.791,44648
2026-09-01 14:10:00,42.791,42.815,42.746,42.756,30008
2026-09-01 14:11:00,42.756,42.759,42.702,42.708,13046
2026-09-01 14:12:00,42.708,42.729,42.693,42.717,54859
2026-09-01 14:13:00,42.717,42.736,42.555,42.6,35446
2026-09-01 14:14:00,42.6,42.712,42.599,42.7,55267
2026-09-01 14:15:00,42.7,42.708,42.653,42.692,13765
2026-09-01 14:16:00,42.692,42.699,42.654,42.676,42144
2026-09-01 14:17:00,42.676,42.68,42.637,42.674,7156
2026-09-01 14:18:00,42.674,42.678,42.582,42.612,59181
2026-09-01 14:19:00,42.612,42.66,42.579,42.63,56908
2026-09-01 14:20:00,42.63,42.698,42.625,42.697,53619
2026-09-01 14:21:00,42.697,42.72,42.656,42.695,23581
2026-09-01 14:22:00,42.695,42.739,42.678,42.714,43347
2026-09-01 14:23:00,42.714,42.72,42.626,42.658,15427
2026-09-01 14:24:00,42.658,42.846,42.649,42.829,51222
2026-09-01 14:25:00,42.829,42.896,42.811,42.868,10598
2026-09-01 14:26:00,42.868,42.912,42.86,42.907,45415
2026-09-01 14:27:00,42.907,42.934,42.889,42.897,40867
2026-09-01 14:28:00,42.897,42.926,42.817,42.834,21201
2026-09-01 14:29:00,42.834,43.025,42.803,42.965,30363
2026-09-01 14:30:00,42.965,43.017,42.894,42.925,31121
2026-09-01 14:31:00,42.925,42.93,42.804,42.834,5642
2026-09-01 14:32:00,42.834,43.017,42.799,42.998,7888
2026-09-01 14:33:00,42.998,43.001,42.895,42.912,44334
2026-09-01 14:34:00,42.912,42.922,42.872,42.92,42763
2026-09-01 14:35:00,42.92,43.009,42.916,42.969,19117
2026-09-01 14:36:00,42.969,43.09,42.961,43.056,29563
2026-09-01 14:37:00,43.056,43.083,42.905,42.915,47930
2026-09-01 14:38:00,42.915,42.916,42.886,42.91,42354
2026-09-01 14:39:00,42.91,42.954,42.9,42.918,31873
2026-09-01 14:40:00,42.918,42.923,42.79,42.813,52529
2026-09-01 14:41:00,42.813,42.831,42.632,42.669,34456
2026-09-01 14:42:00,42.669,42.676,42.614,42.632,5298
2026-09-01 14:43:00,42.632,42.65,42.515,42.521,30145
2026-09-01 14:44:00,42.521,42.522,42.443,42.466,18362
2026-09-01 14:45:00,42.466,42.479,42.413,42.441,42179
2026-09-01 14:46:00,42.441,42.454,42.38,42.389,10772
2026-09-01 14:47:00,42.389,42.443,42.243,42.305,59452
2026-09-01 14:48:00,42.305,42.328,42.262,42.28,38414
2026-09-01 14:49:00,42.28,42.297,42.105,42.116,48882
2026-09-01 14:50:00,42.116,42.12,42.059,42.084,30319
2026-09-01 14:51:00,42.084,42.086,42.067,42.072,8800
2026-09-01 14:52:00,42.072,42.098,41.981,42.011,28978
2026-09-01 14:53:00,42.011,42.022,41.969,41.981,32214
2026-09-01 14:54:00,41.981,41.999,41.847,41.876,28035
2026-09-01 14:55:00,41.876,41.881,41.751,41.802,17885
2026-09-01 14:56:00,41.802,41.831,41.773,41.785,16406
2026-09-01 14:57:00,41.785,41.82,41.67,41.7,10631
2026-09-01 14:58:00,41.7,41.73,41.615,41.62,32369
2026-09-01 14:59:00,41.62,41.731,41.61,41.715,15734
2026-09-01 15:00:00,41.715,41.742,41.654,41.672,39426
2026-09-01 15:01:00,41.672,41.703,41.645,41.664,18646
2026-09-01 15:02:00,41.664,41.667,41.582,41.594,28935
2026-09-01 15:03:00,41.594,41.73,41.571,41.698,57785
2026-09-01 15:04:00,41.698,41.707,41.688,41.693,33820
2026-09-01 15:05:00,41.693,41.736,41.674,41.713,45967
2026-09-01 15:06:00,41.713,41.743,41.656,41.672,42497
2026-09-01 15:07:00,41.672,41.764,41.664,41.754,51913
2026-09-01 15:08:00,41.754,41.861,41.751,41.851,8075
2026-09-01 15:09:00,41.851,41.872,41.78,41.854,43435
2026-09-01 15:10:00,41.854,41.87,41.818,41.836,18092
2026-09-01 15:11:00,41.836,41.887,41.802,41.879,22360
2026-09-01 15:12:00,41.879,41.944,41.877,41.943,54814
2026-09-01 15:13:00,41.943,41.956,41.782,41.785,26510
2026-09-01 15:14:00,41.785,41.978,41.767,41.965,33350
2026-09-01 15:15:00,41.965,42.028,41.943,42.026,29237
2026-09-01 15:16:00,42.026,42.05,41.994,42.049,10898
2026-09-01 15:17:00,42.049,42.154,42.041,42.14,21137
2026-09-01 15:18:00,42.14,42.151,42.094,42.109,13302
2026-09-01 15:19:00,42.109,42.137,42.049,42.063,28179
2026-09-01 15:20:00,42.063,42.068,42.017,42.03,5136
2026-09-01 15:21:00,42.03,42.099,42.015,42.076,47415
2026-09-01 15:22:00,42.076,42.107,41.98,42.016,34445
2026-09-01 15:23:00,42.016,42.06,42.005,42.045,9163
2026-09-01 15:24:00,42.045,42.148,42.018,42.091,59522
2026-09-01 15:25:00,42.091,42.151,42.052,42.13,20211
2026-09-01 15:26:00,42.13,42.151,42.003,42.008,24156
2026-09-01 15:27:00,42.008,42.016,41.954,41.992,31346
2026-09-01 15:28:00,41.992,42.038,41.955,41.984,34423
2026-09-01 15:29:00,41.984,42.073,41.948,42.03,42192
2026-09-01 15:30:00,42.03,42.079,41.933,41.973,34257
2026-09-01 15:31:00,41.973,42.076,41.952,42.051,40526
2026-09-01 15:32:00,42.051,42.068,41.889,41.92,22049
2026-09-01 15:33:00,41.92,41.971,41.906,41.952,44874
2026-09-01 15:34:00,41.952,41.97,41.903,41.946,51898
2026-09-01 15:35:00,41.946,42.039,41.921,42.037,10789
2026-09-01 15:36:00,42.037,42.089,42.035,42.078,11531
2026-09-01 15:37:00,42.078,42.094,41.968,41.973,14941
2026-09-01 15:38:00,41.973,42.031,41.97,42.029,23231
2026-09-01 15:39:00,42.029,42.139,42.025,42.113,21993
2026-09-01 15:40:00,42.113,42.17,42.092,42.105,47888
2026-09-01 15:41:00,42.105,42.142,42.104,42.126,20492
2026-09-01 15:42:00,42.126,42.333,42.085,42.306,53793
2026-09-01 15:43:00,42.306,42.358,42.263,42.334,46557
2026-09-01 15:44:00,42.334,42.399,42.327,42.394,56696
2026-09-01 15:45:00,42.394,42.434,42.37,42.411,59632
2026-09-01 15:46:00,42.411,42.539,42.407,42.529,8900
2026-09-01 15:47:00,42.529,42.553,42.507,42.528,42571
2026-09-01 15:48:00,42.528,42.674,42.527,42.65,52679
2026-09-01 15:49:00,42.65,42.69,42.608,42.628,6817
2026-09-01 15:50:00,42.628,42.682,42.587,42.681,14050
2026-09-01 15:51:00,42.681,42.819,42.653,42.806,21367
2026-09-01 15:52:00,42.806,42.867,42.79,42.84,16357
2026-09-01 15:53:00,42.84,42.959,42.824,42.956,49166
2026-09-01 15:54:00,42.956,42.994,42.951,42.967,12325
2026-09-01 15:55:00,42.967,42.968,42.879,42.946,55838
2026-09-01 15:56:00,42.946,43.028,42.926,43.026,24668
2026-09-01 15:57:00,43.026,43.041,43.002,43.008,37720
2026-09-01 15:58:00,43.008,43.122,42.968,43.094,27462
2026-09-01 15:59:00,43.094,43.103,43.047,43.054,24185
2026-09-02 09:30:00,42.907,42.919,42.906,42.907,55630
2026-09-02 09:31:00,42.907,43.096,42.892,43.095,7754
2026-09-02 09:32:00,43.095,43.124,43.068,43.093,16473
2026-09-02 09:33:00,43.093,43.138,43.091,43.105,16966
2026-09-02 09:34:00,43.105,43.263,43.104,43.251,6237
2026-09-02 09:35:00,43.251,43.267,43.223,43.223,38597
2026-09-02 09:36:00,43.223,43.422,43.205,43.407,42597
2026-09-02 09:37:00,43.407,43.49,43.395,43.478,15965
2026-09-02 09:38:00,43.478,43.518,43.424,43.453,45952
2026-09-02 09:39:00,43.453,43.54,43.441,43.527,18657
2026-09-02 09:40:00,43.527,43.665,43.523,43.643,53498
2026-09-02 09:41:00,43.643,43.738,43.642,43.724,39261
2026-09-02 09:42:00,43.724,43.782,43.71,43.735,31041
2026-09-02 09:43:00,43.735,43.922,43.708,43.872,32202
2026-09-02 09:44:00,43.872,43.905,43.74,43.765,15003
2026-09-02 09:45:00,43.765,43.921,43.755,43.914,19800
2026-09-02 09:46:00,43.914,43.957,43.891,43.949,23016
2026-09-02 09:47:00,43.949,44.023,43.946,43.998,35755
2026-09-02 09:48:00,43.998,44.088,43.965,44.039,31204
2026-09-02 09:49:00,44.039,44.049,43.967,43.968,39856
2026-09-02 09:50:00,43.968,44.045,43.913,44.027,48471
2026-09-02 09:51:00,44.027,44.04,43.922,43.957,7165
2026-09-02 09:52:00,43.957,43.996,43.923,43.926,50536
2026-09-02 09:53:00,43.926,43.964,43.774,43.805,20061
2026-09-02 09:54:00,43.805,43.812,43.759,43.764,11275
2026-09-02 09:55:00,43.764,43.803,43.741,43.797,21924
2026-09-02 09:56:00,43.797,43.815,43.601,43.656,47185
2026-09-02 09:57:00,43.656,43.676,43.628,43.641,53329
2026-09-02 09:58:00,43.641,43.671,43.594,43.635,46655
2026-09-02 09:59:00,43.635,43.65,43.531,43.545,7822
2026-09-02 10:00:00,43.545,43.545,43.497,43.507,10639
2026-09-02 10:01:00,43.507,43.512,43.28,43.33,24092
2026-09-02 10:02:00,43.33,43.366,43.191,43.218,5573
2026-09-02 10:03:00,43.218,43.273,43.16,43.266,15700
2026-09-02 10:04:00,43.266,43.29,43.184,43.186,19207
2026-09-02 10:05:00,43.186,43.203,43.177,43.199,43232
2026-09-02 10:06:00,43.199,43.247,43.116,43.127,38429
2026-09-02 10:07:00,43.127,43.165,43.071,43.149,49617
2026-09-02 10:08:00,43.149,43.168,43.138,43.16,6526
2026-09-02 10:09:00,43.16,43.216,43.116,43.173,8159
2026-09-02 10:10:00,43.173,43.217,43.124,43.181,44737
2026-09-02 10:11:00,43.181,43.224,43.147,43.178,52481
2026-09-02 10:12:00,43.178,43.198,43.163,43.179,40238
2026-09-02 10:13:00,43.179,43.219,43.118,43.2,43277
2026-09-02 10:14:00,43.2,43.258,43.188,43.257,58401
2026-09-02 10:15:00,43.257,43.273,43.152,43.157,16933
2026-09-02 10:16:00,43.157,43.293,43.128,43.29,45620
2026-09-02 10:17:00,43.29,43.327,43.232,43.245,55370
2026-09-02 10:18:00,43.245,43.28,43.23,43.263,54898
2026-09-02 10:19:00,43.263,43.271,43.193,43.212,21117
2026-09-02 10:20:00,43.212,43.232,43.178,43.191,6890
2026-09-02 10:21:00,43.191,43.305,43.145,43.282,48365
2026-09-02 10:22:00,43.282,43.309,43.102,43.155,12357
2026-09-02 10:23:00,43.155,43.184,43.04,43.049,9122
2026-09-02 10:24:00,43.049,43.085,43.028,43.043,37409
2026-09-02 10:25:00,43.043,43.087,43.035,43.051,30082
2026-09-02 10:26:00,43.051,43.148,43.01,43.136,45087
2026-09-02 10:27:00,43.136,43.202,42.955,42.99,32816
2026-09-02 10:28:00,42.99,43.022,42.977,42.996,15267
2026-09-02 10:29:00,42.996,43.021,42.846,42.86,54312
2026-09-02 10:30:00,42.86,42.943,42.858,42.936,29154
2026-09-02 10:31:00,42.936,42.964,42.895,42.924,51008
2026-09-02 10:32:00,42.924,43.003,42.912,42.996,40168
2026-09-02 10:33:00,42.996,43.002,42.84,42.853,35051
2026-09-02 10:34:00,42.853,42.971,42.838,42.953,19959
2026-09-02 10:35:00,42.953,43.018,42.925,42.968,7834
2026-09-02 10:36:00,42.968,43.017,42.892,42.898,8504
2026-09-02 10:37:00,42.898,43.016,42.874,43.006,28648
2026-09-02 10:38:00,43.006,43.05,42.979,43.041,30973
2026-09-02 10:39:00,43.041,43.056,42.991,43.003,25641
2026-09-02 10:40:00,43.003,43.27,43.003,43.266,51732
2026-09-02 10:41:00,43.266,43.356,43.231,43.333,59752
2026-09-02 10:42:00,43.333,43.362,43.33,43.358,9952
2026-09-02 10:43:00,43.358,43.444,43.338,43.433,42439
2026-09-02 10:44:00,43.433,43.694,43.414,43.676,45320
2026-09-02 10:45:00,43.676,43.786,43.673,43.733,27278
2026-09-02 10:46:00,43.733,43.904,43.712,43.865,26425
2026-09-02 10:47:00,43.865,44.01,43.841,43.95,25064
2026-09-02 10:48:00,43.95,43.976,43.901,43.92,27314
2026-09-02 10:49:00,43.92,44.099,43.905,44.072,47216
2026-09-02 10:50:00,44.072,44.12,44.041,44.083,54266
2026-09-02 10:51:00,44.083,44.132,44.075,44.129,10267
2026-09-02 10:52:00,44.129,44.173,44.121,44.152,12551
2026-09-02 10:53:00,44.152,44.18,44.148,44.164,49935
2026-09-02 10:54:00,44.164,44.235,44.144,44.209,12147
2026-09-02 10:55:00,44.209,44.23,44.166,44.177,41899
2026-09-02 10:56:00,44.177,44.181,44.133,44.137,8638
2026-09-02 10:57:00,44.137,44.188,44.035,44.076,28941
2026-09-02 10:58:00,44.076,44.08,44.016,44.056,7058
2026-09-02 10:59:00,44.056,44.058,43.948,43.955,44068
2026-09-02 11:00:00,43.955,43.974,43.891,43.933,35942
2026-09-02 11:01:00,43.933,43.952,43.897,43.898,26879
2026-09-02 11:02:00,43.898,43.948,43.794,43.804,43184
2026-09-02 11:03:00,43.804,43.835,43.749,43.773,12874
2026-09-02 11:04:00,43.773,43.8,43.658,43.666,39957
2026-09-02 11:05:00,43.666,43.752,43.602,43.731,27931
2026-09-02 11:06:00,43.731,43.763,43.663,43.669,28081
2026-09-02 11:07:00,43.669,43.724,43.549,43.58,7825
2026-09-02 11:08:00,43.58,43.589,43.499,43.533,51346
2026-09-02 11:09:00,43.533,43.669,43.522,43.65,9791
2026-09-02 11:10:00,43.65,43.661,43.542,43.55,22026
2026-09-02 11:11:00,43.55,43.578,43.443,43.522,29145
2026-09-02 11:12:00,43.522,43.601,43.495,43.577,44671
2026-09-02 11:13:00,43.577,43.628,43.555,43.59,50379
2026-09-02 11:14:00,43.59,43.682,43.569,43.645,10499
2026-09-02 11:15:00,43.645,43.647,43.564,43.59,16201
2026-09-02 11:16:00,43.59,43.729,43.545,43.712,25612
2026-09-02 11:17:00,43.712,43.731,43.544,43.545,32544
2026-09-02 11:18:00,43.545,43.668,43.52,43.627,12242
2026-09-02 11:19:00,43.627,43.655,43.512,43.531,58842
2026-09-02 11:20:00,43.531,43.662,43.522,43.631,20662
2026-09-02 11:21:00,43.631,43.641,43.471,43.498,50509
2026-09-02 11:22:00,43.498,43.518,43.471,43.482,47483
2026-09-02 11:23:00,43.482,43.494,43.447,43.491,54605
2026-09-02 11:24:00,43.491,43.497,43.428,43.437,54608
2026-09-02 11:25:00,43.437,43.463,43.255,43.26,42123
2026-09-02 11:26:00,43.26,43.301,43.222,43.243,22043
2026-09-02 11:27:00,43.243,43.268,43.119,43.13,37398
2026-09-02 11:28:00,43.13,43.168,43.115,43.125,14972
2026-09-02 11:29:00,43.125,43.176,43.017,43.057,37001
2026-09-02 11:30:00,43.057,43.074,42.927,42.956,16545
2026-09-02 11:31:00,42.956,42.986,42.824,42.869,38067
2026-09-02 11:32:00,42.869,42.882,42.807,42.846,45680
2026-09-02 11:33:00,42.846,42.848,42.753,42.759,30573
2026-09-02 11:34:00,42.759,42.775,42.743,42.768,47654
2026-09-02 11:35:00,42.768,42.827,42.752,42.799,24834
2026-09-02 11:36:00,42.799,42.825,42.555,42.586,34222
2026-09-02 11:37:00,42.586,42.662,42.578,42.659,18127
2026-09-02 11:38:00,42.659,42.668,42.641,42.645,24918
2026-09-02 11:39:00,42.645,42.749,42.625,42.722,8591
2026-09-02 11:40:00,42.722,42.732,42.616,42.633,56525
2026-09-02 11:41:00,42.633,42.704,42.603,42.698,25302
2026-09-02 11:42:00,42.698,42.724,42.658,42.684,42281
2026-09-02 11:43:00,42.684,42.817,42.656,42.817,47344
2026-09-02 11:44:00,42.817,42.851,42.807,42.843,36781
2026-09-02 11:45:00,42.843,42.898,42.827,42.895,35397
2026-09-02 11:46:00,42.895,43.019,42.885,43.015,49181
2026-09-02 11:47:00,43.015,43.075,43.012,43.058,14019
2026-09-02 11:48:00,43.058,43.096,43.036,43.085,10089
2026-09-02 11:49:00,43.085,43.316,43.053,43.296,49781
2026-09-02 11:50:00,43.296,43.374,43.293,43.357,53277
2026-09-02 11:51:00,43.357,43.456,43.353,43.422,7280
2026-09-02 11:52:00,43.422,43.633,43.393,43.589,34525
2026-09-02 11:53:00,43.589,43.687,43.583,43.677,56212
2026-09-02 11:54:00,43.677,43.688,43.606,43.607,29688
2026-09-02 11:55:00,43.607,43.677,43.596,43.672,40849
2026-09-02 11:56:00,43.672,43.828,43.662,43.816,25299
2026-09-02 11:57:00,43.816,43.856,43.779,43.843,35586
2026-09-02 11:58:00,43.843,43.863,43.762,43.764,23478
2026-09-02 11:59:00,43.764,43.768,43.722,43.733,27693
2026-09-02 13:00:00,43.733,43.786,43.726,43.755,48753
2026-09-02 13:01:00,43.755,43.806,43.727,43.771,50376
2026-09-02 13:02:00,43.771,43.797,43.657,43.688,16866
2026-09-02 13:03:00,43.688,43.767,43.649,43.752,5373
2026-09-02 13:04:00,43.752,43.774,43.633,43.639,57572
2026-09-02 13:05:00,43.639,43.659,43.588,43.6,5875
2026-09-02 13:06:00,43.6,43.703,43.545,43.673,33809
2026-09-02 13:07:00,43.673,43.679,43.585,43.601,33617
2026-09-02 13:08:00,43.601,43.623,43.578,43.602,39668
2026-09-02 13:09:00,43.602,43.619,43.581,43.609,21338
2026-09-02 13:10:00,43.609,43.629,43.573,43.595,12211
2026-09-02 13:11:00,43.595,43.6,43.485,43.523,27085
2026-09-02 13:12:00,43.523,43.556,43.455,43.552,58387
2026-09-02 13:13:00,43.552,43.553,43.504,43.513,34512
2026-09-02 13:14:00,43.513,43.704,43.494,43.69,29714
2026-09-02 13:15:00,43.69,43.786,43.635,43.649,7407
2026-09-02 13:16:00,43.649,43.652,43.553,43.6,56055
2026-09-02 13:17:00,43.6,43.73,43.593,43.681,59068
2026-09-02 13:18:00,43.681,43.754,43.649,43.747,7894
2026-09-02 13:19:00,43.747,43.777,43.702,43.729,42270
2026-09-02 13:20:00,43.729,43.819,43.692,43.812,47337
2026-09-02 13:21:00,43.812,43.822,43.761,43.799,10439
2026-09-02 13:22:00,43.799,43.804,43.663,43.701,25038
2026-09-02 13:23:00,43.701,43.705,43.672,43.686,45623
2026-09-02 13:24:00,43.686,43.7,43.623,43.629,52673
2026-09-02 13:25:00,43.629,43.697,43.625,43.682,34309
2026-09-02 13:26:00,43.682,43.706,43.622,43.64,21223
2026-09-02 13:27:00,43.64,43.759,43.6,43.728,42782
2026-09-02 13:28:00,43.728,43.728,43.522,43.539,23474
2026-09-02 13:29:00,43.539,43.564,43.36,43.373,45573
2026-09-02 13:30:00,43.373,43.379,43.346,43.356,5801
2026-09-02 13:31:00,43.356,43.358,43.278,43.305,59525
2026-09-02 13:32:00,43.305,43.309,43.144,43.157,19583
2026-09-02 13:33:00,43.157,43.169,43.075,43.094,11512
2026-09-02 13:34:00,43.094,43.116,42.996,43.026,11400
2026-09-02 13:35:00,43.026,43.032,42.952,42.965,59791
2026-09-02 13:36:00,42.965,42.982,42.783,42.839,56434
2026-09-02 13:37:00,42.839,42.859,42.706,42.719,31227
2026-09-02 13:38:00,42.719,42.795,42.716,42.752,47161
2026-09-02 13:39:00,42.752,42.76,42.577,42.6,16051
2026-09-02 13:40:00,42.6,42.607,42.549,42.573,56318
2026-09-02 13:41:00,42.573,42.61,42.483,42.499,25548
2026-09-02 13:42:00,42.499,42.526,42.45,42.491,37678
2026-09-02 13:43:00,42.491,42.576,42.478,42.562,25037
2026-09-02 13:44:00,42.562,42.572,42.386,42.416,10743
2026-09-02 13:45:00,42.416,42.537,42.395,42.478,54244
2026-09-02 13:46:00,42.478,42.53,42.464,42.52,47336
2026-09-02 13:47:00,42.52,42.534,42.486,42.493,33835
2026-09-02 13:48:00,42.493,42.572,42.473,42.567,59949
2026-09-02 13:49:00,42.567,42.603,42.465,42.545,8669
2026-09-02 13:50:00,42.545,42.772,42.526,42.738,28612
2026-09-02 13:51:00,42.738,42.772,42.72,42.761,44318
2026-09-02 13:52:00,42.761,42.81,42.738,42.8,23891
2026-09-02 13:53:00,42.8,42.806,42.732,42.748,32377
2026-09-02 13:54:00,42.748,42.88,42.721,42.849,14768
2026-09-02 13:55:00,42.849,43.058,42.836,43.02,49803
2026-09-02 13:56:00,43.02,43.116,42.992,43.108,19356
2026-09-02 13:57:00,43.108,43.145,43.057,43.074,7555
2026-09-02 13:58:00,43.074,43.185,43.068,43.162,14487
2026-09-02 13:59:00,43.162,43.191,43.087,43.113,52575
2026-09-02 14:00:00,43.113,43.258,43.077,43.185,32826
2026-09-02 14:01:00,43.185,43.258,43.149,43.235,54107
2026-09-02 14:02:00,43.235,43.277,43.223,43.262,33572
2026-09-02 14:03:00,43.262,43.285,43.16,43.161,5452
2026-09-02 14:04:00,43.161,43.37,43.135,43.281,49118
2026-09-02 14:05:00,43.281,43.325,43.253,43.309,31230
2026-09-02 14:06:00,43.309,43.314,43.133,43.142,11119
2026-09-02 14:07:00,43.142,43.171,43.125,43.146,11686
2026-09-02 14:08:00,43.146,43.234,43.109,43.218,9119
2026-09-02 14:09:00,43.218,43.233,43.085,43.144,34118
2026-09-02 14:10:00,43.144,43.149,43.023,43.054,42297
2026-09-02 14:11:00,43.054,43.25,43.049,43.233,9905
2026-09-02 14:12:00,43.233,43.271,43.176,43.206,36700
2026-09-02 14:13:00,43.206,43.233,43.187,43.197,53787
2026-09-02 14:14:00,43.197,43.357,43.149,43.345,54874
2026-09-02 14:15:00,43.345,43.382,43.262,43.283,15100
2026-09-02 14:16:00,43.283,43.325,43.263,43.283,19748
2026-09-02 14:17:00,43.283,43.39,43.281,43.356,41750
2026-09-02 14:18:00,43.356,43.377,43.343,43.358,46766
2026-09-02 14:19:00,43.358,43.447,43.333,43.416,40946
2026-09-02 14:20:00,43.416,43.525,43.389,43.52,37715
2026-09-02 14:21:00,43.52,43.527,43.494,43.501,22645
2026-09-02 14:22:00,43.501,43.549,43.488,43.547,55964
2026-09-02 14:23:00,43.547,43.718,43.525,43.714,16795
2026-09-02 14:24:00,43.714,43.727,43.676,43.689,40851
2026-09-02 14:25:00,43.689,43.741,43.662,43.731,55338
2026-09-02 14:26:00,43.731,43.771,43.681,43.749,40203
2026-09-02 14:27:00,43.749,43.775,43.734,43.769,7188
2026-09-02 14:28:00,43.769,43.796,43.717,43.788,15748
2026-09-02 14:29:00,43.788,43.791,43.677,43.706,18976
2026-09-02 14:30:00,43.706,43.809,43.69,43.798,56512
2026-09-02 14:31:00,43.798,43.819,43.579,43.61,22969
2026-09-02 14:32:00,43.61,43.617,43.571,43.606,17725
2026-09-02 14:33:00,43.606,43.614,43.449,43.453,37129
2026-09-02 14:34:00,43.453,43.464,43.436,43.454,29557
2026-09-02 14:35:00,43.454,43.493,43.379,43.413,25305
2026-09-02 14:36:00,43.413,43.436,43.362,43.393,12456
2026-09-02 14:37:00,43.393,43.421,43.141,43.162,11124
2026-09-02 14:38:00,43.162,43.18,43.111,43.115,21274
2026-09-02 14:39:00,43.115,43.126,42.986,42.995,36368
2026-09-02 14:40:00,42.995,43.038,42.878,42.894,6318
2026-09-02 14:41:00,42.894,42.918,42.714,42.76,44824
2026-09-02 14:42:00,42.76,42.773,42.683,42.725,19156
2026-09-02 14:43:00,42.725,42.746,42.574,42.588,43763
2026-09-02 14:44:00,42.588,42.625,42.577,42.595,41059
2026-09-02 14:45:00,42.595,42.614,42.488,42.514,31927
2026-09-02 14:46:00,42.514,42.52,42.378,42.421,39953
2026-09-02 14:47:00,42.421,42.431,42.31,42.344,21877
2026-09-02 14:48:00,42.344,42.355,42.304,42.318,15605
2026-09-02 14:49:00,42.318,42.509,42.309,42.501,5564
2026-09-02 14:50:00,42.501,42.52,42.291,42.32,35305
2026-09-02 14:51:00,42.32,42.45,42.306,42.449,34303
2026-09-02 14:52:00,42.449,42.464,42.4,42.44,11467
2026-09-02 14:53:00,42.44,42.441,42.43,42.439,39569
2026-09-02 14:54:00,42.439,42.461,42.424,42.449,17774
2026-09-02 14:55:00,42.449,42.654,42.415,42.626,29269
2026-09-02 14:56:00,42.626,42.699,42.615,42.695,30902
2026-09-02 14:57:00,42.695,42.704,42.602,42.604,57756
2026-09-02 14:58:00,42.604,42.669,42.588,42.663,39132
2026-09-02 14:59:00,42.663,42.777,42.623,42.757,16122
2026-09-02 15:00:00,42.757,42.797,42.727,42.783,22164
2026-09-02 15:01:00,42.783,42.963,42.771,42.899,49775
2026-09-02 15:02:00,42.899,42.907,42.836,42.841,11922
2026-09-02 15:03:00,42.841,42.939,42.832,42.93,44532
2026-09-02 15:04:00,42.93,42.94,42.835,42.849,27332
2026-09-02 15:05:00,42.849,43.12,42.844,43.053,54462
2026-09-02 15:06:00,43.053,43.056,42.943,42.948,27512
2026-09-02 15:07:00,42.948,42.966,42.859,42.885,55850
2026-09-02 15:08:00,42.885,43.007,42.829,42.971,14092
2026-09-02 15:09:00,42.971,42.98,42.958,42.973,18019
2026-09-02 15:10:00,42.973,43.117,42.948,43.097,29147
2026-09-02 15:11:00,43.097,43.103,42.948,42.965,55699
2026-09-02 15:12:00,42.965,42.969,42.956,42.963,53654
2026-09-02 15:13:00,42.963,43.023,42.931,43.008,27177
2026-09-02 15:14:00,43.008,43.064,42.98,43.063,52061
2026-09-02 15:15:00,43.063,43.098,42.962,42.964,42349
2026-09-02 15:16:00,42.964,43.033,42.961,43.027,58982
2026-09-02 15:17:00,43.027,43.047,42.99,43.007,57409
2026-09-02 15:18:00,43.007,43.058,42.986,42.998,50108
2026-09-02 15:19:00,42.998,43.074,42.993,43.056,37744
2026-09-02 15:20:00,43.056,43.125,43.03,43.118,25564
2026-09-02 15:21:00,43.118,43.164,43.117,43.134,37061
2026-09-02 15:22:00,43.134,43.303,43.085,43.276,50268
2026-09-02 15:23:00,43.276,43.32,43.196,43.214,8897
2026-09-02 15:24:00,43.214,43.459,43.184,43.431,25408
2026-09-02 15:25:00,43.431,43.503,43.395,43.499,37815
2026-09-02 15:26:00,43.499,43.542,43.46,43.535,46735
2026-09-02 15:27:00,43.535,43.567,43.514,43.562,18261
2026-09-02 15:28:00,43.562,43.649,43.509,43.641,20535
2026-09-02 15:29:00,43.641,43.76,43.638,43.755,26354
2026-09-02 15:30:00,43.755,43.826,43.749,43.805,46654
2026-09-02 15:31:00,43.805,43.86,43.783,43.789,25782
2026-09-02 15:32:00,43.789,43.895,43.773,43.877,10130
2026-09-02 15:33:00,43.877,43.93,43.805,43.806,58534
2026-09-02 15:34:00,43.806,43.852,43.801,43.85,25591
2026-09-02 15:35:00,43.85,43.85,43.694,43.727,40078
2026-09-02 15:36:00,43.727,43.85,43.708,43.806,26403
2026-09-02 15:37:00,43.806,43.824,43.695,43.722,44873
2026-09-02 15:38:00,43.722,43.745,43.62,43.641,46705
2026-09-02 15:39:00,43.641,43.674,43.622,43.671,14502
2026-09-02 15:40:00,43.671,43.715,43.511,43.54,12217
2026-09-02 15:41:00,43.54,43.589,43.267,43.295,21735
2026-09-02 15:42:00,43.295,43.37,43.266,43.339,9728
2026-09-02 15:43:00,43.339,43.366,43.143,43.155,53260
2026-09-02 15:44:00,43.155,43.219,43.11,43.207,57450
2026-09-02 15:45:00,43.207,43.218,43.157,43.19,11613
2026-09-02 15:46:00,43.19,43.214,42.913,42.919,21017
2026-09-02 15:47:00,42.919,42.938,42.891,42.898,57421
2026-09-02 15:48:00,42.898,42.913,42.747,42.788,37868
2026-09-02 15:49:00,42.788,42.809,42.735,42.753,28507
2026-09-02 15:50:00,42.753,42.772,42.682,42.71,13783
2026-09-02 15:51:00,42.71,42.719,42.698,42.717,26447
2026-09-02 15:52:00,42.717,42.754,42.531,42.55,23890
2026-09-02 15:53:00,42.55,42.696,42.528,42.67,33305
2026-09-02 15:54:00,42.67,42.684,42.482,42.507,40767
2026-09-02 15:55:00,42.507,42.581,42.482,42.579,29379
2026-09-02 15:56:00,42.579,42.621,42.559,42.611,16664
2026-09-02 15:57:00,42.611,42.659,42.587,42.589,30879
2026-09-02 15:58:00,42.589,42.609,42.523,42.55,37957
2026-09-02 15:59:00,42.55,42.6,42.533,42.586,28319
2026-09-03 09:30:00,43.059,43.068,43.036,43.059,29560
2026-09-03 09:31:00,43.059,43.092,42.992,43.019,11746
2026-09-03 09:32:00,43.019,43.058,43.007,43.038,54052
2026-09-03 09:33:00,43.038,43.11,43.033,43.11,19043
2026-09-03 09:34:00,43.11,43.122,42.922,42.953,56336
2026-09-03 09:35:00,42.953,43.002,42.953,42.984,11564
2026-09-03 09:36:00,42.984,43.039,42.982,43.026,51072
2026-09-03 09:37:00,43.026,43.044,42.969,42.984,48120
2026-09-03 09:38:00,42.984,43.04,42.942,43.015,6200
2026-09-03 09:39:00,43.015,43.105,42.988,43.075,7602
2026-09-03 09:40:00,43.075,43.152,43.073,43.128,38568
2026-09-03 09:41:00,43.128,43.142,42.9,42.936,15543
2026-09-03 09:42:00,42.936,43.049,42.916,43.033,58005
2026-09-03 09:43:00,43.033,43.15,43.018,43.08,48458
2026-09-03 09:44:00,43.08,43.138,43.061,43.116,37724
2026-09-03 09:45:00,43.116,43.161,43.093,43.154,47266
2026-09-03 09:46:00,43.154,43.204,43.145,43.202,5461
2026-09-03 09:47:00,43.202,43.342,43.194,43.334,58541
2026-09-03 09:48:00,43.334,43.371,43.26,43.277,54237
2026-09-03 09:49:00,43.277,43.357,43.264,43.343,26098
2026-09-03 09:50:00,43.343,43.406,43.321,43.389,47380
2026-09-03 09:51:00,43.389,43.462,43.381,43.425,7480
2026-09-03 09:52:00,43.425,43.466,43.364,43.45,21560
2026-09-03 09:53:00,43.45,43.577,43.419,43.553,49449
2026-09-03 09:54:00,43.553,43.591,43.523,43.536,12709
2026-09-03 09:55:00,43.536,43.576,43.508,43.553,20745
2026-09-03 09:56:00,43.553,43.614,43.549,43.56,41319
2026-09-03 09:57:00,43.56,43.565,43.538,43.564,47524
2026-09-03 09:58:00,43.564,43.589,43.529,43.566,49505
2026-09-03 09:59:00,43.566,43.591,43.514,43.528,6065
2026-09-03 10:00:00,43.528,43.635,43.501,43.591,28361
2026-09-03 10:01:00,43.591,43.628,43.503,43.54,6914
2026-09-03 10:02:00,43.54,43.581,43.506,43.507,28300
2026-09-03 10:03:00,43.507,43.532,43.48,43.524,37895
2026-09-03 10:04:00,43.524,43.563,43.492,43.519,19045
2026-09-03 10:05:00,43.519,43.528,43.338,43.342,42626
2026-09-03 10:06:00,43.342,43.492,43.325,43.451,19740
2026-09-03 10:07:00,43.451,43.464,43.295,43.299,35909
2026-09-03 10:08:00,43.299,43.323,43.212,43.231,38661
2026-09-03 10:09:00,43.231,43.296,43.203,43.242,34271
2026-09-03 10:10:00,43.242,43.287,43.112,43.138,5790
2026-09-03 10:11:00,43.138,43.156,43.006,43.039,37841
2026-09-03 10:12:00,43.039,43.142,43.026,43.136,24070
2026-09-03 10:13:00,43.136,43.149,42.88,42.907,12201
2026-09-03 10:14:00,42.907,42.922,42.902,42.914,40662
2026-09-03 10:15:00,42.914,42.935,42.846,42.884,8499
2026-09-03 10:16:00,42.884,42.891,42.707,42.707,15383
2026-09-03 10:17:00,42.707,42.79,42.7,42.725,24217
2026-09-03 10:18:00,42.725,42.73,42.682,42.687,14264
2026-09-03 10:19:00,42.687,42.753,42.673,42.752,35127
2026-09-03 10:20:00,42.752,42.818,42.545,42.553,45297
2026-09-03 10:21:00,42.553,42.587,42.553,42.568,18687
2026-09-03 10:22:00,42.568,42.594,42.531,42.582,57681
2026-09-03 10:23:00,42.582,42.596,42.566,42.567,14845
2026-09-03 10:24:00,42.567,42.599,42.433,42.454,53042
2026-09-03 10:25:00,42.454,42.57,42.443,42.554,29551
2026-09-03 10:26:00,42.554,42.632,42.552,42.584,47029
2026-09-03 10:27:00,42.584,42.647,42.579,42.61,27533
2026-09-03 10:28:00,42.61,42.672,42.568,42.657,53227
2026-09-03 10:29:00,42.657,42.706,42.617,42.676,19778
2026-09-03 10:30:00,42.676,42.691,42.668,42.689,6859
2026-09-03 10:31:00,42.689,42.713,42.664,42.676,55987
2026-09-03 10:32:00,42.676,42.689,42.607,42.616,39457
2026-09-03 10:33:00,42.616,42.681,42.593,42.671,56862
2026-09-03 10:34:00,42.671,42.727,42.638,42.705,19677
2026-09-03 10:35:00,42.705,42.721,42.664,42.677,7573
2026-09-03 10:36:00,42.677,42.714,42.676,42.711,29208
2026-09-03 10:37:00,42.711,42.735,42.623,42.649,31403
2026-09-03 10:38:00,42.649,42.78,42.625,42.759,33615
2026-09-03 10:39:00,42.759,42.79,42.747,42.762,18076
2026-09-03 10:40:00,42.762,42.791,42.589,42.596,52784
2026-09-03 10:41:00,42.596,42.63,42.59,42.607,23485
2026-09-03 10:42:00,42.607,42.634,42.539,42.539,30173
2026-09-03 10:43:00,42.539,42.566,42.535,42.56,6566
2026-09-03 10:44:00,42.56,42.583,42.489,42.505,29547
2026-09-03 10:45:00,42.505,42.549,42.437,42.442,9404
2026-09-03 10:46:00,42.442,42.46,42.352,42.359,34339
2026-09-03 10:47:00,42.359,42.379,42.344,42.352,6843
2026-09-03 10:48:00,42.352,42.376,42.224,42.238,21350
2026-09-03 10:49:00,42.238,42.309,42.212,42.291,11911
2026-09-03 10:50:00,42.291,42.307,42.167,42.18,9836
2026-09-03 10:51:00,42.18,42.252,42.169,42.213,40709
2026-09-03 10:52:00,42.213,42.248,42.158,42.164,59486
2026-09-03 10:53:00,42.164,42.237,42.153,42.178,9308
2026-09-03 10:54:00,42.178,42.186,42.045,42.103,31459
2026-09-03 10:55:00,42.103,42.185,42.084,42.18,53728
2026-09-03 10:56:00,42.18,42.205,42.031,42.037,55105
2026-09-03 10:57:00,42.037,42.121,42.03,42.121,49143
2026-09-03 10:58:00,42.121,42.122,42.068,42.097,5561
2026-09-03 10:59:00,42.097,42.147,42.094,42.121,19808
2026-09-03 11:00:00,42.121,42.146,42.074,42.12,5987
2026-09-03 11:01:00,42.12,42.265,42.096,42.238,43033
2026-09-03 11:02:00,42.238,42.251,42.106,42.122,26657
2026-09-03 11:03:00,42.122,42.365,42.107,42.329,57357
2026-09-03 11:04:00,42.329,42.357,42.298,42.3,17515
2026-09-03 11:05:00,42.3,42.528,42.276,42.502,11393
2026-09-03 11:06:00,42.502,42.524,42.407,42.411,26813
2026-09-03 11:07:00,42.411,42.58,42.4,42.54,35803
2026-09-03 11:08:00,42.54,42.606,42.537,42.595,28984
2026-09-03 11:09:00,42.595,42.874,42.572,42.843,30605
2026-09-03 11:10:00,42.843,42.864,42.755,42.764,32337
2026-09-03 11:11:00,42.764,42.908,42.746,42.906,22067
2026-09-03 11:12:00,42.906,42.973,42.854,42.961,9421
2026-09-03 11:13:00,42.961,43.03,42.93,42.97,20837
2026-09-03 11:14:00,42.97,43.092,42.91,43.084,31712
2026-09-03 11:15:00,43.084,43.186,43.05,43.175,9757
2026-09-03 11:16:00,43.175,43.21,43.167,43.181,26624
2026-09-03 11:17:00,43.181,43.281,43.159,43.266,40589
2026-09-03 11:18:00,43.266,43.286,43.215,43.223,9883
2026-09-03 11:19:00,43.223,43.275,43.197,43.249,15874
2026-09-03 11:20:00,43.249,43.249,43.222,43.241,57359
2026-09-03 11:21:00,43.241,43.313,43.227,43.296,28250
2026-09-03 11:22:00,43.296,43.456,43.271,43.397,16790
2026-09-03 11:23:00,43.397,43.437,43.28,43.315,56045
2026-09-03 11:24:00,43.315,43.354,43.263,43.335,14726
2026-09-03 11:25:00,43.335,43.361,43.273,43.28,24154
2026-09-03 11:26:00,43.28,43.365,43.262,43.313,53166
2026-09-03 11:27:00,43.313,43.473,43.277,43.428,22389
2026-09-03 11:28:00,43.428,43.443,43.269,43.285,12547
2026-09-03 11:29:00,43.285,43.297,43.261,43.267,56286
2026-09-03 11:30:00,43.267,43.277,43.215,43.242,59272
2026-09-03 11:31:00,43.242,43.271,43.165,43.204,37096
2026-09-03 11:32:00,43.204,43.325,43.177,43.315,17032
2026-09-03 11:33:00,43.315,43.343,43.061,43.113,36378
2026-09-03 11:34:00,43.113,43.293,43.098,43.222,17711
2026-09-03 11:35:00,43.222,43.274,43.208,43.269,17230
2026-09-03 11:36:00,43.269,43.293,43.17,43.17,46129
2026-09-03 11:37:00,43.17,43.22,43.14,43.212,40266
2026-09-03 11:38:00,43.212,43.24,43.198,43.234,25308
2026-09-03 11:39:00,43.234,43.35,43.224,43.314,25854
2026-09-03 11:40:00,43.314,43.358,43.177,43.195,35162
2026-09-03 11:41:00,43.195,43.225,43.129,43.197,34909
2026-09-03 11:42:00,43.197,43.379,43.178,43.357,6811
2026-09-03 11:43:00,43.357,43.427,43.346,43.396,26872
2026-09-03 11:44:00,43.396,43.406,43.307,43.348,34569
2026-09-03 11:45:00,43.348,43.362,43.261,43.296,9458
2026-09-03 11:46:00,43.296,43.539,43.266,43.528,43293
2026-09-03 11:47:00,43.528,43.558,43.483,43.492,53272
2026-09-03 11:48:00,43.492,43.621,43.475,43.61,45704
2026-09-03 11:49:00,43.61,43.616,43.558,43.576,43047
2026-09-03 11:50:00,43.576,43.585,43.55,43.558,52007
2026-09-03 11:51:00,43.558,43.572,43.503,43.548,57702
2026-09-03 11:52:00,43.548,43.717,43.509,43.683,17768
2026-09-03 11:53:00,43.683,43.704,43.663,43.699,21856
2026-09-03 11:54:00,43.699,43.771,43.505,43.515,26659
2026-09-03 11:55:00,43.515,43.578,43.499,43.561,20479
2026-09-03 11:56:00,43.561,43.687,43.54,43.685,48489
2026-09-03 11:57:00,43.685,43.71,43.522,43.55,12459
2026-09-03 11:58:00,43.55,43.558,43.452,43.461,12869
2026-09-03 11:59:00,43.461,43.486,43.443,43.48,21813
2026-09-03 13:00:00,43.48,43.497,43.459,43.465,47720
2026-09-03 13:01:00,43.465,43.482,43.375,43.416,22879
2026-09-03 13:02:00,43.416,43.428,43.295,43.327,40660
2026-09-03 13:03:00,43.327,43.343,43.228,43.25,15117
2026-09-03 13:04:00,43.25,43.269,43.159,43.162,28207
2026-09-03 13:05:00,43.162,43.176,43.123,43.145,19552
2026-09-03 13:06:00,43.145,43.159,43.012,43.027,23265
2026-09-03 13:07:00,43.027,43.07,42.955,42.978,21171
2026-09-03 13:08:00,42.978,42.994,42.891,42.914,18154
2026-09-03 13:09:00,42.914,42.932,42.904,42.914,52188
2026-09-03 13:10:00,42.914,42.924,42.756,42.78,38137
2026-09-03 13:11:00,42.78,42.79,42.712,42.715,29545
2026-09-03 13:12:00,42.715,42.746,42.66,42.697,44003
2026-09-03 13:13:00,42.697,42.724,42.636,42.682,50089
2026-09-03 13:14:00,42.682,42.696,42.654,42.659,13193
2026-09-03 13:15:00,42.659,42.663,42.553,42.588,7736
2026-09-03 13:16:00,42.588,42.672,42.577,42.639,7736
2026-09-03 13:17:00,42.639,42.682,42.571,42.588,15365
2026-09-03 13:18:00,42.588,42.6,42.431,42.477,23129
2026-09-03 13:19:00,42.477,42.513,42.425,42.433,57400
2026-09-03 13:20:00,42.433,42.509,42.398,42.501,7652
2026-09-03 13:21:00,42.501,42.553,42.456,42.494,7766
2026-09-03 13:22:00,42.494,42.533,42.45,42.472,20689
2026-09-03 13:23:00,42.472,42.474,42.428,42.434,8820
2026-09-03 13:24:00,42.434,42.458,42.431,42.454,43641
2026-09-03 13:25:00,42.454,42.598,42.454,42.597,33488
2026-09-03 13:26:00,42.597,42.663,42.588,42.646,41213
2026-09-03 13:27:00,42.646,42.685,42.604,42.672,20940
2026-09-03 13:28:00,42.672,42.712,42.554,42.602,59160
2026-09-03 13:29:00,42.602,42.794,42.601,42.766,15680
2026-09-03 13:30:00,42.766,42.779,42.694,42.712,49203
2026-09-03 13:31:00,42.712,42.803,42.682,42.791,38480
2026-09-03 13:32:00,42.791,42.852,42.781,42.808,53679
2026-09-03 13:33:00,42.808,42.832,42.726,42.738,38500
2026-09-03 13:34:00,42.738,42.753,42.728,42.744,37393
2026-09-03 13:35:00,42.744,42.792,42.672,42.689,15343
2026-09-03 13:36:00,42.689,42.764,42.663,42.76,16585
2026-09-03 13:37:00,42.76,42.774,42.73,42.74,34648
2026-09-03 13:38:00,42.74,42.852,42.738,42.85,22703
2026-09-03 13:39:00,42.85,42.882,42.798,42.835,30014
2026-09-03 13:40:00,42.835,42.908,42.827,42.887,26104
2026-09-03 13:41:00,42.887,42.92,42.836,42.858,51558
2026-09-03 13:42:00,42.858,42.863,42.762,42.776,57824
2026-09-03 13:43:00,42.776,42.822,42.747,42.801,8764
2026-09-03 13:44:00,42.801,42.828,42.689,42.742,43261
2026-09-03 13:45:00,42.742,42.773,42.695,42.754,17821
2026-09-03 13:46:00,42.754,42.76,42.69,42.726,18805
2026-09-03 13:47:00,42.726,42.74,42.644,42.657,36077
2026-09-03 13:48:00,42.657,42.697,42.656,42.683,23487
2026-09-03 13:49:00,42.683,42.712,42.681,42.708,6836
2026-09-03 13:50:00,42.708,42.762,42.675,42.677,22528
2026-09-03 13:51:00,42.677,42.739,42.659,42.734,51513
2026-09-03 13:52:00,42.734,42.8,42.722,42.777,48258
2026-09-03 13:53:00,42.777,42.788,42.637,42.669,58251
2026-09-03 13:54:00,42.669,42.697,42.637,42.696,40250
2026-09-03 13:55:00,42.696,42.74,42.57,42.624,23055
2026-09-03 13:56:00,42.624,42.796,42.564,42.795,43075
2026-09-03 13:57:00,42.795,42.86,42.79,42.83,47612
2026-09-03 13:58:00,42.83,42.884,42.759,42.797,24193
2026-09-03 13:59:00,42.797,43.003,42.784,42.972,18699
2026-09-03 14:00:00,42.972,43.04,42.951,43.022,19152
2026-09-03 14:01:00,43.022,43.023,43.015,43.015,57141
2026-09-03 14:02:00,43.015,43.101,42.993,43.086,57219
2026-09-03 14:03:00,43.086,43.145,43.055,43.141,16644
2026-09-03 14:04:00,43.141,43.317,43.118,43.301,19041
2026-09-03 14:05:00,43.301,43.321,43.263,43.283,5324
2026-09-03 14:06:00,43.283,43.453,43.276,43.428,46557
2026-09-03 14:07:00,43.428,43.654,43.399,43.628,8755
2026-09-03 14:08:00,43.628,43.675,43.563,43.599,11418
2026-09-03 14:09:00,43.599,43.712,43.59,43.686,30226
2026-09-03 14:10:00,43.686,43.765,43.648,43.721,17936
2026-09-03 14:11:00,43.721,43.77,43.711,43.734,7109
2026-09-03 14:12:00,43.734,43.854,43.687,43.824,7779
2026-09-03 14:13:00,43.824,43.896,43.806,43.891,58921
2026-09-03 14:14:00,43.891,43.897,43.884,43.89,6376
2026-09-03 14:15:00,43.89,44.01,43.827,43.979,39713
2026-09-03 14:16:00,43.979,44.067,43.952,44.033,29422
2026-09-03 14:17:00,44.033,44.047,43.992,44.016,36286
2026-09-03 14:18:00,44.016,44.051,43.835,43.851,59645
2026-09-03 14:19:00,43.851,43.901,43.849,43.891,39443
2026-09-03 14:20:00,43.891,43.891,43.839,43.841,29049
2026-09-03 14:21:00,43.841,43.973,43.802,43.962,28000
2026-09-03 14:22:00,43.962,43.999,43.916,43.941,5351
2026-09-03 14:23:00,43.941,43.976,43.927,43.956,53716
2026-09-03 14:24:00,43.956,43.958,43.781,43.822,45124
2026-09-03 14:25:00,43.822,43.838,43.775,43.787,44205
2026-09-03 14:26:00,43.787,43.833,43.775,43.823,23828
2026-09-03 14:27:00,43.823,43.826,43.781,43.792,28668
2026-09-03 14:28:00,43.792,43.817,43.684,43.712,44549
2026-09-03 14:29:00,43.712,43.764,43.703,43.727,20623
2026-09-03 14:30:00,43.727,43.767,43.7,43.747,51916
2026-09-03 14:31:00,43.747,43.78,43.702,43.706,12940
2026-09-03 14:32:00,43.706,43.717,43.604,43.621,17968
2026-09-03 14:33:00,43.621,43.629,43.552,43.566,22334
2026-09-03 14:34:00,43.566,43.669,43.556,43.66,34078
2026-09-03 14:35:00,43.66,43.687,43.62,43.679,24423
2026-09-03 14:36:00,43.679,43.692,43.631,43.656,27470
2026-09-03 14:37:00,43.656,43.72,43.652,43.676,9424
2026-09-03 14:38:00,43.676,43.682,43.649,43.675,8025
2026-09-03 14:39:00,43.675,43.778,43.622,43.753,55872
2026-09-03 14:40:00,43.753,43.765,43.665,43.708,31923
2026-09-03 14:41:00,43.708,43.772,43.652,43.724,19189
2026-09-03 14:42:00,43.724,43.726,43.641,43.664,14724
2026-09-03 14:43:00,43.664,43.732,43.637,43.699,34701
2026-09-03 14:44:00,43.699,43.771,43.684,43.759,33489
2026-09-03 14:45:00,43.759,43.772,43.677,43.677,8637
2026-09-03 14:46:00,43.677,43.696,43.673,43.676,32831
2026-09-03 14:47:00,43.676,43.748,43.656,43.744,35361
2026-09-03 14:48:00,43.744,43.879,43.736,43.831,41513
2026-09-03 14:49:00,43.831,43.861,43.752,43.762,40530
2026-09-03 14:50:00,43.762,43.887,43.759,43.844,19432
2026-09-03 14:51:00,43.844,43.871,43.681,43.739,9386
2026-09-03 14:52:00,43.739,43.745,43.681,43.691,5851
2026-09-03 14:53:00,43.691,43.713,43.557,43.592,58658
2026-09-03 14:54:00,43.592,43.62,43.582,43.603,10107
2026-09-03 14:55:00,43.603,43.694,43.6,43.687,13972
2026-09-03 14:56:00,43.687,43.73,43.59,43.606,6823
2026-09-03 14:57:00,43.606,43.616,43.569,43.582,19459
2026-09-03 14:58:00,43.582,43.608,43.476,43.505,32842
2026-09-03 14:59:00,43.505,43.572,43.391,43.398,45507
2026-09-03 15:00:00,43.398,43.404,43.284,43.31,36812
2026-09-03 15:01:00,43.31,43.315,43.178,43.259,23521
2026-09-03 15:02:00,43.259,43.289,43.176,43.191,39102
2026-09-03 15:03:00,43.191,43.203,43.064,43.115,53218
2026-09-03 15:04:00,43.115,43.148,43.014,43.062,7825
2026-09-03 15:05:00,43.062,43.087,42.957,42.978,18101
2026-09-03 15:06:00,42.978,42.984,42.859,42.877,28869
2026-09-03 15:07:00,42.877,42.891,42.781,42.83,22268
2026-09-03 15:08:00,42.83,42.848,42.697,42.719,47879
2026-09-03 15:09:00,42.719,42.776,42.707,42.763,43076
2026-09-03 15:10:00,42.763,42.796,42.564,42.584,54403
2026-09-03 15:11:00,42.584,42.693,42.565,42.668,52300
2026-09-03 15:12:00,42.668,42.818,42.626,42.772,12516
2026-09-03 15:13:00,42.772,42.782,42.606,42.637,53609
2026-09-03 15:14:00,42.637,42.666,42.547,42.584,47345
2026-09-03 15:15:00,42.584,42.681,42.556,42.67,20845
2026-09-03 15:16:00,42.67,42.78,42.648,42.756,24889
2026-09-03 15:17:00,42.756,42.777,42.657,42.692,34203
2026-09-03 15:18:00,42.692,42.793,42.662,42.77,24604
2026-09-03 15:19:00,42.77,42.788,42.738,42.762,27598
2026-09-03 15:20:00,42.762,42.801,42.754,42.759,48192
2026-09-03 15:21:00,42.759,42.992,42.75,42.958,42182
2026-09-03 15:22:00,42.958,42.97,42.827,42.849,45612
2026-09-03 15:23:00,42.849,42.871,42.831,42.865,17507
2026-09-03 15:24:00,42.865,42.938,42.832,42.916,6053
2026-09-03 15:25:00,42.916,43.01,42.904,43.005,51149
2026-09-03 15:26:00,43.005,43.11,43.004,43.081,38464
2026-09-03 15:27:00,43.081,43.178,43.057,43.14,44231
2026-09-03 15:28:00,43.14,43.164,43.133,43.141,19105
2026-09-03 15:29:00,43.141,43.175,43.076,43.123,14619
2026-09-03 15:30:00,43.123,43.309,43.108,43.287,25111
2026-09-03 15:31:00,43.287,43.333,43.281,43.282,22271
2026-09-03 15:32:00,43.282,43.337,43.246,43.281,7019
2026-09-03 15:33:00,43.281,43.283,43.215,43.232,23488
2026-09-03 15:34:00,43.232,43.313,43.21,43.307,38980
2026-09-03 15:35:00,43.307,43.328,43.278,43.311,56150
2026-09-03 15:36:00,43.311,43.408,43.301,43.38,57833
2026-09-03 15:37:00,43.38,43.435,43.272,43.285,30085
2026-09-03 15:38:00,43.285,43.373,43.281,43.373,55725
2026-09-03 15:39:00,43.373,43.43,43.359,43.36,38894
2026-09-03 15:40:00,43.36,43.37,43.278,43.31,47148
2026-09-03 15:41:00,43.31,43.325,43.288,43.324,56188
2026-09-03 15:42:00,43.324,43.342,43.282,43.319,52934
2026-09-03 15:43:00,43.319,43.409,43.318,43.388,26814
2026-09-03 15:44:00,43.388,43.389,43.174,43.177,22801
2026-09-03 15:45:00,43.177,43.287,43.158,43.262,57038
2026-09-03 15:46:00,43.262,43.267,43.172,43.179,55629
2026-09-03 15:47:00,43.179,43.233,43.161,43.223,21066
2026-09-03 15:48:00,43.223,43.322,43.211,43.313,27966
2026-09-03 15:49:00,43.313,43.321,43.221,43.268,5700
2026-09-03 15:50:00,43.268,43.327,43.266,43.325,46158
2026-09-03 15:51:00,43.325,43.363,43.26,43.276,10644
2026-09-03 15:52:00,43.276,43.462,43.265,43.443,48103
2026-09-03 15:53:00,43.443,43.449,43.382,43.409,43077
2026-09-03 15:54:00,43.409,43.546,43.397,43.482,29077
2026-09-03 15:55:00,43.482,43.501,43.377,43.403,25973
2026-09-03 15:56:00,43.403,43.49,43.375,43.471,56929
2026-09-03 15:57:00,43.471,43.652,43.453,43.628,50844
2026-09-03 15:58:00,43.628,43.68,43.569,43.582,50992
2026-09-03 15:59:00,43.582,43.653,43.571,43.623,34313
2026-09-04 09:30:00,43.339,43.374,43.318,43.339,18388
2026-09-04 09:31:00,43.339,43.366,43.329,43.364,11569
2026-09-04 09:32:00,43.364,43.474,43.342,43.464,36474
2026-09-04 09:33:00,43.464,43.521,43.448,43.498,28305
2026-09-04 09:34:00,43.498,43.524,43.483,43.522,28971
2026-09-04 09:35:00,43.522,43.661,43.504,43.652,15731
2026-09-04 09:36:00,43.652,43.766,43.607,43.758,14944
2026-09-04 09:37:00,43.758,43.898,43.727,43.896,41337
2026-09-04 09:38:00,43.896,43.951,43.733,43.743,26323
2026-09-04 09:39:00,43.743,43.927,43.727,43.891,44081
2026-09-04 09:40:00,43.891,44.017,43.883,43.988,27292
2026-09-04 09:41:00,43.988,44.045,43.833,43.883,45528
2026-09-04 09:42:00,43.883,43.986,43.864,43.961,26085
2026-09-04 09:43:00,43.961,44.155,43.942,44.133,24600
2026-09-04 09:44:00,44.133,44.148,44.099,44.104,18888
2026-09-04 09:45:00,44.104,44.128,43.943,43.979,37887
2026-09-04 09:46:00,43.979,44.054,43.979,44.046,26895
2026-09-04 09:47:00,44.046,44.071,43.982,43.997,16446
2026-09-04 09:48:00,43.997,44.055,43.897,43.912,7635
2026-09-04 09:49:00,43.912,43.927,43.857,43.859,56142
2026-09-04 09:50:00,43.859,43.911,43.782,43.801,25450
2026-09-04 09:51:00,43.801,43.827,43.687,43.698,56606
2026-09-04 09:52:00,43.698,43.716,43.636,43.674,28173
2026-09-04 09:53:00,43.674,43.718,43.613,43.693,6669
2026-09-04 09:54:00,43.693,43.709,43.581,43.608,59786
2026-09-04 09:55:00,43.608,43.707,43.595,43.689,36005
2026-09-04 09:56:00,43.689,43.73,43.502,43.541,57623
2026-09-04 09:57:00,43.541,43.571,43.394,43.414,44490
2026-09-04 09:58:00,43.414,43.557,43.382,43.527,16029
2026-09-04 09:59:00,43.527,43.604,43.524,43.565,17701
2026-09-04 10:00:00,43.565,43.62,43.541,43.601,31215
2026-09-04 10:01:00,43.601,43.658,43.59,43.634,6819
2026-09-04 10:02:00,43.634,43.671,43.621,43.626,22506
2026-09-04 10:03:00,43.626,43.789,43.623,43.786,5115
2026-09-04 10:04:00,43.786,43.8,43.697,43.707,36799
2026-09-04 10:05:00,43.707,43.857,43.65,43.823,43877
2026-09-04 10:06:00,43.823,43.837,43.761,43.761,17831
2026-09-04 10:07:00,43.761,43.762,43.708,43.733,5673
2026-09-04 10:08:00,43.733,43.862,43.709,43.856,16053
2026-09-04 10:09:00,43.856,43.875,43.6,43.621,26250
2026-09-04 10:10:00,43.621,43.707,43.589,43.686,23727
2026-09-04 10:11:00,43.686,43.733,43.639,43.711,48914
2026-09-04 10:12:00,43.711,43.729,43.607,43.632,43370
2026-09-04 10:13:00,43.632,43.653,43.604,43.648,7891
2026-09-04 10:14:00,43.648,43.701,43.463,43.492,28664
2026-09-04 10:15:00,43.492,43.538,43.393,43.393,43870
2026-09-04 10:16:00,43.393,43.487,43.386,43.476,58952
2026-09-04 10:17:00,43.476,43.479,43.199,43.277,28713
2026-09-04 10:18:00,43.277,43.308,43.198,43.213,30302
2026-09-04 10:19:00,43.213,43.233,43.029,43.075,26426
2026-09-04 10:20:00,43.075,43.086,42.935,42.981,55894
2026-09-04 10:21:00,42.981,42.983,42.941,42.955,31618
2026-09-04 10:22:00,42.955,42.972,42.884,42.891,24437
2026-09-04 10:23:00,42.891,42.897,42.804,42.819,24357
2026-09-04 10:24:00,42.819,42.859,42.679,42.721,35147
2026-09-04 10:25:00,42.721,42.767,42.676,42.754,52397
2026-09-04 10:26:00,42.754,42.805,42.611,42.612,30890
2026-09-04 10:27:00,42.612,42.703,42.59,42.644,41848
2026-09-04 10:28:00,42.644,42.685,42.61,42.646,24007
2026-09-04 10:29:00,42.646,42.69,42.645,42.658,26322
2026-09-04 10:30:00,42.658,42.78,42.61,42.772,23317
2026-09-04 10:31:00,42.772,42.798,42.724,42.758,11616
2026-09-04 10:32:00,42.758,42.851,42.744,42.818,12828
2026-09-04 10:33:00,42.818,43.008,42.751,42.982,32735
2026-09-04 10:34:00,42.982,43.006,42.946,42.949,38308
2026-09-04 10:35:00,42.949,42.992,42.939,42.968,59945
2026-09-04 10:36:00,42.968,42.979,42.946,42.954,18869
2026-09-04 10:37:00,42.954,43.03,42.952,43.017,54038
2026-09-04 10:38:00,43.017,43.091,42.937,43.061,31058
2026-09-04 10:39:00,43.061,43.123,43.056,43.093,8735
2026-09-04 10:40:00,43.093,43.162,43.068,43.151,53436
2026-09-04 10:41:00,43.151,43.178,42.962,42.969,24586
2026-09-04 10:42:00,42.969,43.03,42.96,42.995,57637
2026-09-04 10:43:00,42.995,43.04,42.932,42.94,30828
2026-09-04 10:44:00,42.94,42.978,42.716,42.718,53210
2026-09-04 10:45:00,42.718,42.757,42.698,42.748,27302
2026-09-04 10:46:00,42.748,42.805,42.741,42.793,46014
2026-09-04 10:47:00,42.793,42.8,42.762,42.798,11156
2026-09-04 10:48:00,42.798,42.824,42.681,42.684,15611
2026-09-04 10:49:00,42.684,42.751,42.672,42.741,15245
2026-09-04 10:50:00,42.741,42.769,42.717,42.729,33372
2026-09-04 10:51:00,42.729,42.738,42.612,42.641,34419
2026-09-04 10:52:00,42.641,42.787,42.621,42.734,15687
2026-09-04 10:53:00,42.734,42.794,42.709,42.79,44655
2026-09-04 10:54:00,42.79,42.82,42.732,42.741,48607
2026-09-04 10:55:00,42.741,42.749,42.64,42.691,44398
2026-09-04 10:56:00,42.691,42.879,42.651,42.859,34947
2026-09-04 10:57:00,42.859,42.872,42.789,42.791,41960
2026-09-04 10:58:00,42.791,42.856,42.768,42.837,52842
2026-09-04 10:59:00,42.837,42.963,42.82,42.96,42056
2026-09-04 11:00:00,42.96,43.037,42.922,43.016,39218
2026-09-04 11:01:00,43.016,43.18,43.001,43.174,5471
2026-09-04 11:02:00,43.174,43.257,43.168,43.255,24765
2026-09-04 11:03:00,43.255,43.363,43.241,43.33,16995
2026-09-04 11:04:00,43.33,43.416,43.329,43.374,22635
2026-09-04 11:05:00,43.374,43.397,43.366,43.387,23513
2026-09-04 11:06:00,43.387,43.517,43.373,43.497,50204
2026-09-04 11:07:00,43.497,43.612,43.485,43.593,19093
2026-09-04 11:08:00,43.593,43.597,43.562,43.584,21369
2026-09-04 11:09:00,43.584,43.856,43.583,43.82,26351
2026-09-04 11:10:00,43.82,43.828,43.643,43.664,18111
2026-09-04 11:11:00,43.664,43.666,43.618,43.664,26966
2026-09-04 11:12:00,43.664,43.741,43.643,43.721,59376
2026-09-04 11:13:00,43.721,43.744,43.612,43.65,23686
2026-09-04 11:14:00,43.65,43.657,43.55,43.596,17893
2026-09-04 11:15:00,43.596,43.597,43.55,43.557,5571
2026-09-04 11:16:00,43.557,43.565,43.554,43.562,58417
2026-09-04 11:17:00,43.562,43.606,43.508,43.541,52580
2026-09-04 11:18:00,43.541,43.545,43.492,43.501,19143
2026-09-04 11:19:00,43.501,43.545,43.413,43.434,57626
2026-09-04 11:20:00,43.434,43.514,43.395,43.482,27144
2026-09-04 11:21:00,43.482,43.489,43.467,43.487,38862
2026-09-04 11:22:00,43.487,43.51,43.439,43.452,52409
2026-09-04 11:23:00,43.452,43.455,43.269,43.28,20003
2026-09-04 11:24:00,43.28,43.444,43.251,43.422,52004
2026-09-04 11:25:00,43.422,43.473,43.408,43.466,29767
2026-09-04 11:26:00,43.466,43.557,43.427,43.533,7436
2026-09-04 11:27:00,43.533,43.65,43.494,43.637,55169
2026-09-04 11:28:00,43.637,43.724,43.633,43.724,10908
2026-09-04 11:29:00,43.724,43.782,43.694,43.767,37981
2026-09-04 11:30:00,43.767,43.789,43.711,43.747,34610
2026-09-04 11:31:00,43.747,43.875,43.716,43.793,43325
2026-09-04 11:32:00,43.793,43.923,43.776,43.915,44606
2026-09-04 11:33:00,43.915,43.962,43.769,43.827,43501
2026-09-04 11:34:00,43.827,43.912,43.8,43.907,42102
2026-09-04 11:35:00,43.907,43.998,43.899,43.975,58946
2026-09-04 11:36:00,43.975,43.978,43.913,43.944,55967
2026-09-04 11:37:00,43.944,43.98,43.731,43.79,41027
2026-09-04 11:38:00,43.79,43.928,43.764,43.883,11034
2026-09-04 11:39:00,43.883,43.888,43.807,43.809,10949
2026-09-04 11:40:00,43.809,43.811,43.749,43.75,47564
2026-09-04 11:41:00,43.75,43.806,43.721,43.756,32802
2026-09-04 11:42:00,43.756,43.773,43.655,43.664,46739
2026-09-04 11:43:00,43.664,43.665,43.51,43.539,55721
2026-09-04 11:44:00,43.539,43.559,43.514,43.546,50229
2026-09-04 11:45:00,43.546,43.565,43.423,43.435,12122
2026-09-04 11:46:00,43.435,43.519,43.302,43.334,28688
2026-09-04 11:47:00,43.334,43.344,43.201,43.242,7810
2026-09-04 11:48:00,43.242,43.289,43.096,43.131,20122
2026-09-04 11:49:00,43.131,43.155,42.997,43.017,7771
2026-09-04 11:50:00,43.017,43.026,42.934,42.943,52608
2026-09-04 11:51:00,42.943,42.952,42.909,42.909,8846
2026-09-04 11:52:00,42.909,42.911,42.811,42.832,12121
2026-09-04 11:53:00,42.832,42.859,42.727,42.748,14001
2026-09-04 11:54:00,42.748,42.86,42.74,42.846,9609
2026-09-04 11:55:00,42.846,42.859,42.721,42.731,47402
2026-09-04 11:56:00,42.731,42.807,42.73,42.772,29641
2026-09-04 11:57:00,42.772,42.793,42.75,42.771,37971
2026-09-04 11:58:00,42.771,42.801,42.753,42.791,55444
2026-09-04 11:59:00,42.791,42.818,42.778,42.796,45244
2026-09-04 13:00:00,42.796,42.853,42.744,42.84,28800
2026-09-04 13:01:00,42.84,42.849,42.757,42.812,35610
2026-09-04 13:02:00,42.812,42.928,42.788,42.928,40745
2026-09-04 13:03:00,42.928,42.933,42.816,42.823,24465
2026-09-04 13:04:00,42.823,42.994,42.814,42.941,33219
2026-09-04 13:05:00,42.941,42.957,42.779,42.793,48259
2026-09-04 13:06:00,42.793,42.848,42.767,42.836,51927
2026-09-04 13:07:00,42.836,42.962,42.827,42.943,14337
2026-09-04 13:08:00,42.943,42.968,42.843,42.849,42402
2026-09-04 13:09:00,42.849,42.854,42.762,42.779,24792
2026-09-04 13:10:00,42.779,42.801,42.741,42.797,45430
2026-09-04 13:11:00,42.797,42.809,42.668,42.676,27843
2026-09-04 13:12:00,42.676,42.69,42.657,42.671,11430
2026-09-04 13:13:00,42.671,42.698,42.479,42.492,42416
2026-09-04 13:14:00,42.492,42.545,42.492,42.516,49009
2026-09-04 13:15:00,42.516,42.521,42.409,42.462,46854
2026-09-04 13:16:00,42.462,42.495,42.457,42.49,10202
2026-09-04 13:17:00,42.49,42.55,42.463,42.467,36171
2026-09-04 13:18:00,42.467,42.495,42.347,42.378,8169
2026-09-04 13:19:00,42.378,42.467,42.334,42.461,38441
2026-09-04 13:20:00,42.461,42.484,42.327,42.338,12987
2026-09-04 13:21:00,42.338,42.342,42.28,42.301,20455
2026-09-04 13:22:00,42.301,42.317,42.288,42.3,32794
2026-09-04 13:23:00,42.3,42.518,42.289,42.514,37625
2026-09-04 13:24:00,42.514,42.533,42.487,42.503,52195
2026-09-04 13:25:00,42.503,42.578,42.495,42.545,51385
2026-09-04 13:26:00,42.545,42.595,42.507,42.59,11277
2026-09-04 13:27:00,42.59,42.668,42.587,42.663,29160
2026-09-04 13:28:00,42.663,42.855,42.654,42.854,58363
2026-09-04 13:29:00,42.854,42.864,42.822,42.839,46340
2026-09-04 13:30:00,42.839,43.017,42.827,43.016,44010
2026-09-04 13:31:00,43.016,43.045,42.972,42.982,32943
2026-09-04 13:32:00,42.982,43.002,42.901,42.923,35523
2026-09-04 13:33:00,42.923,43.191,42.893,43.147,33206
2026-09-04 13:34:00,43.147,43.191,43.1,43.12,56130
2026-09-04 13:35:00,43.12,43.203,43.093,43.17,38441
2026-09-04 13:36:00,43.17,43.32,43.159,43.295,24003
2026-09-04 13:37:00,43.295,43.334,43.212,43.232,12698
2026-09-04 13:38:00,43.232,43.325,43.209,43.306,56267
2026-09-04 13:39:00,43.306,43.307,43.209,43.22,16840
2026-09-04 13:40:00,43.22,43.268,43.145,43.147,5291
2026-09-04 13:41:00,43.147,43.219,43.143,43.191,14650
2026-09-04 13:42:00,43.191,43.213,43.076,43.138,31396
2026-09-04 13:43:00,43.138,43.232,43.138,43.224,34430
2026-09-04 13:44:00,43.224,43.228,43.17,43.176,19071
2026-09-04 13:45:00,43.176,43.198,43.115,43.125,41803
2026-09-04 13:46:00,43.125,43.136,43.117,43.118,6314
2026-09-04 13:47:00,43.118,43.137,43.111,43.125,43913
2026-09-04 13:48:00,43.125,43.152,43.045,43.075,33732
2026-09-04 13:49:00,43.075,43.191,43.024,43.159,16463
2026-09-04 13:50:00,43.159,43.195,43.125,43.133,45606
2026-09-04 13:51:00,43.133,43.216,43.091,43.203,23355
2026-09-04 13:52:00,43.203,43.211,43.161,43.168,50963
2026-09-04 13:53:00,43.168,43.285,43.165,43.255,13020
2026-09-04 13:54:00,43.255,43.356,43.225,43.327,5332
2026-09-04 13:55:00,43.327,43.349,43.284,43.346,40965
2026-09-04 13:56:00,43.346,43.509,43.337,43.503,6668
2026-09-04 13:57:00,43.503,43.619,43.489,43.576,28129
2026-09-04 13:58:00,43.576,43.722,43.545,43.708,40707
2026-09-04 13:59:00,43.708,43.721,43.654,43.674,20007
2026-09-04 14:00:00,43.674,43.837,43.673,43.806,20312
2026-09-04 14:01:00,43.806,43.9,43.751,43.876,17371
2026-09-04 14:02:00,43.876,43.918,43.83,43.832,5362
2026-09-04 14:03:00,43.832,43.867,43.754,43.754,57199
2026-09-04 14:04:00,43.754,43.87,43.737,43.828,41997
2026-09-04 14:05:00,43.828,43.928,43.819,43.892,31497
2026-09-04 14:06:00,43.892,43.902,43.815,43.817,15819
2026-09-04 14:07:00,43.817,43.873,43.798,43.842,59511
2026-09-04 14:08:00,43.842,43.849,43.744,43.756,14840
2026-09-04 14:09:00,43.756,43.768,43.615,43.662,22667
2026-09-04 14:10:00,43.662,43.676,43.529,43.532,27403
2026-09-04 14:11:00,43.532,43.598,43.411,43.451,16858
2026-09-04 14:12:00,43.451,43.509,43.393,43.397,38244
2026-09-04 14:13:00,43.397,43.429,43.331,43.34,44374
2026-09-04 14:14:00,43.34,43.367,43.266,43.292,6235
2026-09-04 14:15:00,43.292,43.296,43.167,43.204,55167
2026-09-04 14:16:00,43.204,43.248,43.087,43.107,25802
2026-09-04 14:17:00,43.107,43.12,43.023,43.044,14010
2026-09-04 14:18:00,43.044,43.062,43.011,43.014,7215
2026-09-04 14:19:00,43.014,43.02,42.874,42.899,52407
2026-09-04 14:20:00,42.899,42.95,42.872,42.942,26200
2026-09-04 14:21:00,42.942,42.953,42.918,42.919,37308
2026-09-04 14:22:00,42.919,42.972,42.914,42.94,9868
2026-09-04 14:23:00,42.94,42.97,42.929,42.966,54733
2026-09-04 14:24:00,42.966,43.025,42.966,43.011,52426
2026-09-04 14:25:00,43.011,43.012,42.961,42.97,57042
2026-09-04 14:26:00,42.97,43.074,42.958,43.064,45824
2026-09-04 14:27:00,43.064,43.092,43.054,43.068,28475
2026-09-04 14:28:00,43.068,43.075,43.006,43.008,19783
2026-09-04 14:29:00,43.008,43.101,42.99,43.093,56760
2026-09-04 14:30:00,43.093,43.1,43.014,43.052,32133
2026-09-04 14:31:00,43.052,43.217,43.035,43.193,14922
2026-09-04 14:32:00,43.193,43.206,43.098,43.111,33124
2026-09-04 14:33:00,43.111,43.133,43.099,43.1,29412
2026-09-04 14:34:00,43.1,43.141,43.059,43.09,10953
2026-09-04 14:35:00,43.09,43.104,42.982,43.025,29379
2026-09-04 14:36:00,43.025,43.041,42.995,42.998,6586
2026-09-04 14:37:00,42.998,43.052,42.941,43.031,18482
2026-09-04 14:38:00,43.031,43.053,42.848,42.875,53254
2026-09-04 14:39:00,42.875,42.906,42.824,42.837,31616
2026-09-04 14:40:00,42.837,42.858,42.696,42.754,19394
2026-09-04 14:41:00,42.754,42.772,42.508,42.556,46396
2026-09-04 14:42:00,42.556,42.63,42.552,42.601,41130
2026-09-04 14:43:00,42.601,42.601,42.458,42.46,10959
2026-09-04 14:44:00,42.46,42.471,42.401,42.404,6276
2026-09-04 14:45:00,42.404,42.446,42.225,42.245,31454
2026-09-04 14:46:00,42.245,42.345,42.191,42.308,30253
2026-09-04 14:47:00,42.308,42.354,42.276,42.28,33903
2026-09-04 14:48:00,42.28,42.286,42.198,42.219,40347
2026-09-04 14:49:00,42.219,42.355,42.177,42.355,15808
2026-09-04 14:50:00,42.355,42.358,42.286,42.301,40129
2026-09-04 14:51:00,42.301,42.321,42.25,42.259,40314
2026-09-04 14:52:00,42.259,42.348,42.229,42.295,22847
2026-09-04 14:53:00,42.295,42.41,42.291,42.401,18901
2026-09-04 14:54:00,42.401,42.502,42.385,42.488,49129
2026-09-04 14:55:00,42.488,42.59,42.482,42.546,36397
2026-09-04 14:56:00,42.546,42.652,42.519,42.646,43642
2026-09-04 14:57:00,42.646,42.729,42.621,42.708,36443
2026-09-04 14:58:00,42.708,42.714,42.621,42.625,30816
2026-09-04 14:59:00,42.625,42.766,42.599,42.736,46184
2026-09-04 15:00:00,42.736,42.754,42.717,42.754,9252
2026-09-04 15:01:00,42.754,42.88,42.729,42.841,56416
2026-09-04 15:02:00,42.841,42.931,42.831,42.922,44332
2026-09-04 15:03:00,42.922,42.949,42.884,42.885,55935
2026-09-04 15:04:00,42.885,42.902,42.809,42.825,13467
2026-09-04 15:05:00,42.825,42.916,42.822,42.876,32615
2026-09-04 15:06:00,42.876,42.964,42.837,42.92,33506
2026-09-04 15:07:00,42.92,42.926,42.79,42.807,19453
2026-09-04 15:08:00,42.807,42.829,42.777,42.801,41501
2026-09-04 15:09:00,42.801,42.86,42.779,42.81,18322
2026-09-04 15:10:00,42.81,42.811,42.614,42.656,39397
2026-09-04 15:11:00,42.656,42.773,42.646,42.767,48258
2026-09-04 15:12:00,42.767,42.795,42.67,42.689,52776
2026-09-04 15:13:00,42.689,42.715,42.628,42.668,46812
2026-09-04 15:14:00,42.668,42.678,42.585,42.592,30545
2026-09-04 15:15:00,42.592,42.641,42.548,42.625,48672
2026-09-04 15:16:00,42.625,42.649,42.581,42.632,35878
2026-09-04 15:17:00,42.632,42.706,42.612,42.692,50841
2026-09-04 15:18:00,42.692,42.784,42.644,42.736,42635
2026-09-04 15:19:00,42.736,42.803,42.715,42.784,36075
2026-09-04 15:20:00,42.784,42.926,42.761,42.922,39920
2026-09-04 15:21:00,42.922,42.985,42.893,42.975,54362
2026-09-04 15:22:00,42.975,42.986,42.94,42.948,59865
2026-09-04 15:23:00,42.948,43.096,42.938,43.05,41143
2026-09-04 15:24:00,43.05,43.308,43.046,43.268,5742
2026-09-04 15:25:00,43.268,43.315,43.195,43.231,39725
2026-09-04 15:26:00,43.231,43.421,43.216,43.391,35374
2026-09-04 15:27:00,43.391,43.486,43.373,43.469,51036
2026-09-04 15:28:00,43.469,43.493,43.379,43.392,49217
2026-09-04 15:29:00,43.392,43.468,43.373,43.436,40864
2026-09-04 15:30:00,43.436,43.525,43.417,43.506,16696
2026-09-04 15:31:00,43.506,43.553,43.438,43.449,47232
2026-09-04 15:32:00,43.449,43.514,43.439,43.466,12858
2026-09-04 15:33:00,43.466,43.52,43.45,43.493,56141
2026-09-04 15:34:00,43.493,43.545,43.484,43.533,20559
2026-09-04 15:35:00,43.533,43.539,43.414,43.44,26748
2026-09-04 15:36:00,43.44,43.451,43.367,43.416,36792
2026-09-04 15:37:00,43.416,43.426,43.339,43.37,46309
2026-09-04 15:38:00,43.37,43.386,43.229,43.255,8427
2026-09-04 15:39:00,43.255,43.354,43.226,43.336,21417
2026-09-04 15:40:00,43.336,43.368,43.033,43.067,28046
2026-09-04 15:41:00,43.067,43.137,43.057,43.124,31755
2026-09-04 15:42:00,43.124,43.167,43.106,43.145,31629
2026-09-04 15:43:00,43.145,43.178,42.965,42.973,53045
2026-09-04 15:44:00,42.973,43.03,42.97,43.027,37235
2026-09-04 15:45:00,43.027,43.041,43.0,43.012,58546
2026-09-04 15:46:00,43.012,43.023,42.863,42.876,47310
2026-09-04 15:47:00,42.876,42.978,42.87,42.92,57116
2026-09-04 15:48:00,42.92,42.935,42.855,42.886,39839
2026-09-04 15:49:00,42.886,42.978,42.873,42.943,46669
2026-09-04 15:50:00,42.943,42.979,42.942,42.951,36130
2026-09-04 15:51:00,42.951,43.023,42.948,42.983,51660
2026-09-04 15:52:00,42.983,43.101,42.974,43.053,19786
2026-09-04 15:53:00,43.053,43.061,43.009,43.027,53648
2026-09-04 15:54:00,43.027,43.098,43.012,43.087,28374
2026-09-04 15:55:00,43.087,43.09,43.068,43.07,38545
2026-09-04 15:56:00,43.07,43.102,42.965,43.006,16552
2026-09-04 15:57:00,43.006,43.085,42.949,43.062,18393
2026-09-04 15:58:00,43.062,43.131,43.012,43.094,23751
2026-09-04 15:59:00,43.094,43.106,42.932,42.972,5974
2026-09-07 09:30:00,43.193,43.218,43.172,43.193,31250
2026-09-07 09:31:00,43.193,43.376,43.181,43.372,12009
2026-09-07 09:32:00,43.372,43.387,43.329,43.336,41012
2026-09-07 09:33:00,43.336,43.569,43.282,43.567,37569
2026-09-07 09:34:00,43.567,43.591,43.546,43.547,39784
2026-09-07 09:35:00,43.547,43.571,43.491,43.523,58652
2026-09-07 09:36:00,43.523,43.529,43.442,43.459,14138
2026-09-07 09:37:00,43.459,43.464,43.454,43.463,8054
2026-09-07 09:38:00,43.463,43.55,43.425,43.548,5304
2026-09-07 09:39:00,43.548,43.551,43.45,43.471,29433
2026-09-07 09:40:00,43.471,43.5,43.442,43.486,12478
2026-09-07 09:41:00,43.486,43.486,43.359,43.392,9968
2026-09-07 09:42:00,43.392,43.471,43.383,43.459,47886
2026-09-07 09:43:00,43.459,43.493,43.285,43.344,34631
2026-09-07 09:44:00,43.344,43.369,43.328,43.349,31446
2026-09-07 09:45:00,43.349,43.394,43.229,43.262,36604
2026-09-07 09:46:00,43.262,43.328,43.251,43.324,59021
2026-09-07 09:47:00,43.324,43.423,43.319,43.387,31980
2026-09-07 09:48:00,43.387,43.421,43.293,43.335,35458
2026-09-07 09:49:00,43.335,43.372,43.301,43.363,7149
2026-09-07 09:50:00,43.363,43.561,43.322,43.483,55609
2026-09-07 09:51:00,43.483,43.489,43.457,43.466,43544
2026-09-07 09:52:00,43.466,43.573,43.457,43.558,44144
2026-09-07 09:53:00,43.558,43.567,43.412,43.42,32933
2026-09-07 09:54:00,43.42,43.622,43.394,43.59,5939
2026-09-07 09:55:00,43.59,43.606,43.55,43.589,36530
2026-09-07 09:56:00,43.589,43.591,43.488,43.51,13709
2026-09-07 09:57:00,43.51,43.589,43.506,43.537,41748
2026-09-07 09:58:00,43.537,43.69,43.517,43.661,11766
2026-09-07 09:59:00,43.661,43.665,43.545,43.556,54831
2026-09-07 10:00:00,43.556,43.593,43.544,43.576,46445
2026-09-07 10:01:00,43.576,43.64,43.549,43.613,28900
2026-09-07 10:02:00,43.613,43.629,43.497,43.519,14432
2026-09-07 10:03:00,43.519,43.53,43.479,43.502,55213
2026-09-07 10:04:00,43.502,43.552,43.313,43.381,52209
2026-09-07 10:05:00,43.381,43.434,43.376,43.383,14668
2026-09-07 10:06:00,43.383,43.39,43.315,43.356,18559
2026-09-07 10:07:00,43.356,43.362,43.207,43.239,29956
2026-09-07 10:08:00,43.239,43.251,42.943,42.957,45078
2026-09-07 10:09:00,42.957,43.049,42.939,42.99,14729
2026-09-07 10:10:00,42.99,42.99,42.847,42.859,58432
2026-09-07 10:11:00,42.859,42.893,42.699,42.722,25479
2026-09-07 10:12:00,42.722,42.744,42.708,42.728,37344
2026-09-07 10:13:00,42.728,42.731,42.514,42.516,54691
2026-09-07 10:14:00,42.516,42.65,42.504,42.644,11732
2026-09-07 10:15:00,42.644,42.66,42.437,42.452,58631
2026-09-07 10:16:00,42.452,42.544,42.45,42.531,24284
2026-09-07 10:17:00,42.531,42.551,42.417,42.417,30984
2026-09-07 10:18:00,42.417,42.448,42.292,42.328,9959
2026-09-07 10:19:00,42.328,42.422,42.321,42.412,20211
2026-09-07 10:20:00,42.412,42.464,42.409,42.431,48802
2026-09-07 10:21:00,42.431,42.457,42.429,42.441,22749
2026-09-07 10:22:00,42.441,42.511,42.44,42.488,56823
2026-09-07 10:23:00,42.488,42.495,42.409,42.423,54591
2026-09-07 10:24:00,42.423,42.541,42.402,42.516,34321
2026-09-07 10:25:00,42.516,42.593,42.488,42.591,29118
2026-09-07 10:26:00,42.591,42.605,42.521,42.559,14364
2026-09-07 10:27:00,42.559,42.605,42.531,42.59,15916
2026-09-07 10:28:00,42.59,42.636,42.577,42.634,55278
2026-09-07 10:29:00,42.634,42.754,42.593,42.727,50924
2026-09-07 10:30:00,42.727,42.754,42.715,42.745,6253
2026-09-07 10:31:00,42.745,42.748,42.683,42.687,33049
2026-09-07 10:32:00,42.687,42.724,42.633,42.653,59364
2026-09-07 10:33:00,42.653,42.756,42.648,42.753,28496
2026-09-07 10:34:00,42.753,42.782,42.584,42.593,38852
2026-09-07 10:35:00,42.593,42.711,42.555,42.691,54683
2026-09-07 10:36:00,42.691,42.703,42.571,42.588,10661
2026-09-07 10:37:00,42.588,42.602,42.495,42.521,46037
2026-09-07 10:38:00,42.521,42.615,42.499,42.59,34252
2026-09-07 10:39:00,42.59,42.593,42.515,42.549,5782
2026-09-07 10:40:00,42.549,42.643,42.542,42.608,42242
2026-09-07 10:41:00,42.608,42.668,42.594,42.637,58158
2026-09-07 10:42:00,42.637,42.66,42.505,42.529,41229
2026-09-07 10:43:00,42.529,42.638,42.482,42.614,30004
2026-09-07 10:44:00,42.614,42.668,42.574,42.623,23906
2026-09-07 10:45:00,42.623,42.66,42.598,42.608,14895
2026-09-07 10:46:00,42.608,42.629,42.597,42.619,41561
2026-09-07 10:47:00,42.619,42.851,42.613,42.821,55061
2026-09-07 10:48:00,42.821,42.825,42.769,42.796,18502
2026-09-07 10:49:00,42.796,42.945,42.787,42.918,28075
2026-09-07 10:50:00,42.918,43.001,42.91,43.001,46519
2026-09-07 10:51:00,43.001,43.126,42.961,43.122,42654
2026-09-07 10:52:00,43.122,43.206,43.079,43.194,35390
2026-09-07 10:53:00,43.194,43.389,43.183,43.376,46293
2026-09-07 10:54:00,43.376,43.538,43.373,43.499,59915
2026-09-07 10:55:00,43.499,43.553,43.475,43.538,15703
2026-09-07 10:56:00,43.538,43.573,43.534,43.55,10335
2026-09-07 10:57:00,43.55,43.711,43.534,43.709,59093
2026-09-07 10:58:00,43.709,43.71,43.643,43.69,18162
2026-09-07 10:59:00,43.69,43.831,43.666,43.774,35957
2026-09-07 11:00:00,43.774,43.941,43.759,43.884,51977
2026-09-07 11:01:00,43.884,43.974,43.83,43.956,8133
2026-09-07 11:02:00,43.956,44.003,43.824,43.825,41245
2026-09-07 11:03:00,43.825,43.833,43.672,43.709,34520
2026-09-07 11:04:00,43.709,43.792,43.641,43.786,38110
2026-09-07 11:05:00,43.786,43.885,43.527,43.564,6011
2026-09-07 11:06:00,43.564,43.63,43.563,43.622,41221
2026-09-07 11:07:00,43.622,43.726,43.573,43.68,58858
2026-09-07 11:08:00,43.68,43.713,43.572,43.591,49783
2026-09-07 11:09:00,43.591,43.603,43.404,43.43,41632
2026-09-07 11:10:00,43.43,43.442,43.343,43.373,11618
2026-09-07 11:11:00,43.373,43.496,43.343,43.453,25865
2026-09-07 11:12:00,43.453,43.457,43.361,43.362,22922
2026-09-07 11:13:00,43.362,43.367,43.282,43.302,48954
2026-09-07 11:14:00,43.302,43.363,43.289,43.351,39515
2026-09-07 11:15:00,43.351,43.39,43.306,43.308,48673
2026-09-07 11:16:00,43.308,43.329,43.248,43.257,25362
2026-09-07 11:17:00,43.257,43.417,43.244,43.409,43526
2026-09-07 11:18:00,43.409,43.423,43.342,43.343,25307
2026-09-07 11:19:00,43.343,43.366,43.291,43.312,17935
2026-09-07 11:20:00,43.312,43.335,43.305,43.326,25912
2026-09-07 11:21:00,43.326,43.447,43.269,43.443,10124
2026-09-07 11:22:00,43.443,43.447,43.347,43.401,53589
2026-09-07 11:23:00,43.401,43.521,43.371,43.504,52087
2026-09-07 11:24:00,43.504,43.506,43.474,43.489,24474
2026-09-07 11:25:00,43.489,43.565,43.455,43.561,53860
2026-09-07 11:26:00,43.561,43.598,43.465,43.495,21505
2026-09-07 11:27:00,43.495,43.523,43.454,43.467,24003
2026-09-07 11:28:00,43.467,43.475,43.313,43.339,13590
2026-09-07 11:29:00,43.339,43.38,43.305,43.332,26259
2026-09-07 11:30:00,43.332,43.371,43.325,43.364,32021
2026-09-07 11:31:00,43.364,43.446,43.345,43.429,27174
2026-09-07 11:32:00,43.429,43.45,43.109,43.119,55411
2026-09-07 11:33:00,43.119,43.135,43.031,43.041,20220
2026-09-07 11:34:00,43.041,43.059,42.988,43.01,36485
2026-09-07 11:35:00,43.01,43.032,42.918,42.929,56608
2026-09-07 11:36:00,42.929,42.947,42.773,42.784,25023
2026-09-07 11:37:00,42.784,42.785,42.733,42.757,34236
2026-09-07 11:38:00,42.757,42.826,42.581,42.607,53744
2026-09-07 11:39:00,42.607,42.663,42.602,42.609,44018
2026-09-07 11:40:00,42.609,42.618,42.592,42.618,42265
2026-09-07 11:41:00,42.618,42.624,42.588,42.613,38288
2026-09-07 11:42:00,42.613,42.637,42.473,42.492,18408
2026-09-07 11:43:00,42.492,42.509,42.466,42.499,9927
2026-09-07 11:44:00,42.499,42.562,42.461,42.494,23507
2026-09-07 11:45:00,42.494,42.573,42.464,42.54,8970
2026-09-07 11:46:00,42.54,42.571,42.511,42.543,36601
2026-09-07 11:47:00,42.543,42.545,42.536,42.54,13118
2026-09-07 11:48:00,42.54,42.666,42.518,42.631,37310
2026-09-07 11:49:00,42.631,42.758,42.602,42.729,32329
2026-09-07 11:50:00,42.729,42.742,42.716,42.725,59790
2026-09-07 11:51:00,42.725,42.776,42.723,42.755,39530
2026-09-07 11:52:00,42.755,42.908,42.736,42.887,57496
2026-09-07 11:53:00,42.887,42.958,42.874,42.942,59768
2026-09-07 11:54:00,42.942,43.029,42.906,43.017,17549
2026-09-07 11:55:00,43.017,43.05,43.016,43.04,54537
2026-09-07 11:56:00,43.04,43.043,43.037,43.038,32882
2026-09-07 11:57:00,43.038,43.123,42.989,43.119,45646
2026-09-07 11:58:00,43.119,43.137,43.112,43.122,26407
2026-09-07 11:59:00,43.122,43.149,43.089,43.133,26088
2026-09-07 13:00:00,43.133,43.159,43.068,43.155,5885
2026-09-07 13:01:00,43.155,43.16,43.126,43.143,23955
2026-09-07 13:02:00,43.143,43.229,43.136,43.227,18991
2026-09-07 13:03:00,43.227,43.249,43.101,43.123,43345
2026-09-07 13:04:00,43.123,43.211,43.11,43.168,28457
2026-09-07 13:05:00,43.168,43.18,43.106,43.143,24014
2026-09-07 13:06:00,43.143,43.24,43.107,43.222,10469
2026-09-07 13:07:00,43.222,43.226,43.129,43.156,47106
2026-09-07 13:08:00,43.156,43.192,43.123,43.161,31861
2026-09-07 13:09:00,43.161,43.261,43.153,43.204,45069
2026-09-07 13:10:00,43.204,43.256,43.187,43.202,20875
2026-09-07 13:11:00,43.202,43.226,43.186,43.22,11596
2026-09-07 13:12:00,43.22,43.359,43.196,43.327,13680
2026-09-07 13:13:00,43.327,43.329,43.301,43.306,49214
2026-09-07 13:14:00,43.306,43.456,43.299,43.398,41860
2026-09-07 13:15:00,43.398,43.462,43.357,43.45,10136
2026-09-07 13:16:00,43.45,43.528,43.434,43.495,15670
2026-09-07 13:17:00,43.495,43.549,43.487,43.536,22474
2026-09-07 13:18:00,43.536,43.599,43.502,43.565,36599
2026-09-07 13:19:00,43.565,43.775,43.563,43.738,58628
2026-09-07 13:20:00,43.738,43.791,43.72,43.785,44691
2026-09-07 13:21:00,43.785,43.89,43.782,43.881,40819
2026-09-07 13:22:00,43.881,43.984,43.862,43.928,22878
2026-09-07 13:23:00,43.928,43.94,43.909,43.931,52105
2026-09-07 13:24:00,43.931,44.017,43.892,43.983,56943
2026-09-07 13:25:00,43.983,44.109,43.975,44.09,55971
2026-09-07 13:26:00,44.09,44.139,44.079,44.117,49065
2026-09-07 13:27:00,44.117,44.143,44.019,44.042,19556
2026-09-07 13:28:00,44.042,44.083,44.006,44.068,7530
2026-09-07 13:29:00,44.068,44.114,43.996,44.047,48762
2026-09-07 13:30:00,44.047,44.063,43.886,43.889,27074
2026-09-07 13:31:00,43.889,43.905,43.813,43.831,25477
2026-09-07 13:32:00,43.831,43.848,43.677,43.708,46495
2026-09-07 13:33:00,43.708,43.769,43.665,43.764,8565
2026-09-07 13:34:00,43.764,43.771,43.598,43.623,7704
2026-09-07 13:35:00,43.623,43.636,43.501,43.511,10874
2026-09-07 13:36:00,43.511,43.527,43.336,43.364,16937
2026-09-07 13:37:00,43.364,43.416,43.344,43.397,11943
2026-09-07 13:38:00,43.397,43.405,43.352,43.387,39838
2026-09-07 13:39:00,43.387,43.422,43.21,43.24,39727
2026-09-07 13:40:00,43.24,43.242,43.14,43.163,45534
2026-09-07 13:41:00,43.163,43.202,43.15,43.161,40290
2026-09-07 13:42:00,43.161,43.162,42.981,43.038,34092
2026-09-07 13:43:00,43.038,43.088,43.02,43.085,51612
2026-09-07 13:44:00,43.085,43.148,43.066,43.121,45790
2026-09-07 13:45:00,43.121,43.142,43.016,43.053,21229
2026-09-07 13:46:00,43.053,43.109,43.046,43.06,15908
2026-09-07 13:47:00,43.06,43.167,43.057,43.134,46941
2026-09-07 13:48:00,43.134,43.17,43.108,43.13,27705
2026-09-07 13:49:00,43.13,43.176,43.123,43.145,19672
2026-09-07 13:50:00,43.145,43.201,43.138,43.196,20184
2026-09-07 13:51:00,43.196,43.224,43.184,43.222,22250
2026-09-07 13:52:00,43.222,43.238,43.158,43.159,8931
2026-09-07 13:53:00,43.159,43.16,43.136,43.14,41070
2026-09-07 13:54:00,43.14,43.208,43.122,43.173,28399
2026-09-07 13:55:00,43.173,43.206,43.168,43.192,26588
2026-09-07 13:56:00,43.192,43.204,43.106,43.132,13846
2026-09-07 13:57:00,43.132,43.15,42.928,42.972,59891
2026-09-07 13:58:00,42.972,43.044,42.942,43.032,45515
2026-09-07 13:59:00,43.032,43.046,42.946,42.951,22410
2026-09-07 14:00:00,42.951,42.998,42.804,42.831,13859
2026-09-07 14:01:00,42.831,42.859,42.824,42.825,18058
2026-09-07 14:02:00,42.825,42.826,42.782,42.803,29542
2026-09-07 14:03:00,42.803,42.814,42.749,42.787,53355
2026-09-07 14:04:00,42.787,42.807,42.592,42.607,48416
2026-09-07 14:05:00,42.607,42.674,42.606,42.664,53020
2026-09-07 14:06:00,42.664,42.678,42.562,42.567,30977
2026-09-07 14:07:00,42.567,42.618,42.563,42.581,13960
2026-09-07 14:08:00,42.581,42.647,42.54,42.619,17182
2026-09-07 14:09:00,42.619,42.649,42.592,42.597,23566
2026-09-07 14:10:00,42.597,42.604,42.492,42.499,10088
2026-09-07 14:11:00,42.499,42.579,42.478,42.567,33056
2026-09-07 14:12:00,42.567,42.628,42.561,42.615,5495
2026-09-07 14:13:00,42.615,42.625,42.548,42.588,8644
2026-09-07 14:14:00,42.588,42.803,42.553,42.792,41641
2026-09-07 14:15:00,42.792,42.84,42.782,42.827,25394
2026-09-07 14:16:00,42.827,42.95,42.78,42.92,57066
2026-09-07 14:17:00,42.92,43.047,42.897,43.047,47362
2026-09-07 14:18:00,43.047,43.221,43.016,43.199,20624
2026-09-07 14:19:00,43.199,43.244,43.192,43.216,47261
2026-09-07 14:20:00,43.216,43.305,43.173,43.279,39622
2026-09-07 14:21:00,43.279,43.488,43.274,43.471,13182
2026-09-07 14:22:00,43.471,43.494,43.411,43.43,36943
2026-09-07 14:23:00,43.43,43.495,43.42,43.494,21691
2026-09-07 14:24:00,43.494,43.502,43.488,43.5,8215
2026-09-07 14:25:00,43.5,43.668,43.5,43.652,19761
2026-09-07 14:26:00,43.652,43.669,43.581,43.628,17196
2026-09-07 14:27:00,43.628,43.696,43.613,43.662,42654
2026-09-07 14:28:00,43.662,43.698,43.615,43.649,27956
2026-09-07 14:29:00,43.649,43.675,43.584,43.609,12253
2026-09-07 14:30:00,43.609,43.611,43.516,43.551,29514
2026-09-07 14:31:00,43.551,43.561,43.52,43.522,59227
2026-09-07 14:32:00,43.522,43.57,43.489,43.562,44998
2026-09-07 14:33:00,43.562,43.601,43.505,43.528,11380
2026-09-07 14:34:00,43.528,43.619,43.495,43.586,17111
2026-09-07 14:35:00,43.586,43.614,43.422,43.437,34080
2026-09-07 14:36:00,43.437,43.463,43.419,43.441,34199
2026-09-07 14:37:00,43.441,43.459,43.371,43.387,43683
2026-09-07 14:38:00,43.387,43.499,43.378,43.465,22288
2026-09-07 14:39:00,43.465,43.501,43.308,43.345,57154
2026-09-07 14:40:00,43.345,43.451,43.313,43.441,22558
2026-09-07 14:41:00,43.441,43.499,43.409,43.491,38777
2026-09-07 14:42:00,43.491,43.499,43.414,43.428,33923
2026-09-07 14:43:00,43.428,43.528,43.386,43.527,52051
2026-09-07 14:44:00,43.527,43.556,43.399,43.409,24307
2026-09-07 14:45:00,43.409,43.579,43.381,43.553,34202
2026-09-07 14:46:00,43.553,43.569,43.528,43.529,51031
2026-09-07 14:47:00,43.529,43.669,43.516,43.648,17150
2026-09-07 14:48:00,43.648,43.668,43.628,43.653,32142
2026-09-07 14:49:00,43.653,43.691,43.628,43.653,28153
2026-09-07 14:50:00,43.653,43.828,43.636,43.769,18165
2026-09-07 14:51:00,43.769,43.796,43.759,43.761,38383
2026-09-07 14:52:00,43.761,43.77,43.713,43.744,6094
2026-09-07 14:53:00,43.744,43.772,43.707,43.731,34203
2026-09-07 14:54:00,43.731,43.747,43.639,43.655,55816
2026-09-07 14:55:00,43.655,43.677,43.635,43.671,48040
2026-09-07 14:56:00,43.671,43.757,43.655,43.731,40931
2026-09-07 14:57:00,43.731,43.772,43.461,43.509,34674
2026-09-07 14:58:00,43.509,43.511,43.457,43.469,55357
2026-09-07 14:59:00,43.469,43.478,43.355,43.365,26085
2026-09-07 15:00:00,43.365,43.392,43.278,43.308,14667
2026-09-07 15:01:00,43.308,43.332,43.17,43.197,33335
2026-09-07 15:02:00,43.197,43.218,43.067,43.075,36334
2026-09-07 15:03:00,43.075,43.081,42.863,42.906,33577
2026-09-07 15:04:00,42.906,42.914,42.844,42.869,42574
2026-09-07 15:05:00,42.869,42.884,42.851,42.876,5548
2026-09-07 15:06:00,42.876,42.883,42.727,42.728,19321
2026-09-07 15:07:00,42.728,42.732,42.663,42.699,23052
2026-09-07 15:08:00,42.699,42.736,42.574,42.6,39968
2026-09-07 15:09:00,42.6,42.606,42.485,42.494,36511
2026-09-07 15:10:00,42.494,42.613,42.486,42.586,55553
2026-09-07 15:11:00,42.586,42.591,42.576,42.59,44185
2026-09-07 15:12:00,42.59,42.626,42.516,42.534,26062
2026-09-07 15:13:00,42.534,42.585,42.508,42.57,28514
2026-09-07 15:14:00,42.57,42.619,42.543,42.619,52749
2026-09-07 15:15:00,42.619,42.629,42.608,42.612,46041
2026-09-07 15:16:00,42.612,42.704,42.608,42.694,7489
2026-09-07 15:17:00,42.694,42.71,42.671,42.704,32684
2026-09-07 15:18:00,42.704,42.725,42.589,42.609,18529
2026-09-07 15:19:00,42.609,42.742,42.594,42.736,25324
2026-09-07 15:20:00,42.736,42.759,42.718,42.719,52437
2026-09-07 15:21:00,42.719,42.751,42.695,42.724,18332
2026-09-07 15:22:00,42.724,42.828,42.706,42.806,29940
2026-09-07 15:23:00,42.806,42.827,42.736,42.776,48868
2026-09-07 15:24:00,42.776,42.817,42.761,42.808,48605
2026-09-07 15:25:00,42.808,42.828,42.784,42.818,55711
2026-09-07 15:26:00,42.818,42.841,42.707,42.715,43179
2026-09-07 15:27:00,42.715,42.746,42.526,42.559,45113
2026-09-07 15:28:00,42.559,42.562,42.539,42.552,27072
2026-09-07 15:29:00,42.552,42.636,42.535,42.589,17127
2026-09-07 15:30:00,42.589,42.599,42.466,42.469,43197
2026-09-07 15:31:00,42.469,42.487,42.369,42.38,43826
2026-09-07 15:32:00,42.38,42.434,42.349,42.403,46539
2026-09-07 15:33:00,42.403,42.419,42.373,42.405,32778
2026-09-07 15:34:00,42.405,42.424,42.359,42.359,9132
2026-09-07 15:35:00,42.359,42.437,42.348,42.427,55861
2026-09-07 15:36:00,42.427,42.434,42.33,42.376,42174
2026-09-07 15:37:00,42.376,42.452,42.372,42.433,5331
2026-09-07 15:38:00,42.433,42.528,42.422,42.493,15306
2026-09-07 15:39:00,42.493,42.566,42.492,42.552,47514
2026-09-07 15:40:00,42.552,42.556,42.518,42.546,42691
2026-09-07 15:41:00,42.546,42.729,42.522,42.696,30650
2026-09-07 15:42:00,42.696,42.719,42.663,42.706,28141
2026-09-07 15:43:00,42.706,42.946,42.692,42.937,52062
2026-09-07 15:44:00,42.937,43.038,42.899,43.029,40208
2026-09-07 15:45:00,43.029,43.171,42.975,43.156,38320
2026-09-07 15:46:00,43.156,43.179,43.151,43.176,14447
2026-09-07 15:47:00,43.176,43.222,43.17,43.184,5418
2026-09-07 15:48:00,43.184,43.343,43.18,43.339,47637
2026-09-07 15:49:00,43.339,43.361,43.317,43.357,43045
2026-09-07 15:50:00,43.357,43.481,43.346,43.47,56332
2026-09-07 15:51:00,43.47,43.534,43.401,43.439,34327
2026-09-07 15:52:00,43.439,43.56,43.438,43.519,42568
2026-09-07 15:53:00,43.519,43.591,43.508,43.577,18159
2026-09-07 15:54:00,43.577,43.662,43.558,43.645,30327
2026-09-07 15:55:00,43.645,43.664,43.528,43.554,11704
2026-09-07 15:56:00,43.554,43.644,43.539,43.639,11838
2026-09-07 15:57:00,43.639,43.644,43.622,43.625,26905
2026-09-07 15:58:00,43.625,43.627,43.368,43.369,9711
2026-09-07 15:59:00,43.369,43.398,43.364,43.375,35849
2026-09-08 09:30:00,44.21,44.212,44.198,44.21,29122
2026-09-08 09:31:00,44.21,44.364,44.191,44.338,53054
2026-09-08 09:32:00,44.338,44.401,44.297,44.389,9447
2026-09-08 09:33:00,44.389,44.393,44.329,44.358,15882
2026-09-08 09:34:00,44.358,44.408,44.351,44.385,24807
2026-09-08 09:35:00,44.385,44.474,44.37,44.459,56367
2026-09-08 09:36:00,44.459,44.472,44.452,44.46,41491
2026-09-08 09:37:00,44.46,44.464,44.379,44.399,15462
2026-09-08 09:38:00,44.399,44.473,44.377,44.47,42891
2026-09-08 09:39:00,44.47,44.474,44.424,44.448,19851
2026-09-08 09:40:00,44.448,44.545,44.425,44.523,28162
2026-09-08 09:41:00,44.523,44.561,44.39,44.432,23691
2026-09-08 09:42:00,44.432,44.508,44.409,44.484,38613
2026-09-08 09:43:00,44.484,44.488,44.425,44.462,19451
2026-09-08 09:44:00,44.462,44.487,44.329,44.362,57476
2026-09-08 09:45:00,44.362,44.478,44.318,44.468,27825
2026-09-08 09:46:00,44.468,44.474,44.419,44.448,16708
2026-09-08 09:47:00,44.448,44.451,44.298,44.315,49153
2026-09-08 09:48:00,44.315,44.543,44.309,44.473,58123
2026-09-08 09:49:00,44.473,44.5,44.233,44.289,8918
2026-09-08 09:50:00,44.289,44.319,44.242,44.292,42362
2026-09-08 09:51:00,44.292,44.326,44.276,44.317,18422
2026-09-08 09:52:00,44.317,44.379,44.3,44.362,55549
2026-09-08 09:53:00,44.362,44.421,44.309,44.356,7922
2026-09-08 09:54:00,44.356,44.368,44.283,44.305,15651
2026-09-08 09:55:00,44.305,44.422,44.297,44.393,47639
2026-09-08 09:56:00,44.393,44.426,44.328,44.333,30040
2026-09-08 09:57:00,44.333,44.423,44.298,44.406,11584
2026-09-08 09:58:00,44.406,44.543,44.382,44.501,39186
2026-09-08 09:59:00,44.501,44.508,44.378,44.399,33028
2026-09-08 10:00:00,44.399,44.413,44.244,44.271,43787
2026-09-08 10:01:00,44.271,44.467,44.26,44.452,52756
2026-09-08 10:02:00,44.452,44.521,44.431,44.439,9595
2026-09-08 10:03:00,44.439,44.533,44.432,44.524,22376
2026-09-08 10:04:00,44.524,44.538,44.517,44.534,21010
2026-09-08 10:05:00,44.534,44.571,44.494,44.512,11361
2026-09-08 10:06:00,44.512,44.537,44.505,44.525,48755
2026-09-08 10:07:00,44.525,44.602,44.481,44.601,19654
2026-09-08 10:08:00,44.601,44.621,44.582,44.599,51346
2026-09-08 10:09:00,44.599,44.6,44.462,44.487,56682
2026-09-08 10:10:00,44.487,44.671,44.478,44.661,25359
2026-09-08 10:11:00,44.661,44.676,44.61,44.622,10227
2026-09-08 10:12:00,44.622,44.625,44.593,44.602,42867
2026-09-08 10:13:00,44.602,44.617,44.531,44.583,52518
2026-09-08 10:14:00,44.583,44.59,44.491,44.496,49552
2026-09-08 10:15:00,44.496,44.499,44.458,44.492,11631
2026-09-08 10:16:00,44.492,44.504,44.463,44.49,39282
2026-09-08 10:17:00,44.49,44.515,44.44,44.458,13990
2026-09-08 10:18:00,44.458,44.476,44.315,44.342,36550
2026-09-08 10:19:00,44.342,44.346,44.238,44.258,47467
2026-09-08 10:20:00,44.258,44.288,44.139,44.16,31944
2026-09-08 10:21:00,44.16,44.201,44.155,44.187,40174
2026-09-08 10:22:00,44.187,44.219,44.042,44.08,5312
2026-09-08 10:23:00,44.08,44.085,43.952,43.97,22640
2026-09-08 10:24:00,43.97,43.972,43.752,43.797,36516
2026-09-08 10:25:00,43.797,43.811,43.778,43.788,43614
2026-09-08 10:26:00,43.788,43.808,43.64,43.675,55764
2026-09-08 10:27:00,43.675,43.797,43.672,43.78,13137
2026-09-08 10:28:00,43.78,43.833,43.654,43.659,24731
2026-09-08 10:29:00,43.659,43.665,43.487,43.536,53468
2026-09-08 10:30:00,43.536,43.54,43.468,43.487,9299
2026-09-08 10:31:00,43.487,43.598,43.468,43.573,36664
2026-09-08 10:32:00,43.573,43.584,43.434,43.469,21964
2026-09-08 10:33:00,43.469,43.496,43.306,43.309,57039
2026-09-08 10:34:00,43.309,43.377,43.291,43.347,49000
2026-09-08 10:35:00,43.347,43.373,43.283,43.291,37779
2026-09-08 10:36:00,43.291,43.375,43.225,43.246,24933
2026-09-08 10:37:00,43.246,43.331,43.241,43.331,36452
2026-09-08 10:38:00,43.331,43.448,43.304,43.441,44194
2026-09-08 10:39:00,43.441,43.446,43.433,43.437,52187
2026-09-08 10:40:00,43.437,43.463,43.336,43.34,6619
2026-09-08 10:41:00,43.34,43.374,43.327,43.345,37057
2026-09-08 10:42:00,43.345,43.417,43.325,43.409,20335
2026-09-08 10:43:00,43.409,43.485,43.403,43.485,9770
2026-09-08 10:44:00,43.485,43.502,43.419,43.43,49119
2026-09-08 10:45:00,43.43,43.472,43.41,43.467,38650
2026-09-08 10:46:00,43.467,43.728,43.458,43.715,16545
2026-09-08 10:47:00,43.715,43.736,43.644,43.659,21146
2026-09-08 10:48:00,43.659,43.839,43.654,43.778,26634
2026-09-08 10:49:00,43.778,43.804,43.738,43.742,40084
2026-09-08 10:50:00,43.742,43.884,43.74,43.847,34254
2026-09-08 10:51:00,43.847,43.857,43.779,43.78,59894
2026-09-08 10:52:00,43.78,43.906,43.775,43.863,54633
2026-09-08 10:53:00,43.863,43.97,43.824,43.96,38551
2026-09-08 10:54:00,43.96,44.002,43.929,43.986,46895
2026-09-08 10:55:00,43.986,43.991,43.934,43.949,50857
2026-09-08 10:56:00,43.949,44.059,43.938,44.041,9335
2026-09-08 10:57:00,44.041,44.042,43.932,43.941,24486
2026-09-08 10:58:00,43.941,43.953,43.926,43.929,47149
2026-09-08 10:59:00,43.929,44.088,43.922,44.053,5643
2026-09-08 11:00:00,44.053,44.103,44.037,44.096,42120
2026-09-08 11:01:00,44.096,44.13,44.023,44.058,7574
2026-09-08 11:02:00,44.058,44.065,43.891,43.954,34747
2026-09-08 11:03:00,43.954,44.058,43.949,44.044,6007
2026-09-08 11:04:00,44.044,44.072,44.009,44.039,53283
2026-09-08 11:05:00,44.039,44.059,43.929,43.952,16983
2026-09-08 11:06:00,43.952,43.972,43.81,43.822,55024
2026-09-08 11:07:00,43.822,44.052,43.812,43.998,19888
2026-09-08 11:08:00,43.998,44.013,43.954,43.961,34548
2026-09-08 11:09:00,43.961,43.978,43.916,43.937,22682
2026-09-08 11:10:00,43.937,43.979,43.823,43.83,33847
2026-09-08 11:11:00,43.83,43.84,43.821,43.824,40989
2026-09-08 11:12:00,43.824,43.983,43.764,43.979,31234
2026-09-08 11:13:00,43.979,43.99,43.968,43.973,46189
2026-09-08 11:14:00,43.973,43.985,43.969,43.984,29211
2026-09-08 11:15:00,43.984,43.986,43.91,43.973,47282
2026-09-08 11:16:00,43.973,44.044,43.957,44.029,29957
2026-09-08 11:17:00,44.029,44.04,44.005,44.007,46358
2026-09-08 11:18:00,44.007,44.039,44.002,44.031,14255
2026-09-08 11:19:00,44.031,44.05,44.022,44.035,52022
2026-09-08 11:20:00,44.035,44.148,44.024,44.131,25102
2026-09-08 11:21:00,44.131,44.202,44.103,44.176,44663
2026-09-08 11:22:00,44.176,44.352,44.164,44.321,30385
2026-09-08 11:23:00,44.321,44.39,44.309,44.344,30247
2026-09-08 11:24:00,44.344,44.357,44.28,44.337,7311
2026-09-08 11:25:00,44.337,44.542,44.29,44.539,27726
2026-09-08 11:26:00,44.539,44.555,44.423,44.436,34621
2026-09-08 11:27:00,44.436,44.611,44.425,44.583,9481
2026-09-08 11:28:00,44.583,44.704,44.576,44.684,15083
2026-09-08 11:29:00,44.684,44.738,44.67,44.735,5734
2026-09-08 11:30:00,44.735,44.739,44.575,44.593,49369
2026-09-08 11:31:00,44.593,44.838,44.567,44.805,52138
2026-09-08 11:32:00,44.805,44.842,44.755,44.834,46904
2026-09-08 11:33:00,44.834,44.883,44.807,44.875,13177
2026-09-08 11:34:00,44.875,44.899,44.659,44.7,48573
2026-09-08 11:35:00,44.7,44.795,44.654,44.782,52536
2026-09-08 11:36:00,44.782,44.839,44.76,44.802,8488
2026-09-08 11:37:00,44.802,44.812,44.778,44.783,26969
2026-09-08 11:38:00,44.783,44.899,44.77,44.879,50229
2026-09-08 11:39:00,44.879,44.892,44.747,44.756,8295
2026-09-08 11:40:00,44.756,44.837,44.714,44.814,44300
2026-09-08 11:41:00,44.814,44.814,44.75,44.755,50595
2026-09-08 11:42:00,44.755,44.823,44.594,44.609,10075
2026-09-08 11:43:00,44.609,44.62,44.594,44.595,44294
2026-09-08 11:44:00,44.595,44.62,44.574,44.588,42981
2026-09-08 11:45:00,44.588,44.591,44.532,44.546,59871
2026-09-08 11:46:00,44.546,44.551,44.528,44.53,8944
2026-09-08 11:47:00,44.53,44.559,44.366,44.396,34800
2026-09-08 11:48:00,44.396,44.396,44.374,44.376,29248
2026-09-08 11:49:00,44.376,44.401,44.18,44.214,56154
2026-09-08 11:50:00,44.214,44.271,44.065,44.089,28974
2026-09-08 11:51:00,44.089,44.162,44.078,44.143,32846
2026-09-08 11:52:00,44.143,44.168,44.108,44.135,8572
2026-09-08 11:53:00,44.135,44.148,44.024,44.028,19384
2026-09-08 11:54:00,44.028,44.035,43.932,43.963,47069
2026-09-08 11:55:00,43.963,44.004,43.908,43.996,27059
2026-09-08 11:56:00,43.996,44.036,43.991,44.034,50235
2026-09-08 11:57:00,44.034,44.062,43.853,43.895,41295
2026-09-08 11:58:00,43.895,43.935,43.8,43.84,26354
2026-09-08 11:59:00,43.84,43.846,43.807,43.812,53939
2026-09-08 13:00:00,43.812,43.958,43.775,43.941,42935
2026-09-08 13:01:00,43.941,43.961,43.819,43.822,49886
2026-09-08 13:02:00,43.822,43.861,43.759,43.859,7016
2026-09-08 13:03:00,43.859,43.888,43.816,43.871,56183
2026-09-08 13:04:00,43.871,43.883,43.851,43.866,31909
2026-09-08 13:05:00,43.866,43.888,43.761,43.764,34537
2026-09-08 13:06:00,43.764,43.901,43.755,43.863,43896
2026-09-08 13:07:00,43.863,43.893,43.853,43.879,30347
2026-09-08 13:08:00,43.879,43.897,43.821,43.85,17982
2026-09-08 13:09:00,43.85,43.889,43.833,43.882,33896
2026-09-08 13:10:00,43.882,43.897,43.777,43.795,58733
2026-09-08 13:11:00,43.795,43.874,43.769,43.838,56326
2026-09-08 13:12:00,43.838,43.891,43.808,43.813,17503
2026-09-08 13:13:00,43.813,43.895,43.732,43.885,25142
2026-09-08 13:14:00,43.885,43.93,43.759,43.816,29913
2026-09-08 13:15:00,43.816,43.86,43.796,43.841,8318
2026-09-08 13:16:00,43.841,43.853,43.743,43.762,13587
2026-09-08 13:17:00,43.762,43.801,43.737,43.788,26557
2026-09-08 13:18:00,43.788,43.811,43.743,43.754,36409
2026-09-08 13:19:00,43.754,43.765,43.695,43.744,40735
2026-09-08 13:20:00,43.744,43.761,43.734,43.745,32536
2026-09-08 13:21:00,43.745,43.755,43.709,43.712,50807
2026-09-08 13:22:00,43.712,43.743,43.652,43.707,29940
2026-09-08 13:23:00,43.707,43.709,43.524,43.578,56862
2026-09-08 13:24:00,43.578,43.703,43.569,43.701,5187
2026-09-08 13:25:00,43.701,43.731,43.519,43.564,42813
2026-09-08 13:26:00,43.564,43.594,43.54,43.557,59317
2026-09-08 13:27:00,43.557,43.569,43.513,43.516,49731
2026-09-08 13:28:00,43.516,43.601,43.506,43.583,31013
2026-09-08 13:29:00,43.583,43.593,43.436,43.44,49682
2026-09-08 13:30:00,43.44,43.511,43.42,43.49,48752
2026-09-08 13:31:00,43.49,43.51,43.486,43.505,49484
2026-09-08 13:32:00,43.505,43.543,43.474,43.51,58449
2026-09-08 13:33:00,43.51,43.531,43.449,43.46,37967
2026-09-08 13:34:00,43.46,43.496,43.345,43.381,20577
2026-09-08 13:35:00,43.381,43.419,43.26,43.276,56968
2026-09-08 13:36:00,43.276,43.453,43.242,43.431,16757
2026-09-08 13:37:00,43.431,43.457,43.414,43.444,54031
2026-09-08 13:38:00,43.444,43.482,43.4,43.412,15052
2026-09-08 13:39:00,43.412,43.498,43.403,43.44,5425
2026-09-08 13:40:00,43.44,43.474,43.379,43.408,46763
2026-09-08 13:41:00,43.408,43.489,43.406,43.454,11673
2026-09-08 13:42:00,43.454,43.605,43.405,43.592,9145
2026-09-08 13:43:00,43.592,43.647,43.58,43.639,59575
2026-09-08 13:44:00,43.639,43.663,43.517,43.592,56676
2026-09-08 13:45:00,43.592,43.759,43.586,43.749,41650
2026-09-08 13:46:00,43.749,43.811,43.738,43.792,44382
2026-09-08 13:47:00,43.792,43.955,43.755,43.898,12704
2026-09-08 13:48:00,43.898,43.92,43.897,43.92,37961
2026-09-08 13:49:00,43.92,44.052,43.911,44.048,55101
2026-09-08 13:50:00,44.048,44.111,43.997,44.094,32498
2026-09-08 13:51:00,44.094,44.204,44.082,44.179,9908
2026-09-08 13:52:00,44.179,44.185,44.079,44.129,41969
2026-09-08 13:53:00,44.129,44.297,44.093,44.292,34576
2026-09-08 13:54:00,44.292,44.308,44.263,44.28,41574
2026-09-08 13:55:00,44.28,44.34,44.258,44.298,26317
2026-09-08 13:56:00,44.298,44.477,44.264,44.466,30051
2026-09-08 13:57:00,44.466,44.492,44.373,44.377,20863
2026-09-08 13:58:00,44.377,44.575,44.374,44.557,33772
2026-09-08 13:59:00,44.557,44.682,44.55,44.629,18154
2026-09-08 14:00:00,44.629,44.632,44.496,44.529,20759
2026-09-08 14:01:00,44.529,44.66,44.518,44.615,9769
2026-09-08 14:02:00,44.615,44.636,44.565,44.591,10981
2026-09-08 14:03:00,44.591,44.651,44.55,44.624,25744
2026-09-08 14:04:00,44.624,44.653,44.505,44.514,31827
2026-09-08 14:05:00,44.514,44.614,44.467,44.573,10511
2026-09-08 14:06:00,44.573,44.578,44.523,44.565,35530
2026-09-08 14:07:00,44.565,44.608,44.563,44.59,39330
2026-09-08 14:08:00,44.59,44.618,44.506,44.509,24776
2026-09-08 14:09:00,44.509,44.541,44.496,44.533,22682
2026-09-08 14:10:00,44.533,44.552,44.411,44.446,18161
2026-09-08 14:11:00,44.446,44.475,44.431,44.439,47180
2026-09-08 14:12:00,44.439,44.486,44.425,44.453,38733
2026-09-08 14:13:00,44.453,44.457,44.355,44.367,56563
2026-09-08 14:14:00,44.367,44.382,44.337,44.374,45137
2026-09-08 14:15:00,44.374,44.39,44.229,44.297,53783
2026-09-08 14:16:00,44.297,44.372,44.28,44.306,24334
2026-09-08 14:17:00,44.306,44.351,44.178,44.233,45673
2026-09-08 14:18:00,44.233,44.349,44.213,44.326,48463
2026-09-08 14:19:00,44.326,44.331,44.323,44.328,47926
2026-09-08 14:20:00,44.328,44.356,44.265,44.268,53904
2026-09-08 14:21:00,44.268,44.325,44.236,44.314,10062
2026-09-08 14:22:00,44.314,44.352,44.286,44.287,6905
2026-09-08 14:23:00,44.287,44.289,44.2,44.236,58474
2026-09-08 14:24:00,44.236,44.329,44.183,44.324,32552
2026-09-08 14:25:00,44.324,44.397,44.322,44.373,36688
2026-09-08 14:26:00,44.373,44.4,44.257,44.288,12548
2026-09-08 14:27:00,44.288,44.304,44.246,44.253,34872
2026-09-08 14:28:00,44.253,44.358,44.219,44.352,19147
2026-09-08 14:29:00,44.352,44.406,44.336,44.346,42072
2026-09-08 14:30:00,44.346,44.541,44.307,44.504,10754
2026-09-08 14:31:00,44.504,44.512,44.4,44.41,15307
2026-09-08 14:32:00,44.41,44.46,44.398,44.443,48444
2026-09-08 14:33:00,44.443,44.453,44.428,44.445,30848
2026-09-08 14:34:00,44.445,44.518,44.41,44.501,11404
2026-09-08 14:35:00,44.501,44.505,44.451,44.457,11704
2026-09-08 14:36:00,44.457,44.467,44.433,44.459,22562
2026-09-08 14:37:00,44.459,44.519,44.408,44.512,55530
2026-09-08 14:38:00,44.512,44.526,44.426,44.435,30383
2026-09-08 14:39:00,44.435,44.519,44.42,44.514,32489
2026-09-08 14:40:00,44.514,44.556,44.331,44.346,31914
2026-09-08 14:41:00,44.346,44.364,44.308,44.355,12285
2026-09-08 14:42:00,44.355,44.374,44.225,44.251,16408
2026-09-08 14:43:00,44.251,44.257,44.161,44.178,58339
2026-09-08 14:44:00,44.178,44.299,44.158,44.28,11649
2026-09-08 14:45:00,44.28,44.29,44.002,44.025,36941
2026-09-08 14:46:00,44.025,44.18,44.008,44.168,21924
2026-09-08 14:47:00,44.168,44.196,43.94,43.943,46534
2026-09-08 14:48:00,43.943,44.012,43.942,43.952,14454
2026-09-08 14:49:00,43.952,44.012,43.952,44.001,49174
2026-09-08 14:50:00,44.001,44.001,43.691,43.698,6333
2026-09-08 14:51:00,43.698,43.7,43.669,43.669,43277
2026-09-08 14:52:00,43.669,43.79,43.658,43.758,33555
2026-09-08 14:53:00,43.758,43.772,43.596,43.639,29400
2026-09-08 14:54:00,43.639,43.668,43.548,43.569,32856
2026-09-08 14:55:00,43.569,43.595,43.519,43.534,20422
2026-09-08 14:56:00,43.534,43.536,43.423,43.446,38982
2026-09-08 14:57:00,43.446,43.462,43.431,43.443,7834
2026-09-08 14:58:00,43.443,43.507,43.433,43.484,40102
2026-09-08 14:59:00,43.484,43.529,43.353,43.354,39317
2026-09-08 15:00:00,43.354,43.422,43.306,43.391,50403
2026-09-08 15:01:00,43.391,43.458,43.359,43.454,11055
2026-09-08 15:02:00,43.454,43.51,43.438,43.507,36963
2026-09-08 15:03:00,43.507,43.512,43.375,43.416,25309
2026-09-08 15:04:00,43.416,43.511,43.393,43.505,30370
2026-09-08 15:05:00,43.505,43.517,43.489,43.498,53927
2026-09-08 15:06:00,43.498,43.534,43.469,43.515,50359
2026-09-08 15:07:00,43.515,43.559,43.502,43.542,54723
2026-09-08 15:08:00,43.542,43.592,43.534,43.572,56813
2026-09-08 15:09:00,43.572,43.581,43.501,43.556,50212
2026-09-08 15:10:00,43.556,43.596,43.481,43.582,36307
2026-09-08 15:11:00,43.582,43.699,43.565,43.693,15626
2026-09-08 15:12:00,43.693,43.815,43.693,43.763,30708
2026-09-08 15:13:00,43.763,43.916,43.747,43.896,56784
2026-09-08 15:14:00,43.896,43.896,43.814,43.839,17221
2026-09-08 15:15:00,43.839,43.899,43.814,43.896,12703
2026-09-08 15:16:00,43.896,44.007,43.84,43.995,46181
2026-09-08 15:17:00,43.995,44.021,43.99,44.016,55511
2026-09-08 15:18:00,44.016,44.044,43.987,44.027,6652
2026-09-08 15:19:00,44.027,44.131,44.008,44.081,46182
2026-09-08 15:20:00,44.081,44.217,44.072,44.206,49457
2026-09-08 15:21:00,44.206,44.231,44.075,44.099,58393
2026-09-08 15:22:00,44.099,44.15,44.091,44.104,53054
2026-09-08 15:23:00,44.104,44.119,43.998,44.03,59129
2026-09-08 15:24:00,44.03,44.173,44.011,44.17,13402
2026-09-08 15:25:00,44.17,44.191,44.106,44.142,33878
2026-09-08 15:26:00,44.142,44.271,44.128,44.244,50490
2026-09-08 15:27:00,44.244,44.253,44.066,44.112,22169
2026-09-08 15:28:00,44.112,44.205,44.087,44.178,49111
2026-09-08 15:29:00,44.178,44.237,44.133,44.203,55507
2026-09-08 15:30:00,44.203,44.236,44.203,44.212,54594
2026-09-08 15:31:00,44.212,44.235,44.003,44.042,22242
2026-09-08 15:32:00,44.042,44.185,44.033,44.155,49442
2026-09-08 15:33:00,44.155,44.16,44.054,44.08,23297
2026-09-08 15:34:00,44.08,44.149,44.044,44.073,55041
2026-09-08 15:35:00,44.073,44.142,44.039,44.099,36293
2026-09-08 15:36:00,44.099,44.113,44.092,44.095,48817
2026-09-08 15:37:00,44.095,44.103,44.093,44.097,12797
2026-09-08 15:38:00,44.097,44.119,43.987,43.992,13120
2026-09-08 15:39:00,43.992,44.172,43.977,44.169,30084
2026-09-08 15:40:00,44.169,44.17,44.127,44.139,39018
2026-09-08 15:41:00,44.139,44.157,44.095,44.124,12574
2026-09-08 15:42:00,44.124,44.206,44.116,44.204,20979
2026-09-08 15:43:00,44.204,44.389,44.174,44.352,29920
2026-09-08 15:44:00,44.352,44.372,44.264,44.276,42342
2026-09-08 15:45:00,44.276,44.333,44.259,44.297,54900
2026-09-08 15:46:00,44.297,44.511,44.277,44.482,47119
2026-09-08 15:47:00,44.482,44.486,44.382,44.393,55613
2026-09-08 15:48:00,44.393,44.489,44.358,44.485,55708
2026-09-08 15:49:00,44.485,44.549,44.477,44.545,57708
2026-09-08 15:50:00,44.545,44.602,44.539,44.601,51246
2026-09-08 15:51:00,44.601,44.74,44.58,44.697,44881
2026-09-08 15:52:00,44.697,44.739,44.662,44.716,35427
2026-09-08 15:53:00,44.716,44.733,44.604,44.69,46057
2026-09-08 15:54:00,44.69,44.764,44.686,44.761,55935
2026-09-08 15:55:00,44.761,44.865,44.727,44.8,28491
2026-09-08 15:56:00,44.8,44.806,44.765,44.792,24045
2026-09-08 15:57:00,44.792,44.843,44.724,44.809,54204
2026-09-08 15:58:00,44.809,44.866,44.76,44.767,41951
2026-09-08 15:59:00,44.767,44.806,44.72,44.759,12376
2026-09-09 09:30:00,44.588,44.61,44.588,44.588,30464
2026-09-09 09:31:00,44.588,44.646,44.467,44.496,14840
2026-09-09 09:32:00,44.496,44.665,44.482,44.626,57068
2026-09-09 09:33:00,44.626,44.632,44.616,44.621,50056
2026-09-09 09:34:00,44.621,44.627,44.456,44.488,29807
2026-09-09 09:35:00,44.488,44.609,44.461,44.599,36611
2026-09-09 09:36:00,44.599,44.604,44.471,44.528,32984
2026-09-09 09:37:00,44.528,44.562,44.473,44.506,12467
2026-09-09 09:38:00,44.506,44.622,44.476,44.599,13951
2026-09-09 09:39:00,44.599,44.602,44.381,44.392,7128
2026-09-09 09:40:00,44.392,44.523,44.382,44.504,16670
2026-09-09 09:41:00,44.504,44.727,44.488,44.689,26897
2026-09-09 09:42:00,44.689,44.75,44.686,44.699,17567
2026-09-09 09:43:00,44.699,44.729,44.698,44.729,50204
2026-09-09 09:44:00,44.729,44.914,44.717,44.897,13912
2026-09-09 09:45:00,44.897,44.968,44.894,44.928,58717
2026-09-09 09:46:00,44.928,44.934,44.912,44.915,54954
2026-09-09 09:47:00,44.915,45.019,44.889,44.996,46785
2026-09-09 09:48:00,44.996,45.172,44.962,45.141,24861
2026-09-09 09:49:00,45.141,45.258,45.119,45.242,17376
2026-09-09 09:50:00,45.242,45.245,45.075,45.08,39219
2026-09-09 09:51:00,45.08,45.256,45.04,45.213,54346
2026-09-09 09:52:00,45.213,45.222,45.146,45.189,44888
2026-09-09 09:53:00,45.189,45.235,45.097,45.107,13588
2026-09-09 09:54:00,45.107,45.201,45.079,45.189,12259
2026-09-09 09:55:00,45.189,45.19,45.093,45.098,26835
2026-09-09 09:56:00,45.098,45.176,45.066,45.123,47368
2026-09-09 09:57:00,45.123,45.184,45.117,45.182,41775
2026-09-09 09:58:00,45.182,45.185,45.044,45.057,46457
2026-09-09 09:59:00,45.057,45.071,45.031,45.038,23591
2026-09-09 10:00:00,45.038,45.047,44.917,44.919,22946
2026-09-09 10:01:00,44.919,44.954,44.792,44.846,23091
2026-09-09 10:02:00,44.846,44.852,44.77,44.802,46487
2026-09-09 10:03:00,44.802,44.808,44.607,44.609,28817
2026-09-09 10:04:00,44.609,44.649,44.548,44.563,51379
2026-09-09 10:05:00,44.563,44.629,44.52,44.548,54734
2026-09-09 10:06:00,44.548,44.576,44.327,44.378,26686
2026-09-09 10:07:00,44.378,44.402,44.304,44.311,30753
2026-09-09 10:08:00,44.311,44.367,44.237,44.347,11323
2026-09-09 10:09:00,44.347,44.362,44.279,44.298,9807
2026-09-09 10:10:00,44.298,44.314,44.157,44.175,8581
2026-09-09 10:11:00,44.175,44.179,44.124,44.169,24570
2026-09-09 10:12:00,44.169,44.206,44.164,44.174,10308
2026-09-09 10:13:00,44.174,44.206,44.132,44.133,37232
2026-09-09 10:14:00,44.133,44.171,44.036,44.098,9341
2026-09-09 10:15:00,44.098,44.228,44.078,44.181,34748
2026-09-09 10:16:00,44.181,44.23,44.168,44.198,24224
2026-09-09 10:17:00,44.198,44.235,44.19,44.198,57578
2026-09-09 10:18:00,44.198,44.414,44.17,44.375,59199
2026-09-09 10:19:00,44.375,44.416,44.302,44.32,32971
2026-09-09 10:20:00,44.32,44.335,44.304,44.329,50250
2026-09-09 10:21:00,44.329,44.371,44.315,44.339,48471
2026-09-09 10:22:00,44.339,44.475,44.313,44.445,6503
2026-09-09 10:23:00,44.445,44.453,44.258,44.3,46261
2026-09-09 10:24:00,44.3,44.321,44.162,44.174,6043
2026-09-09 10:25:00,44.174,44.185,44.11,44.168,30644
2026-09-09 10:26:00,44.168,44.181,44.086,44.133,57810
2026-09-09 10:27:00,44.133,44.186,44.081,44.087,28049
2026-09-09 10:28:00,44.087,44.089,44.066,44.079,19396
2026-09-09 10:29:00,44.079,44.106,43.987,43.991,30301
2026-09-09 10:30:00,43.991,44.001,43.859,43.907,13821
2026-09-09 10:31:00,43.907,43.945,43.813,43.82,11571
2026-09-09 10:32:00,43.82,43.833,43.754,43.83,24130
2026-09-09 10:33:00,43.83,43.861,43.64,43.666,9755
2026-09-09 10:34:00,43.666,43.791,43.628,43.76,38806
2026-09-09 10:35:00,43.76,43.792,43.596,43.632,11280
2026-09-09 10:36:00,43.632,43.7,43.624,43.643,56430
2026-09-09 10:37:00,43.643,43.655,43.457,43.482,12181
2026-09-09 10:38:00,43.482,43.712,43.455,43.684,17505
2026-09-09 10:39:00,43.684,43.704,43.545,43.545,9514
2026-09-09 10:40:00,43.545,43.621,43.538,43.615,34260
2026-09-09 10:41:00,43.615,43.742,43.596,43.711,26789
2026-09-09 10:42:00,43.711,43.742,43.649,43.677,13954
2026-09-09 10:43:00,43.677,43.759,43.654,43.754,13171
2026-09-09 10:44:00,43.754,43.757,43.693,43.75,19073
2026-09-09 10:45:00,43.75,43.97,43.709,43.951,58782
2026-09-09 10:46:00,43.951,44.097,43.91,44.068,59534
2026-09-09 10:47:00,44.068,44.223,44.051,44.17,27352
2026-09-09 10:48:00,44.17,44.265,44.153,44.235,27672
2026-09-09 10:49:00,44.235,44.361,44.213,44.335,5251
2026-09-09 10:50:00,44.335,44.464,44.313,44.449,5747
2026-09-09 10:51:00,44.449,44.512,44.438,44.464,41330
2026-09-09 10:52:00,44.464,44.53,44.447,44.523,7824
2026-09-09 10:53:00,44.523,44.76,44.509,44.709,44341
2026-09-09 10:54:00,44.709,44.74,44.604,44.605,31111
2026-09-09 10:55:00,44.605,44.753,44.553,44.732,57141
2026-09-09 10:56:00,44.732,44.741,44.611,44.674,40601
2026-09-09 10:57:00,44.674,44.803,44.611,44.75,18452
2026-09-09 10:58:00,44.75,44.779,44.624,44.624,58166
2026-09-09 10:59:00,44.624,44.68,44.619,44.678,22486
2026-09-09 11:00:00,44.678,44.686,44.651,44.654,47473
2026-09-09 11:01:00,44.654,44.662,44.593,44.6,46157
2026-09-09 11:02:00,44.6,44.622,44.595,44.604,35801
2026-09-09 11:03:00,44.604,44.607,44.497,44.524,39415
2026-09-09 11:04:00,44.524,44.59,44.483,44.575,8457
2026-09-09 11:05:00,44.575,44.584,44.495,44.547,39362
2026-09-09 11:06:00,44.547,44.608,44.512,44.593,8520
2026-09-09 11:07:00,44.593,44.616,44.521,44.547,56402
2026-09-09 11:08:00,44.547,44.569,44.468,44.504,9602
2026-09-09 11:09:00,44.504,44.582,44.498,44.576,59803
2026-09-09 11:10:00,44.576,44.642,44.563,44.619,10843
2026-09-09 11:11:00,44.619,44.646,44.567,44.612,5468
2026-09-09 11:12:00,44.612,44.815,44.597,44.779,14540
2026-09-09 11:13:00,44.779,44.81,44.773,44.79,26326
2026-09-09 11:14:00,44.79,44.899,44.757,44.878,13019
2026-09-09 11:15:00,44.878,44.88,44.775,44.823,56894
2026-09-09 11:16:00,44.823,44.898,44.803,44.88,52303
2026-09-09 11:17:00,44.88,44.983,44.88,44.961,5988
2026-09-09 11:18:00,44.961,44.965,44.877,44.896,24800
2026-09-09 11:19:00,44.896,45.074,44.836,45.051,23638
2026-09-09 11:20:00,45.051,45.092,45.026,45.09,20527
2026-09-09 11:21:00,45.09,45.105,45.075,45.081,47037
2026-09-09 11:22:00,45.081,45.165,45.055,45.139,20563
2026-09-09 11:23:00,45.139,45.178,45.044,45.069,9124
2026-09-09 11:24:00,45.069,45.126,45.05,45.113,13450
2026-09-09 11:25:00,45.113,45.127,44.961,44.974,37324
2026-09-09 11:26:00,44.974,44.976,44.897,44.908,11511
2026-09-09 11:27:00,44.908,45.004,44.868,44.976,55609
2026-09-09 11:28:00,44.976,44.984,44.809,44.811,5690
2026-09-09 11:29:00,44.811,44.835,44.661,44.686,34382
2026-09-09 11:30:00,44.686,44.801,44.657,44.753,5618
2026-09-09 11:31:00,44.753,44.758,44.56,44.577,5238
2026-09-09 11:32:00,44.577,44.607,44.323,44.347,50983
2026-09-09 11:33:00,44.347,44.442,44.331,44.425,11241
2026-09-09 11:34:00,44.425,44.466,44.348,44.36,10225
2026-09-09 11:35:00,44.36,44.417,44.203,44.237,27502
2026-09-09 11:36:00,44.237,44.269,44.199,44.212,36770
2026-09-09 11:37:00,44.212,44.223,44.027,44.048,5677
2026-09-09 11:38:00,44.048,44.084,44.019,44.034,17324
2026-09-09 11:39:00,44.034,44.044,43.884,43.908,41348
2026-09-09 11:40:00,43.908,43.951,43.888,43.94,5624
2026-09-09 11:41:00,43.94,44.021,43.936,44.005,19808
2026-09-09 11:42:00,44.005,44.023,43.917,43.93,56346
2026-09-09 11:43:00,43.93,43.979,43.918,43.933,23845
2026-09-09 11:44:00,43.933,43.952,43.757,43.804,9690
2026-09-09 11:45:00,43.804,43.938,43.799,43.908,48099
2026-09-09 11:46:00,43.908,43.918,43.872,43.889,39356
2026-09-09 11:47:00,43.889,44.016,43.879,44.008,45383
2026-09-09 11:48:00,44.008,44.027,43.889,43.923,8683
2026-09-09 11:49:00,43.923,44.016,43.916,44.012,49013
2026-09-09 11:50:00,44.012,44.023,43.936,43.943,55724
2026-09-09 11:51:00,43.943,44.134,43.916,44.118,15441
2026-09-09 11:52:00,44.118,44.139,43.968,43.972,44388
2026-09-09 11:53:00,43.972,44.04,43.942,44.032,23893
2026-09-09 11:54:00,44.032,44.173,43.968,44.146,8802
2026-09-09 11:55:00,44.146,44.163,44.006,44.012,40001
2026-09-09 11:56:00,44.012,44.015,43.905,43.928,38202
2026-09-09 11:57:00,43.928,44.007,43.914,43.948,32609
2026-09-09 11:58:00,43.948,43.958,43.923,43.925,42454
2026-09-09 11:59:00,43.925,43.966,43.873,43.878,49360
2026-09-09 13:00:00,43.878,43.893,43.665,43.68,13933
2026-09-09 13:01:00,43.68,43.802,43.665,43.748,27726
2026-09-09 13:02:00,43.748,43.76,43.571,43.574,38352
2026-09-09 13:03:00,43.574,43.761,43.516,43.741,55079
2026-09-09 13:04:00,43.741,43.774,43.588,43.594,10310
2026-09-09 13:05:00,43.594,43.62,43.506,43.516,17118
2026-09-09 13:06:00,43.516,43.632,43.483,43.582,46653
2026-09-09 13:07:00,43.582,43.621,43.545,43.561,40975
2026-09-09 13:08:00,43.561,43.574,43.468,43.489,54650
2026-09-09 13:09:00,43.489,43.671,43.458,43.638,48997
2026-09-09 13:10:00,43.638,43.658,43.567,43.583,41296
2026-09-09 13:11:00,43.583,43.625,43.538,43.542,59377
2026-09-09 13:12:00,43.542,43.826,43.528,43.826,58900
2026-09-09 13:13:00,43.826,43.901,43.805,43.89,25804
2026-09-09 13:14:00,43.89,43.945,43.889,43.942,52701
2026-09-09 13:15:00,43.942,44.033,43.912,44.011,53626
2026-09-09 13:16:00,44.011,44.06,43.982,44.047,32234
2026-09-09 13:17:00,44.047,44.205,44.036,44.199,38126
2026-09-09 13:18:00,44.199,44.385,44.186,44.343,59913
2026-09-09 13:19:00,44.343,44.437,44.287,44.39,40262
2026-09-09 13:20:00,44.39,44.497,44.365,44.49,35723
2026-09-09 13:21:00,44.49,44.505,44.418,44.447,19125
2026-09-09 13:22:00,44.447,44.624,44.434,44.593,41802
2026-09-09 13:23:00,44.593,44.634,44.586,44.619,53335
2026-09-09 13:24:00,44.619,44.652,44.501,44.521,15392
2026-09-09 13:25:00,44.521,44.536,44.468,44.53,8682
2026-09-09 13:26:00,44.53,44.579,44.507,44.565,49585
2026-09-09 13:27:00,44.565,44.671,44.543,44.647,59497
2026-09-09 13:28:00,44.647,44.68,44.64,44.65,44810
2026-09-09 13:29:00,44.65,44.653,44.572,44.583,36174
2026-09-09 13:30:00,44.583,44.591,44.576,44.583,10935
2026-09-09 13:31:00,44.583,44.592,44.533,44.551,37007
2026-09-09 13:32:00,44.551,44.559,44.523,44.555,15563
2026-09-09 13:33:00,44.555,44.586,44.539,44.547,14620
2026-09-09 13:34:00,44.547,44.579,44.507,44.522,29440
2026-09-09 13:35:00,44.522,44.531,44.453,44.473,42158
2026-09-09 13:36:00,44.473,44.5,44.465,44.476,55106
2026-09-09 13:37:00,44.476,44.51,44.391,44.427,13545
2026-09-09 13:38:00,44.427,44.517,44.41,44.491,21244
2026-09-09 13:39:00,44.491,44.55,44.411,44.46,50927
2026-09-09 13:40:00,44.46,44.598,44.434,44.579,17463
2026-09-09 13:41:00,44.579,44.616,44.502,44.507,46104
2026-09-09 13:42:00,44.507,44.553,44.49,44.549,27210
2026-09-09 13:43:00,44.549,44.55,44.508,44.543,14281
2026-09-09 13:44:00,44.543,44.622,44.542,44.614,10529
2026-09-09 13:45:00,44.614,44.705,44.602,44.701,48369
2026-09-09 13:46:00,44.701,44.728,44.669,44.712,23415
2026-09-09 13:47:00,44.712,44.733,44.706,44.723,39822
2026-09-09 13:48:00,44.723,44.734,44.699,44.726,26436
2026-09-09 13:49:00,44.726,44.828,44.707,44.811,21306
2026-09-09 13:50:00,44.811,44.843,44.775,44.838,30399
2026-09-09 13:51:00,44.838,44.867,44.786,44.83,41482
2026-09-09 13:52:00,44.83,44.877,44.824,44.866,7195
2026-09-09 13:53:00,44.866,44.886,44.738,44.766,43247
2026-09-09 13:54:00,44.766,44.788,44.615,44.619,56575
2026-09-09 13:55:00,44.619,44.677,44.602,44.67,32488
2026-09-09 13:56:00,44.67,44.674,44.532,44.548,16404
2026-09-09 13:57:00,44.548,44.584,44.484,44.501,43145
2026-09-09 13:58:00,44.501,44.573,44.499,44.554,23607
2026-09-09 13:59:00,44.554,44.59,44.425,44.439,48513
2026-09-09 14:00:00,44.439,44.476,44.221,44.268,22868
2026-09-09 14:01:00,44.268,44.27,44.142,44.157,54041
2026-09-09 14:02:00,44.157,44.183,44.07,44.084,35684
2026-09-09 14:03:00,44.084,44.104,43.893,43.926,50685
2026-09-09 14:04:00,43.926,43.996,43.911,43.971,27373
2026-09-09 14:05:00,43.971,44.001,43.817,43.834,10922
2026-09-09 14:06:00,43.834,43.923,43.829,43.897,15864
2026-09-09 14:07:00,43.897,43.929,43.646,43.682,52370
2026-09-09 14:08:00,43.682,43.749,43.673,43.731,23884
2026-09-09 14:09:00,43.731,43.743,43.588,43.615,57238
2026-09-09 14:10:00,43.615,43.669,43.605,43.667,39173
2026-09-09 14:11:00,43.667,43.731,43.451,43.524,31563
2026-09-09 14:12:00,43.524,43.683,43.514,43.64,42274
2026-09-09 14:13:00,43.64,43.664,43.552,43.558,54811
2026-09-09 14:14:00,43.558,43.603,43.547,43.569,58379
2026-09-09 14:15:00,43.569,43.616,43.534,43.606,17329
2026-09-09 14:16:00,43.606,43.675,43.586,43.671,13876
2026-09-09 14:17:00,43.671,43.699,43.668,43.698,7216
2026-09-09 14:18:00,43.698,43.825,43.688,43.788,47949
2026-09-09 14:19:00,43.788,43.831,43.711,43.741,29553
2026-09-09 14:20:00,43.741,43.752,43.565,43.583,6381
2026-09-09 14:21:00,43.583,43.729,43.572,43.723,11589
2026-09-09 14:22:00,43.723,43.741,43.617,43.637,52981
2026-09-09 14:23:00,43.637,43.776,43.621,43.728,12200
2026-09-09 14:24:00,43.728,43.828,43.672,43.796,16906
2026-09-09 14:25:00,43.796,43.799,43.663,43.668,29415
2026-09-09 14:26:00,43.668,43.673,43.611,43.662,9422
2026-09-09 14:27:00,43.662,43.741,43.644,43.686,58569
2026-09-09 14:28:00,43.686,43.721,43.603,43.637,46832
2026-09-09 14:29:00,43.637,43.736,43.633,43.712,33602
2026-09-09 14:30:00,43.712,43.735,43.609,43.651,25095
2026-09-09 14:31:00,43.651,43.678,43.593,43.641,59330
2026-09-09 14:32:00,43.641,43.697,43.623,43.679,8391
2026-09-09 14:33:00,43.679,43.687,43.542,43.555,32989
2026-09-09 14:34:00,43.555,43.611,43.508,43.542,51004
2026-09-09 14:35:00,43.542,43.55,43.48,43.495,30472
2026-09-09 14:36:00,43.495,43.561,43.475,43.55,40090
2026-09-09 14:37:00,43.55,43.623,43.533,43.59,6149
2026-09-09 14:38:00,43.59,43.688,43.557,43.65,25355
2026-09-09 14:39:00,43.65,43.711,43.595,43.615,9584
2026-09-09 14:40:00,43.615,43.672,43.577,43.651,57694
2026-09-09 14:41:00,43.651,43.708,43.608,43.684,53076
2026-09-09 14:42:00,43.684,43.752,43.648,43.727,54880
2026-09-09 14:43:00,43.727,43.883,43.684,43.879,42804
2026-09-09 14:44:00,43.879,44.059,43.874,44.028,14804
2026-09-09 14:45:00,44.028,44.054,43.877,43.888,36016
2026-09-09 14:46:00,43.888,44.04,43.871,44.01,34276
2026-09-09 14:47:00,44.01,44.302,44.009,44.298,54007
2026-09-09 14:48:00,44.298,44.318,44.193,44.211,58431
2026-09-09 14:49:00,44.211,44.387,44.211,44.376,40768
2026-09-09 14:50:00,44.376,44.391,44.338,44.354,53823
2026-09-09 14:51:00,44.354,44.568,44.346,44.555,20516
2026-09-09 14:52:00,44.555,44.617,44.553,44.609,26501
2026-09-09 14:53:00,44.609,44.639,44.601,44.614,52625
2026-09-09 14:54:00,44.614,44.728,44.6,44.688,19500
2026-09-09 14:55:00,44.688,44.703,44.663,44.664,45087
2026-09-09 14:56:00,44.664,44.729,44.633,44.699,25675
2026-09-09 14:57:00,44.699,44.832,44.67,44.771,9418
2026-09-09 14:58:00,44.771,44.836,44.676,44.72,52623
2026-09-09 14:59:00,44.72,44.744,44.601,44.613,50732
2026-09-09 15:00:00,44.613,44.617,44.513,44.55,38229
2026-09-09 15:01:00,44.55,44.584,44.5,44.542,25060
2026-09-09 15:02:00,44.542,44.553,44.47,44.494,15991
2026-09-09 15:03:00,44.494,44.506,44.447,44.47,51493
2026-09-09 15:04:00,44.47,44.487,44.381,44.393,35982
2026-09-09 15:05:00,44.393,44.43,44.362,44.413,50423
2026-09-09 15:06:00,44.413,44.444,44.343,44.345,7407
2026-09-09 15:07:00,44.345,44.381,44.333,44.356,54920
2026-09-09 15:08:00,44.356,44.435,44.243,44.313,49578
2026-09-09 15:09:00,44.313,44.368,44.276,44.319,11246
2026-09-09 15:10:00,44.319,44.37,44.202,44.236,39833
2026-09-09 15:11:00,44.236,44.419,44.22,44.412,45463
2026-09-09 15:12:00,44.412,44.435,44.353,44.361,24227
2026-09-09 15:13:00,44.361,44.455,44.337,44.393,22215
2026-09-09 15:14:00,44.393,44.446,44.378,44.416,35807
2026-09-09 15:15:00,44.416,44.501,44.404,44.468,52170
2026-09-09 15:16:00,44.468,44.509,44.463,44.499,14409
2026-09-09 15:17:00,44.499,44.534,44.499,44.515,11321
2026-09-09 15:18:00,44.515,44.534,44.511,44.519,47624
2026-09-09 15:19:00,44.519,44.562,44.419,44.452,53190
2026-09-09 15:20:00,44.452,44.549,44.412,44.531,10303
2026-09-09 15:21:00,44.531,44.534,44.492,44.506,58504
2026-09-09 15:22:00,44.506,44.542,44.465,44.499,38214
2026-09-09 15:23:00,44.499,44.674,44.473,44.636,33416
2026-09-09 15:24:00,44.636,44.652,44.383,44.405,31474
2026-09-09 15:25:00,44.405,44.476,44.375,44.462,35181
2026-09-09 15:26:00,44.462,44.485,44.403,44.477,18668
2026-09-09 15:27:00,44.477,44.497,44.334,44.371,38599
2026-09-09 15:28:00,44.371,44.381,44.293,44.325,36047
2026-09-09 15:29:00,44.325,44.327,44.116,44.118,54358
2026-09-09 15:30:00,44.118,44.137,44.035,44.066,13248
2026-09-09 15:31:00,44.066,44.081,44.054,44.068,9844
2026-09-09 15:32:00,44.068,44.101,43.9,43.934,44733
2026-09-09 15:33:00,43.934,43.986,43.918,43.978,51869
2026-09-09 15:34:00,43.978,44.0,43.78,43.804,25699
2026-09-09 15:35:00,43.804,43.849,43.734,43.738,24186
2026-09-09 15:36:00,43.738,43.762,43.653,43.706,40445
2026-09-09 15:37:00,43.706,43.713,43.548,43.602,27335
2026-09-09 15:38:00,43.602,43.609,43.56,43.563,44392
2026-09-09 15:39:00,43.563,43.569,43.487,43.503,53016
2026-09-09 15:40:00,43.503,43.567,43.469,43.527,48745
2026-09-09 15:41:00,43.527,43.535,43.506,43.515,11703
2026-09-09 15:42:00,43.515,43.647,43.513,43.58,37689
2026-09-09 15:43:00,43.58,43.588,43.495,43.502,12896
2026-09-09 15:44:00,43.502,43.56,43.473,43.538,19959
2026-09-09 15:45:00,43.538,43.754,43.536,43.703,42451
2026-09-09 15:46:00,43.703,43.745,43.673,43.731,38669
2026-09-09 15:47:00,43.731,43.735,43.682,43.711,45127
2026-09-09 15:48:00,43.711,43.786,43.7,43.78,40306
2026-09-09 15:49:00,43.78,43.819,43.77,43.798,17400
2026-09-09 15:50:00,43.798,44.058,43.763,44.039,36967
2026-09-09 15:51:00,44.039,44.044,43.86,43.86,43138
2026-09-09 15:52:00,43.86,44.086,43.814,44.078,36635
2026-09-09 15:53:00,44.078,44.147,43.925,43.98,24629
2026-09-09 15:54:00,43.98,44.052,43.973,44.049,49415
2026-09-09 15:55:00,44.049,44.1,43.997,44.009,6515
2026-09-09 15:56:00,44.009,44.033,43.965,43.98,46102
2026-09-09 15:57:00,43.98,44.096,43.941,44.025,19423
2026-09-09 15:58:00,44.025,44.049,44.002,44.003,55366
2026-09-09 15:59:00,44.003,44.099,43.884,43.932,13861
2026-09-10 09:30:00,44.333,44.333,44.308,44.333,5466
2026-09-10 09:31:00,44.333,44.354,44.249,44.31,13552
2026-09-10 09:32:00,44.31,44.356,44.242,44.259,5316
2026-09-10 09:33:00,44.259,44.29,44.254,44.29,30569
2026-09-10 09:34:00,44.29,44.349,44.281,44.348,28268
2026-09-10 09:35:00,44.348,44.426,44.335,44.404,10641
2026-09-10 09:36:00,44.404,44.412,44.384,44.386,19186
2026-09-10 09:37:00,44.386,44.469,44.382,44.443,43279
2026-09-10 09:38:00,44.443,44.571,44.402,44.555,15948
2026-09-10 09:39:00,44.555,44.621,44.451,44.5,10759
2026-09-10 09:40:00,44.5,44.638,44.47,44.609,14257
2026-09-10 09:41:00,44.609,44.681,44.602,44.646,55822
2026-09-10 09:42:00,44.646,44.709,44.617,44.669,46257
2026-09-10 09:43:00,44.669,44.69,44.646,44.667,31787
2026-09-10 09:44:00,44.667,44.768,44.667,44.759,36013
2026-09-10 09:45:00,44.759,44.81,44.715,44.794,34665
2026-09-10 09:46:00,44.794,44.958,44.787,44.945,8737
2026-09-10 09:47:00,44.945,44.991,44.857,44.885,25259
2026-09-10 09:48:00,44.885,44.975,44.877,44.952,22213
2026-09-10 09:49:00,44.952,45.079,44.945,45.048,26924
2026-09-10 09:50:00,45.048,45.095,45.028,45.063,57474
2026-09-10 09:51:00,45.063,45.163,45.057,45.156,53047
2026-09-10 09:52:00,45.156,45.197,45.151,45.189,51528
2026-09-10 09:53:00,45.189,45.199,45.055,45.081,46758
2026-09-10 09:54:00,45.081,45.162,45.074,45.147,34533
2026-09-10 09:55:00,45.147,45.172,45.116,45.13,26325
2026-09-10 09:56:00,45.13,45.387,45.098,45.335,22402
2026-09-10 09:57:00,45.335,45.339,45.263,45.264,49909
2026-09-10 09:58:00,45.264,45.303,45.231,45.291,23056
2026-09-10 09:59:00,45.291,45.344,45.267,45.338,25825
2026-09-10 10:00:00,45.338,45.385,45.179,45.189,22629
2026-09-10 10:01:00,45.189,45.205,45.141,45.155,9426
2026-09-10 10:02:00,45.155,45.174,45.125,45.142,26839
2026-09-10 10:03:00,45.142,45.157,45.05,45.062,17575
2026-09-10 10:04:00,45.062,45.167,45.023,45.127,24056
2026-09-10 10:05:00,45.127,45.155,45.021,45.022,28339
2026-09-10 10:06:00,45.022,45.03,44.949,44.984,38868
2026-09-10 10:07:00,44.984,44.989,44.888,44.896,29331
2026-09-10 10:08:00,44.896,44.911,44.742,44.774,57700
2026-09-10 10:09:00,44.774,44.813,44.692,44.718,14647
2026-09-10 10:10:00,44.718,44.731,44.614,44.619,13693
2026-09-10 10:11:00,44.619,44.645,44.461,44.489,43711
2026-09-10 10:12:00,44.489,44.611,44.471,44.555,48452
2026-09-10 10:13:00,44.555,44.555,44.494,44.51,18117
2026-09-10 10:14:00,44.51,44.549,44.378,44.403,52181
2026-09-10 10:15:00,44.403,44.421,44.28,44.299,40750
2026-09-10 10:16:00,44.299,44.309,44.261,44.272,17015
2026-09-10 10:17:00,44.272,44.289,44.207,44.246,33986
2026-09-10 10:18:00,44.246,44.263,44.172,44.197,47375
2026-09-10 10:19:00,44.197,44.234,44.174,44.227,40627
2026-09-10 10:20:00,44.227,44.245,44.028,44.049,18999
2026-09-10 10:21:00,44.049,44.136,44.012,44.096,54103
2026-09-10 10:22:00,44.096,44.105,44.044,44.055,13791
2026-09-10 10:23:00,44.055,44.108,43.993,44.001,44123
2026-09-10 10:24:00,44.001,44.007,43.949,43.955,37151
2026-09-10 10:25:00,43.955,43.979,43.897,43.911,38821
2026-09-10 10:26:00,43.911,43.98,43.904,43.948,15276
2026-09-10 10:27:00,43.948,44.04,43.926,44.025,42545
2026-09-10 10:28:00,44.025,44.106,44.018,44.094,21721
2026-09-10 10:29:00,44.094,44.095,43.969,43.971,33424
2026-09-10 10:30:00,43.971,44.058,43.957,44.038,41408
2026-09-10 10:31:00,44.038,44.087,43.998,44.038,59617
2026-09-10 10:32:00,44.038,44.097,44.022,44.083,33139
2026-09-10 10:33:00,44.083,44.106,44.059,44.063,49909
2026-09-10 10:34:00,44.063,44.125,44.036,44.089,7117
2026-09-10 10:35:00,44.089,44.128,44.074,44.111,13660
2026-09-10 10:36:00,44.111,44.123,44.014,44.017,57415
2026-09-10 10:37:00,44.017,44.104,44.007,44.092,13508
2026-09-10 10:38:00,44.092,44.1,44.006,44.021,12588
2026-09-10 10:39:00,44.021,44.04,44.015,44.017,28980
2026-09-10 10:40:00,44.017,44.121,43.981,44.111,39323
2026-09-10 10:41:00,44.111,44.138,44.023,44.083,55721
2026-09-10 10:42:00,44.083,44.176,44.057,44.164,53173
2026-09-10 10:43:00,44.164,44.223,44.149,44.187,12864
2026-09-10 10:44:00,44.187,44.205,44.049,44.088,50003
2026-09-10 10:45:00,44.088,44.14,44.087,44.109,18122
2026-09-10 10:46:00,44.109,44.177,44.089,44.121,25543
2026-09-10 10:47:00,44.121,44.144,44.092,44.107,59976
2026-09-10 10:48:00,44.107,44.149,44.1,44.123,46580
2026-09-10 10:49:00,44.123,44.168,44.092,44.093,46111
2026-09-10 10:50:00,44.093,44.109,43.968,43.992,18759
2026-09-10 10:51:00,43.992,44.013,43.931,43.948,34934
2026-09-10 10:52:00,43.948,44.002,43.913,43.942,54393
2026-09-10 10:53:00,43.942,43.974,43.928,43.971,14137
2026-09-10 10:54:00,43.971,43.985,43.846,43.893,31221
2026-09-10 10:55:00,43.893,43.99,43.879,43.989,6754
2026-09-10 10:56:00,43.989,44.06,43.895,43.902,45400
2026-09-10 10:57:00,43.902,44.018,43.86,44.013,23174
2026-09-10 10:58:00,44.013,44.035,43.841,43.891,46963
2026-09-10 10:59:00,43.891,43.952,43.836,43.917,15457
2026-09-10 11:00:00,43.917,44.004,43.88,43.994,49846
2026-09-10 11:01:00,43.994,44.066,43.963,44.022,53606
2026-09-10 11:02:00,44.022,44.028,43.947,43.991,58326
2026-09-10 11:03:00,43.991,44.186,43.985,44.162,33438
2026-09-10 11:04:00,44.162,44.184,44.096,44.108,39287
2026-09-10 11:05:00,44.108,44.171,44.105,44.156,32808
2026-09-10 11:06:00,44.156,44.168,44.136,44.144,23368
2026-09-10 11:07:00,44.144,44.387,44.12,44.384,38671
2026-09-10 11:08:00,44.384,44.433,44.38,44.413,42214
2026-09-10 11:09:00,44.413,44.485,44.383,44.466,32143
2026-09-10 11:10:00,44.466,44.542,44.443,44.452,13124
2026-09-10 11:11:00,44.452,44.647,44.442,44.643,18078
2026-09-10 11:12:00,44.643,44.68,44.623,44.67,30142
2026-09-10 11:13:00,44.67,44.818,44.663,44.798,45355
2026-09-10 11:14:00,44.798,44.879,44.787,44.878,28346
2026-09-10 11:15:00,44.878,44.885,44.868,44.869,45582
2026-09-10 11:16:00,44.869,44.998,44.844,44.958,38709
2026-09-10 11:17:00,44.958,45.105,44.952,45.064,54990
2026-09-10 11:18:00,45.064,45.102,45.053,45.094,25941
2026-09-10 11:19:00,45.094,45.097,45.055,45.094,31871
2026-09-10 11:20:00,45.094,45.209,45.084,45.138,11300
2026-09-10 11:21:00,45.138,45.238,45.116,45.18,12200
2026-09-10 11:22:00,45.18,45.211,45.157,45.203,20222
2026-09-10 11:23:00,45.203,45.344,45.191,45.343,57955
2026-09-10 11:24:00,45.343,45.359,45.296,45.322,13526
2026-09-10 11:25:00,45.322,45.355,45.216,45.252,5826
2026-09-10 11:26:00,45.252,45.384,45.24,45.367,49065
2026-09-10 11:27:00,45.367,45.376,45.295,45.315,13623
2026-09-10 11:28:00,45.315,45.328,45.213,45.23,5262
2026-09-10 11:29:00,45.23,45.471,45.2,45.467,43899
2026-09-10 11:30:00,45.467,45.494,45.439,45.453,43318
2026-09-10 11:31:00,45.453,45.468,45.255,45.282,52456
2026-09-10 11:32:00,45.282,45.306,45.275,45.281,48652
2026-09-10 11:33:00,45.281,45.317,45.277,45.298,56865
2026-09-10 11:34:00,45.298,45.306,45.211,45.222,52061
2026-09-10 11:35:00,45.222,45.254,45.13,45.143,37744
2026-09-10 11:36:00,45.143,45.158,45.067,45.083,50505
2026-09-10 11:37:00,45.083,45.094,45.026,45.036,20193
2026-09-10 11:38:00,45.036,45.049,44.971,44.974,33024
2026-09-10 11:39:00,44.974,44.993,44.947,44.949,6690
2026-09-10 11:40:00,44.949,44.961,44.859,44.876,29193
2026-09-10 11:41:00,44.876,44.896,44.789,44.791,45413
2026-09-10 11:42:00,44.791,44.794,44.725,44.762,44540
2026-09-10 11:43:00,44.762,44.791,44.585,44.606,40297
2026-09-10 11:44:00,44.606,44.716,44.576,44.713,7888
2026-09-10 11:45:00,44.713,44.739,44.445,44.496,11398
2026-09-10 11:46:00,44.496,44.556,44.493,44.543,22435
2026-09-10 11:47:00,44.543,44.573,44.511,44.553,46064
2026-09-10 11:48:00,44.553,44.555,44.476,44.51,31336
2026-09-10 11:49:00,44.51,44.543,44.413,44.442,57241
2026-09-10 11:50:00,44.442,44.528,44.418,44.49,56804
2026-09-10 11:51:00,44.49,44.542,44.333,44.341,15247
2026-09-10 11:52:00,44.341,44.396,44.314,44.386,40312
2026-09-10 11:53:00,44.386,44.451,44.384,44.439,38172
2026-09-10 11:54:00,44.439,44.443,44.418,44.429,36744
2026-09-10 11:55:00,44.429,44.448,44.414,44.436,27996
2026-09-10 11:56:00,44.436,44.634,44.42,44.557,34228
2026-09-10 11:57:00,44.557,44.587,44.455,44.458,38831
2026-09-10 11:58:00,44.458,44.495,44.43,44.494,22343
2026-09-10 11:59:00,44.494,44.501,44.482,44.5,11470
2026-09-10 13:00:00,44.5,44.53,44.465,44.496,36458
2026-09-10 13:01:00,44.496,44.546,44.489,44.512,54396
2026-09-10 13:02:00,44.512,44.543,44.51,44.524,20866
2026-09-10 13:03:00,44.524,44.594,44.485,44.585,21156
2026-09-10 13:04:00,44.585,44.598,44.521,44.559,10962
2026-09-10 13:05:00,44.559,44.615,44.541,44.594,40277
2026-09-10 13:06:00,44.594,44.661,44.568,44.63,6002
2026-09-10 13:07:00,44.63,44.641,44.513,44.519,17880
2026-09-10 13:08:00,44.519,44.67,44.445,44.631,16872
2026-09-10 13:09:00,44.631,44.655,44.476,44.517,14893
2026-09-10 13:10:00,44.517,44.582,44.446,44.552,54809
2026-09-10 13:11:00,44.552,44.631,44.483,44.493,57726
2026-09-10 13:12:00,44.493,44.516,44.428,44.44,41540
2026-09-10 13:13:00,44.44,44.453,44.294,44.322,19196
2026-09-10 13:14:00,44.322,44.484,44.317,44.468,36233
2026-09-10 13:15:00,44.468,44.502,44.274,44.282,57501
2026-09-10 13:16:00,44.282,44.293,44.25,44.276,40922
2026-09-10 13:17:00,44.276,44.334,44.251,44.332,52339
2026-09-10 13:18:00,44.332,44.359,44.208,44.211,43952
2026-09-10 13:19:00,44.211,44.242,44.19,44.234,35649
2026-09-10 13:20:00,44.234,44.245,44.135,44.141,54059
2026-09-10 13:21:00,44.141,44.154,44.003,44.05,35906
2026-09-10 13:22:00,44.05,44.079,44.014,44.027,43275
2026-09-10 13:23:00,44.027,44.033,43.975,44.006,6665
2026-09-10 13:24:00,44.006,44.046,43.843,43.877,30194
2026-09-10 13:25:00,43.877,43.933,43.851,43.915,47372
2026-09-10 13:26:00,43.915,43.955,43.907,43.933,39840
2026-09-10 13:27:00,43.933,43.955,43.906,43.913,42559
2026-09-10 13:28:00,43.913,43.981,43.868,43.97,47320
2026-09-10 13:29:00,43.97,43.972,43.878,43.924,37227
2026-09-10 13:30:00,43.924,44.114,43.897,44.107,10423
2026-09-10 13:31:00,44.107,44.184,44.091,44.181,49741
2026-09-10 13:32:00,44.181,44.198,44.027,44.074,32990
2026-09-10 13:33:00,44.074,44.188,44.065,44.175,30889
2026-09-10 13:34:00,44.175,44.339,44.122,44.284,27194
2026-09-10 13:35:00,44.284,44.303,44.229,44.251,26037
2026-09-10 13:36:00,44.251,44.286,44.221,44.272,16192
2026-09-10 13:37:00,44.272,44.391,44.247,44.338,45744
2026-09-10 13:38:00,44.338,44.573,44.332,44.51,49349
2026-09-10 13:39:00,44.51,44.639,44.469,44.638,32215
2026-09-10 13:40:00,44.638,44.643,44.542,44.595,10847
2026-09-10 13:41:00,44.595,44.748,44.58,44.719,38346
2026-09-10 13:42:00,44.719,44.802,44.663,44.772,6510
2026-09-10 13:43:00,44.772,44.88,44.722,44.876,13389
2026-09-10 13:44:00,44.876,44.997,44.863,44.974,14923
2026-09-10 13:45:00,44.974,44.998,44.97,44.987,16051
2026-09-10 13:46:00,44.987,45.068,44.978,45.031,33402
2026-09-10 13:47:00,45.031,45.241,45.015,45.222,15036
2026-09-10 13:48:00,45.222,45.282,45.09,45.145,33061
2026-09-10 13:49:00,45.145,45.224,45.135,45.192,49152
2026-09-10 13:50:00,45.192,45.312,45.144,45.301,52164
2026-09-10 13:51:00,45.301,45.301,45.29,45.294,59654
2026-09-10 13:52:00,45.294,45.309,45.258,45.294,50353
2026-09-10 13:53:00,45.294,45.408,45.272,45.374,58552
2026-09-10 13:54:00,45.374,45.398,45.275,45.284,50769
2026-09-10 13:55:00,45.284,45.409,45.279,45.381,35372
2026-09-10 13:56:00,45.381,45.41,45.352,45.404,8825
2026-09-10 13:57:00,45.404,45.424,45.368,45.369,48157
2026-09-10 13:58:00,45.369,45.402,45.307,45.33,14878
2026-09-10 13:59:00,45.33,45.334,45.29,45.304,11624
2026-09-10 14:00:00,45.304,45.339,45.154,45.161,33331
2026-09-10 14:01:00,45.161,45.261,45.151,45.214,23112
2026-09-10 14:02:00,45.214,45.241,45.207,45.225,41328
2026-09-10 14:03:00,45.225,45.237,45.191,45.211,56664
2026-09-10 14:04:00,45.211,45.218,45.121,45.125,5427
2026-09-10 14:05:00,45.125,45.132,45.053,45.054,21318
2026-09-10 14:06:00,45.054,45.1,44.981,44.996,52214
2026-09-10 14:07:00,44.996,45.004,44.993,44.999,13716
2026-09-10 14:08:00,44.999,45.038,44.932,44.981,16839
2026-09-10 14:09:00,44.981,44.986,44.902,44.974,28862
2026-09-10 14:10:00,44.974,44.977,44.89,44.909,34636
2026-09-10 14:11:00,44.909,44.939,44.864,44.867,47248
2026-09-10 14:12:00,44.867,44.87,44.836,44.849,47273
2026-09-10 14:13:00,44.849,44.859,44.822,44.836,59295
2026-09-10 14:14:00,44.836,44.85,44.825,44.842,24456
2026-09-10 14:15:00,44.842,44.852,44.74,44.754,6765
2026-09-10 14:16:00,44.754,44.794,44.742,44.757,53260
2026-09-10 14:17:00,44.757,44.83,44.719,44.804,40020
2026-09-10 14:18:00,44.804,44.896,44.779,44.891,40382
2026-09-10 14:19:00,44.891,44.907,44.794,44.826,51209
2026-09-10 14:20:00,44.826,44.861,44.778,44.855,20825
2026-09-10 14:21:00,44.855,44.919,44.819,44.908,49874
2026-09-10 14:22:00,44.908,44.927,44.75,44.779,45400
2026-09-10 14:23:00,44.779,44.903,44.774,44.896,55561
2026-09-10 14:24:00,44.896,44.929,44.788,44.826,29642
2026-09-10 14:25:00,44.826,44.834,44.738,44.784,40534
2026-09-10 14:26:00,44.784,44.937,44.742,44.899,38786
2026-09-10 14:27:00,44.899,44.915,44.737,44.74,51689
2026-09-10 14:28:00,44.74,44.828,44.732,44.779,46070
2026-09-10 14:29:00,44.779,44.844,44.741,44.822,27143
2026-09-10 14:30:00,44.822,44.864,44.773,44.832,44991
2026-09-10 14:31:00,44.832,44.839,44.743,44.769,37498
2026-09-10 14:32:00,44.769,44.789,44.627,44.646,48919
2026-09-10 14:33:00,44.646,44.741,44.645,44.739,35196
2026-09-10 14:34:00,44.739,44.781,44.691,44.711,36732
2026-09-10 14:35:00,44.711,44.808,44.707,44.797,29318
2026-09-10 14:36:00,44.797,44.854,44.713,44.714,33651
2026-09-10 14:37:00,44.714,44.718,44.591,44.607,29663
2026-09-10 14:38:00,44.607,44.622,44.493,44.497,29652
2026-09-10 14:39:00,44.497,44.571,44.491,44.562,43895
2026-09-10 14:40:00,44.562,44.565,44.383,44.408,45852
2026-09-10 14:41:00,44.408,44.439,44.392,44.43,13307
2026-09-10 14:42:00,44.43,44.443,44.34,44.352,59088
2026-09-10 14:43:00,44.352,44.411,44.244,44.25,50847
2026-09-10 14:44:00,44.25,44.251,44.22,44.241,39226
2026-09-10 14:45:00,44.241,44.245,44.16,44.177,44034
2026-09-10 14:46:00,44.177,44.195,44.076,44.09,32577
2026-09-10 14:47:00,44.09,44.203,44.09,44.169,16101
2026-09-10 14:48:00,44.169,44.211,44.068,44.089,21613
2026-09-10 14:49:00,44.089,44.107,43.978,44.001,24184
2026-09-10 14:50:00,44.001,44.05,43.923,43.988,48206
2026-09-10 14:51:00,43.988,44.048,43.966,44.011,51275
2026-09-10 14:52:00,44.011,44.034,43.954,43.995,39916
2026-09-10 14:53:00,43.995,44.012,43.974,44.005,28317
2026-09-10 14:54:00,44.005,44.035,43.973,43.998,5738
2026-09-10 14:55:00,43.998,43.999,43.941,43.975,51617
2026-09-10 14:56:00,43.975,43.976,43.889,43.921,36284
2026-09-10 14:57:00,43.921,44.127,43.899,44.097,26920
2026-09-10 14:58:00,44.097,44.117,44.066,44.088,27856
2026-09-10 14:59:00,44.088,44.124,44.05,44.114,59620
2026-09-10 15:00:00,44.114,44.218,44.095,44.216,44021
2026-09-10 15:01:00,44.216,44.224,44.09,44.103,26493
2026-09-10 15:02:00,44.103,44.207,44.075,44.191,25883
2026-09-10 15:03:00,44.191,44.249,44.174,44.204,59102
2026-09-10 15:04:00,44.204,44.393,44.194,44.35,56668
2026-09-10 15:05:00,44.35,44.368,44.23,44.262,26147
2026-09-10 15:06:00,44.262,44.378,44.23,44.372,5390
2026-09-10 15:07:00,44.372,44.572,44.346,44.546,28124
2026-09-10 15:08:00,44.546,44.624,44.532,44.562,50092
2026-09-10 15:09:00,44.562,44.608,44.551,44.56,14576
2026-09-10 15:10:00,44.56,44.78,44.56,44.769,25603
2026-09-10 15:11:00,44.769,44.82,44.658,44.663,48239
2026-09-10 15:12:00,44.663,44.827,44.641,44.824,20927
2026-09-10 15:13:00,44.824,44.879,44.823,44.865,9318
2026-09-10 15:14:00,44.865,44.998,44.855,44.935,18839
2026-09-10 15:15:00,44.935,44.964,44.886,44.927,47994
2026-09-10 15:16:00,44.927,44.999,44.918,44.988,18563
2026-09-10 15:17:00,44.988,45.086,44.939,45.079,32401
2026-09-10 15:18:00,45.079,45.119,44.965,45.013,51039
2026-09-10 15:19:00,45.013,45.148,44.976,45.132,52363
2026-09-10 15:20:00,45.132,45.153,45.079,45.098,27288
2026-09-10 15:21:00,45.098,45.166,45.068,45.155,39148
2026-09-10 15:22:00,45.155,45.188,45.032,45.085,47181
2026-09-10 15:23:00,45.085,45.091,45.052,45.077,57087
2026-09-10 15:24:00,45.077,45.137,45.033,45.132,23091
2026-09-10 15:25:00,45.132,45.212,45.125,45.18,33314
2026-09-10 15:26:00,45.18,45.204,44.902,44.966,16236
2026-09-10 15:27:00,44.966,45.063,44.943,45.042,17445
2026-09-10 15:28:00,45.042,45.095,45.007,45.069,9259
2026-09-10 15:29:00,45.069,45.081,44.936,44.937,55806
2026-09-10 15:30:00,44.937,44.978,44.927,44.971,24458
2026-09-10 15:31:00,44.971,45.053,44.945,45.04,54169
2026-09-10 15:32:00,45.04,45.052,44.912,44.92,51461
2026-09-10 15:33:00,44.92,44.938,44.914,44.925,51210
2026-09-10 15:34:00,44.925,45.033,44.92,45.017,33733
2026-09-10 15:35:00,45.017,45.052,44.865,44.87,37984
2026-09-10 15:36:00,44.87,44.907,44.805,44.889,5504
2026-09-10 15:37:00,44.889,44.894,44.833,44.845,19470
2026-09-10 15:38:00,44.845,44.908,44.825,44.906,6243
2026-09-10 15:39:00,44.906,44.941,44.9,44.913,5956
2026-09-10 15:40:00,44.913,45.123,44.872,45.077,24926
2026-09-10 15:41:00,45.077,45.083,45.065,45.073,49668
2026-09-10 15:42:00,45.073,45.084,44.9,44.907,38358
2026-09-10 15:43:00,44.907,45.108,44.879,45.083,41277
2026-09-10 15:44:00,45.083,45.089,45.023,45.041,22898
2026-09-10 15:45:00,45.041,45.051,44.994,45.017,29231
2026-09-10 15:46:00,45.017,45.104,45.007,45.073,25915
2026-09-10 15:47:00,45.073,45.116,45.069,45.085,33262
2026-09-10 15:48:00,45.085,45.122,45.005,45.064,13495
2026-09-10 15:49:00,45.064,45.091,45.022,45.031,48361
2026-09-10 15:50:00,45.031,45.099,45.015,45.088,29024
2026-09-10 15:51:00,45.088,45.169,45.07,45.144,17717
2026-09-10 15:52:00,45.144,45.167,45.125,45.139,13295
2026-09-10 15:53:00,45.139,45.168,45.135,45.148,6134
2026-09-10 15:54:00,45.148,45.292,45.086,45.269,31387
2026-09-10 15:55:00,45.269,45.276,45.145,45.152,10189
2026-09-10 15:56:00,45.152,45.281,45.15,45.231,21542
2026-09-10 15:57:00,45.231,45.265,45.096,45.132,59367
2026-09-10 15:58:00,45.132,45.185,45.096,45.162,34207
2026-09-10 15:59:00,45.162,45.2,45.07,45.077,16490
2026-09-11 09:30:00,44.387,44.404,44.386,44.387,27363
2026-09-11 09:31:00,44.387,44.467,44.33,44.363,43210
2026-09-11 09:32:00,44.363,44.661,44.34,44.66,52636
2026-09-11 09:33:00,44.66,44.679,44.619,44.619,23419
2026-09-11 09:34:00,44.619,44.683,44.577,44.68,45230
2026-09-11 09:35:00,44.68,44.81,44.661,44.779,44266
2026-09-11 09:36:00,44.779,44.792,44.721,44.772,15869
2026-09-11 09:37:00,44.772,44.8,44.721,44.743,5017
2026-09-11 09:38:00,44.743,44.82,44.738,44.81,6871
2026-09-11 09:39:00,44.81,44.875,44.676,44.702,24498
2026-09-11 09:40:00,44.702,44.815,44.662,44.777,56854
2026-09-11 09:41:00,44.777,44.823,44.709,44.729,51867
2026-09-11 09:42:00,44.729,44.773,44.696,44.765,59688
2026-09-11 09:43:00,44.765,44.767,44.564,44.583,17571
2026-09-11 09:44:00,44.583,44.752,44.576,44.692,41367
2026-09-11 09:45:00,44.692,44.715,44.632,44.649,12079
2026-09-11 09:46:00,44.649,44.709,44.62,44.697,52266
2026-09-11 09:47:00,44.697,44.716,44.495,44.524,32017
2026-09-11 09:48:00,44.524,44.652,44.45,44.649,57693
2026-09-11 09:49:00,44.649,44.697,44.579,44.59,42056
2026-09-11 09:50:00,44.59,44.61,44.569,44.571,38994
2026-09-11 09:51:00,44.571,44.592,44.451,44.467,22095
2026-09-11 09:52:00,44.467,44.531,44.447,44.522,50186
2026-09-11 09:53:00,44.522,44.567,44.517,44.558,49983
2026-09-11 09:54:00,44.558,44.559,44.498,44.511,55003
2026-09-11 09:55:00,44.511,44.523,44.458,44.479,54887
2026-09-11 09:56:00,44.479,44.521,44.464,44.491,33625
2026-09-11 09:57:00,44.491,44.637,44.456,44.623,16920
2026-09-11 09:58:00,44.623,44.677,44.534,44.561,29718
2026-09-11 09:59:00,44.561,44.656,44.503,44.646,26169
2026-09-11 10:00:00,44.646,44.688,44.641,44.649,44405
2026-09-11 10:01:00,44.649,44.721,44.624,44.706,50937
2026-09-11 10:02:00,44.706,44.756,44.699,44.751,12349
2026-09-11 10:03:00,44.751,44.779,44.728,44.737,32641
2026-09-11 10:04:00,44.737,44.871,44.727,44.857,11392
2026-09-11 10:05:00,44.857,44.858,44.752,44.784,46074
2026-09-11 10:06:00,44.784,44.801,44.727,44.751,30309
2026-09-11 10:07:00,44.751,44.792,44.635,44.642,22225
2026-09-11 10:08:00,44.642,44.719,44.614,44.718,41703
2026-09-11 10:09:00,44.718,44.728,44.527,44.59,49986
2026-09-11 10:10:00,44.59,44.615,44.505,44.56,50824
2026-09-11 10:11:00,44.56,44.595,44.541,44.593,50919
2026-09-11 10:12:00,44.593,44.608,44.39,44.395,51090
2026-09-11 10:13:00,44.395,44.405,44.35,44.366,47630
2026-09-11 10:14:00,44.366,44.379,44.307,44.32,22532
2026-09-11 10:15:00,44.32,44.341,44.221,44.261,53347
2026-09-11 10:16:00,44.261,44.284,44.054,44.096,30965
2026-09-11 10:17:00,44.096,44.113,43.995,44.039,26518
2026-09-11 10:18:00,44.039,44.051,43.953,43.971,18385
2026-09-11 10:19:00,43.971,44.004,43.781,43.831,33400
2026-09-11 10:20:00,43.831,43.843,43.702,43.721,31368
2026-09-11 10:21:00,43.721,43.731,43.612,43.634,49382
2026-09-11 10:22:00,43.634,43.702,43.619,43.685,29528
2026-09-11 10:23:00,43.685,43.69,43.622,43.629,44752
2026-09-11 10:24:00,43.629,43.675,43.49,43.511,47579
2026-09-11 10:25:00,43.511,43.522,43.479,43.518,34514
2026-09-11 10:26:00,43.518,43.543,43.491,43.51,46415
2026-09-11 10:27:00,43.51,43.519,43.468,43.492,6943
2026-09-11 10:28:00,43.492,43.524,43.481,43.518,22270
2026-09-11 10:29:00,43.518,43.677,43.499,43.648,16951
2026-09-11 10:30:00,43.648,43.684,43.485,43.502,10766
2026-09-11 10:31:00,43.502,43.618,43.5,43.595,29959
2026-09-11 10:32:00,43.595,43.597,43.56,43.56,59499
2026-09-11 10:33:00,43.56,43.667,43.549,43.626,46406
2026-09-11 10:34:00,43.626,43.656,43.598,43.609,31148
2026-09-11 10:35:00,43.609,43.777,43.58,43.724,54753
2026-09-11 10:36:00,43.724,43.746,43.665,43.713,16527
2026-09-11 10:37:00,43.713,43.836,43.706,43.797,59260
2026-09-11 10:38:00,43.797,43.842,43.784,43.825,27088
2026-09-11 10:39:00,43.825,43.846,43.756,43.776,26159
2026-09-11 10:40:00,43.776,43.961,43.758,43.945,7660
2026-09-11 10:41:00,43.945,43.97,43.748,43.772,58136
2026-09-11 10:42:00,43.772,43.828,43.764,43.812,35145
2026-09-11 10:43:00,43.812,43.952,43.762,43.899,25998
2026-09-11 10:44:00,43.899,43.907,43.705,43.74,34726
2026-09-11 10:45:00,43.74,43.863,43.714,43.814,14994
2026-09-11 10:46:00,43.814,43.827,43.737,43.759,54766
2026-09-11 10:47:00,43.759,43.77,43.626,43.66,56078
2026-09-11 10:48:00,43.66,43.674,43.483,43.519,53558
2026-09-11 10:49:00,43.519,43.689,43.514,43.676,10816
2026-09-11 10:50:00,43.676,43.697,43.589,43.603,39400
2026-09-11 10:51:00,43.603,43.649,43.543,43.565,31207
2026-09-11 10:52:00,43.565,43.683,43.554,43.667,24646
2026-09-11 10:53:00,43.667,43.698,43.508,43.526,47638
2026-09-11 10:54:00,43.526,43.698,43.511,43.678,54161
2026-09-11 10:55:00,43.678,43.701,43.582,43.616,39467
2026-09-11 10:56:00,43.616,43.727,43.612,43.726,38392
2026-09-11 10:57:00,43.726,43.778,43.678,43.679,51793
2026-09-11 10:58:00,43.679,43.798,43.666,43.77,43417
2026-09-11 10:59:00,43.77,43.822,43.715,43.81,34189
2026-09-11 11:00:00,43.81,43.923,43.763,43.923,35746
2026-09-11 11:01:00,43.923,44.085,43.9,44.08,29486
2026-09-11 11:02:00,44.08,44.165,44.074,44.156,49586
2026-09-11 11:03:00,44.156,44.319,44.153,44.299,23585
2026-09-11 11:04:00,44.299,44.462,44.294,44.439,47930
2026-09-11 11:05:00,44.439,44.479,44.385,44.458,39292
2026-09-11 11:06:00,44.458,44.461,44.42,44.437,48676
2026-09-11 11:07:00,44.437,44.641,44.421,44.621,36051
2026-09-11 11:08:00,44.621,44.737,44.608,44.709,52665
2026-09-11 11:09:00,44.709,44.885,44.689,44.836,32975
2026-09-11 11:10:00,44.836,44.931,44.818,44.916,48990
2026-09-11 11:11:00,44.916,44.922,44.893,44.91,42386
2026-09-11 11:12:00,44.91,44.978,44.907,44.91,45441
2026-09-11 11:13:00,44.91,44.981,44.893,44.975,32837
2026-09-11 11:14:00,44.975,45.003,44.816,44.857,22686
2026-09-11 11:15:00,44.857,44.983,44.835,44.96,43156
2026-09-11 11:16:00,44.96,45.017,44.83,44.888,14570
2026-09-11 11:17:00,44.888,44.891,44.799,44.821,32497
2026-09-11 11:18:00,44.821,44.839,44.719,44.738,52544
2026-09-11 11:19:00,44.738,44.743,44.711,44.718,47649
2026-09-11 11:20:00,44.718,44.741,44.655,44.667,50704
2026-09-11 11:21:00,44.667,44.709,44.594,44.682,16187
2026-09-11 11:22:00,44.682,44.703,44.541,44.553,23364
2026-09-11 11:23:00,44.553,44.695,44.521,44.656,24806
2026-09-11 11:24:00,44.656,44.664,44.618,44.632,23087
2026-09-11 11:25:00,44.632,44.678,44.619,44.674,21802
2026-09-11 11:26:00,44.674,44.675,44.532,44.549,13975
2026-09-11 11:27:00,44.549,44.564,44.488,44.499,53329
2026-09-11 11:28:00,44.499,44.5,44.475,44.483,19694
2026-09-11 11:29:00,44.483,44.484,44.454,44.465,36950
2026-09-11 11:30:00,44.465,44.483,44.457,44.46,42840
2026-09-11 11:31:00,44.46,44.485,44.393,44.394,56770
2026-09-11 11:32:00,44.394,44.446,44.366,44.402,47366
2026-09-11 11:33:00,44.402,44.471,44.401,44.464,35667
2026-09-11 11:34:00,44.464,44.53,44.433,44.493,52674
2026-09-11 11:35:00,44.493,44.52,44.441,44.466,56477
2026-09-11 11:36:00,44.466,44.48,44.44,44.474,43565
2026-09-11 11:37:00,44.474,44.571,44.467,44.566,45657
2026-09-11 11:38:00,44.566,44.699,44.517,44.669,56575
2026-09-11 11:39:00,44.669,44.685,44.619,44.632,54172
2026-09-11 11:40:00,44.632,44.684,44.598,44.678,58128
2026-09-11 11:41:00,44.678,44.731,44.639,44.717,21420
2026-09-11 11:42:00,44.717,44.745,44.694,44.697,25684
2026-09-11 11:43:00,44.697,44.708,44.58,44.593,59751
2026-09-11 11:44:00,44.593,44.643,44.485,44.531,23959
2026-09-11 11:45:00,44.531,44.543,44.36,44.393,21512
2026-09-11 11:46:00,44.393,44.467,44.388,44.439,41494
2026-09-11 11:47:00,44.439,44.46,44.387,44.424,46186
2026-09-11 11:48:00,44.424,44.427,44.288,44.318,24414
2026-09-11 11:49:00,44.318,44.375,44.307,44.37,39099
2026-09-11 11:50:00,44.37,44.387,44.283,44.287,13193
2026-09-11 11:51:00,44.287,44.296,44.12,44.127,24535
2026-09-11 11:52:00,44.127,44.173,44.103,44.108,50593
2026-09-11 11:53:00,44.108,44.129,43.885,43.905,10714
2026-09-11 11:54:00,43.905,43.944,43.809,43.827,30346
2026-09-11 11:55:00,43.827,43.847,43.76,43.769,7486
2026-09-11 11:56:00,43.769,43.78,43.683,43.713,14042
2026-09-11 11:57:00,43.713,43.731,43.648,43.653,5588
2026-09-11 11:58:00,43.653,43.656,43.559,43.561,30074
2026-09-11 11:59:00,43.561,43.665,43.552,43.648,35315
2026-09-11 13:00:00,43.648,43.655,43.546,43.547,39827
2026-09-11 13:01:00,43.547,43.563,43.521,43.538,35862
2026-09-11 13:02:00,43.538,43.605,43.531,43.56,46314
2026-09-11 13:03:00,43.56,43.59,43.494,43.538,10973
2026-09-11 13:04:00,43.538,43.579,43.499,43.503,11705
2026-09-11 13:05:00,43.503,43.566,43.498,43.55,7106
2026-09-11 13:06:00,43.55,43.551,43.515,43.526,52605
2026-09-11 13:07:00,43.526,43.772,43.526,43.754,6069
2026-09-11 13:08:00,43.754,43.755,43.66,43.7,8107
2026-09-11 13:09:00,43.7,43.769,43.668,43.734,36876
2026-09-11 13:10:00,43.734,43.859,43.708,43.837,7586
2026-09-11 13:11:00,43.837,43.849,43.82,43.844,46473
2026-09-11 13:12:00,43.844,44.123,43.817,44.091,42537
2026-09-11 13:13:00,44.091,44.099,44.052,44.059,54415
2026-09-11 13:14:00,44.059,44.187,44.058,44.16,42115
2026-09-11 13:15:00,44.16,44.204,44.108,44.181,30790
2026-09-11 13:16:00,44.181,44.205,44.143,44.16,48259
2026-09-11 13:17:00,44.16,44.19,44.125,44.177,45834
2026-09-11 13:18:00,44.177,44.205,44.118,44.123,10756
2026-09-11 13:19:00,44.123,44.163,44.085,44.157,18075
2026-09-11 13:20:00,44.157,44.189,44.124,44.144,36763
2026-09-11 13:21:00,44.144,44.177,44.116,44.168,7691
2026-09-11 13:22:00,44.168,44.176,44.122,44.126,46496
2026-09-11 13:23:00,44.126,44.227,44.116,44.214,36671
2026-09-11 13:24:00,44.214,44.233,44.136,44.157,46672
2026-09-11 13:25:00,44.157,44.186,44.032,44.077,22907
2026-09-11 13:26:00,44.077,44.096,43.972,43.977,14810
2026-09-11 13:27:00,43.977,44.108,43.975,44.107,27068
2026-09-11 13:28:00,44.107,44.169,44.084,44.141,34622
2026-09-11 13:29:00,44.141,44.164,44.076,44.097,11306
2026-09-11 13:30:00,44.097,44.117,44.023,44.041,31446
2026-09-11 13:31:00,44.041,44.183,44.038,44.152,43030
2026-09-11 13:32:00,44.152,44.267,44.139,44.246,39046
2026-09-11 13:33:00,44.246,44.271,44.119,44.135,53576
2026-09-11 13:34:00,44.135,44.334,44.132,44.318,15129
2026-09-11 13:35:00,44.318,44.346,44.265,44.267,45842
2026-09-11 13:36:00,44.267,44.445,44.262,44.418,51852
2026-09-11 13:37:00,44.418,44.6,44.38,44.587,12482
2026-09-11 13:38:00,44.587,44.641,44.567,44.577,18706
2026-09-11 13:39:00,44.577,44.679,44.56,44.678,19949
2026-09-11 13:40:00,44.678,44.701,44.677,44.695,45925
2026-09-11 13:41:00,44.695,44.871,44.665,44.808,15792
2026-09-11 13:42:00,44.808,45.057,44.784,45.039,39410
2026-09-11 13:43:00,45.039,45.055,45.011,45.027,59485
2026-09-11 13:44:00,45.027,45.039,44.995,44.997,48757
2026-09-11 13:45:00,44.997,45.098,44.988,45.053,26403
2026-09-11 13:46:00,45.053,45.184,45.045,45.152,14280
2026-09-11 13:47:00,45.152,45.326,45.138,45.286,13090
2026-09-11 13:48:00,45.286,45.338,45.163,45.173,58747
2026-09-11 13:49:00,45.173,45.3,45.15,45.221,49758
2026-09-11 13:50:00,45.221,45.238,45.162,45.164,46016
2026-09-11 13:51:00,45.164,45.174,45.089,45.092,16686
2026-09-11 13:52:00,45.092,45.283,45.044,45.202,54852
2026-09-11 13:53:00,45.202,45.221,45.101,45.115,9324
2026-09-11 13:54:00,45.115,45.116,44.976,44.986,27276
2026-09-11 13:55:00,44.986,45.026,44.876,44.896,25435
2026-09-11 13:56:00,44.896,44.917,44.84,44.854,33515
2026-09-11 13:57:00,44.854,44.86,44.785,44.81,7025
2026-09-11 13:58:00,44.81,44.811,44.655,44.674,35802
2026-09-11 13:59:00,44.674,44.785,44.6,44.774,30215
2026-09-11 14:00:00,44.774,44.784,44.648,44.677,35009
2026-09-11 14:01:00,44.677,44.702,44.663,44.666,28966
2026-09-11 14:02:00,44.666,44.693,44.535,44.539,59239
2026-09-11 14:03:00,44.539,44.574,44.528,44.535,22180
2026-09-11 14:04:00,44.535,44.566,44.467,44.485,58889
2026-09-11 14:05:00,44.485,44.543,44.459,44.524,35605
2026-09-11 14:06:00,44.524,44.53,44.472,44.492,54241
2026-09-11 14:07:00,44.492,44.528,44.485,44.497,48346
2026-09-11 14:08:00,44.497,44.501,44.435,44.46,8937
2026-09-11 14:09:00,44.46,44.476,44.382,44.412,23771
2026-09-11 14:10:00,44.412,44.477,44.371,44.455,14844
2026-09-11 14:11:00,44.455,44.523,44.426,44.506,19938
2026-09-11 14:12:00,44.506,44.546,44.485,44.532,30127
2026-09-11 14:13:00,44.532,44.557,44.501,44.529,40027
2026-09-11 14:14:00,44.529,44.715,44.503,44.695,57688
2026-09-11 14:15:00,44.695,44.717,44.632,44.639,28113
2026-09-11 14:16:00,44.639,44.649,44.492,44.497,46870
2026-09-11 14:17:00,44.497,44.556,44.487,44.552,19260
2026-09-11 14:18:00,44.552,44.577,44.492,44.496,35280
2026-09-11 14:19:00,44.496,44.579,44.494,44.578,57014
2026-09-11 14:20:00,44.578,44.614,44.534,44.559,9458
2026-09-11 14:21:00,44.559,44.568,44.352,44.364,16529
2026-09-11 14:22:00,44.364,44.421,44.349,44.406,52007
2026-09-11 14:23:00,44.406,44.428,44.281,44.293,26951
2026-09-11 14:24:00,44.293,44.326,44.279,44.304,39580
2026-09-11 14:25:00,44.304,44.322,44.248,44.25,21046
2026-09-11 14:26:00,44.25,44.26,44.111,44.117,21868
2026-09-11 14:27:00,44.117,44.127,44.034,44.046,49492
2026-09-11 14:28:00,44.046,44.046,43.9,43.935,13706
2026-09-11 14:29:00,43.935,43.961,43.842,43.849,41533
2026-09-11 14:30:00,43.849,43.86,43.738,43.748,15869
2026-09-11 14:31:00,43.748,43.853,43.717,43.804,55009
2026-09-11 14:32:00,43.804,43.813,43.703,43.718,8921
2026-09-11 14:33:00,43.718,43.764,43.661,43.662,19872
2026-09-11 14:34:00,43.662,43.691,43.656,43.66,19822
2026-09-11 14:35:00,43.66,43.728,43.613,43.629,50370
2026-09-11 14:36:00,43.629,43.631,43.546,43.557,41869
2026-09-11 14:37:00,43.557,43.583,43.556,43.583,41736
2026-09-11 14:38:00,43.583,43.749,43.546,43.713,28379
2026-09-11 14:39:00,43.713,43.725,43.656,43.666,11191
2026-09-11 14:40:00,43.666,43.818,43.661,43.808,17059
2026-09-11 14:41:00,43.808,43.816,43.703,43.709,18780
2026-09-11 14:42:00,43.709,43.777,43.702,43.765,56337
2026-09-11 14:43:00,43.765,43.931,43.707,43.896,51152
2026-09-11 14:44:00,43.896,43.992,43.88,43.983,43848
2026-09-11 14:45:00,43.983,43.989,43.972,43.976,28924
2026-09-11 14:46:00,43.976,44.115,43.972,44.113,25124
2026-09-11 14:47:00,44.113,44.228,44.112,44.221,13883
2026-09-11 14:48:00,44.221,44.262,44.211,44.259,12763
2026-09-11 14:49:00,44.259,44.289,44.25,44.258,12155
2026-09-11 14:50:00,44.258,44.352,44.221,44.337,43716
2026-09-11 14:51:00,44.337,44.34,44.285,44.314,21040
2026-09-11 14:52:00,44.314,44.431,44.299,44.427,15316
2026-09-11 14:53:00,44.427,44.479,44.415,44.449,40605
2026-09-11 14:54:00,44.449,44.536,44.419,44.513,18687
2026-09-11 14:55:00,44.513,44.549,44.364,44.379,12408
2026-09-11 14:56:00,44.379,44.404,44.366,44.403,54579
2026-09-11 14:57:00,44.403,44.409,44.376,44.393,13598
2026-09-11 14:58:00,44.393,44.55,44.335,44.494,5473
2026-09-11 14:59:00,44.494,44.495,44.259,44.276,51987
2026-09-11 15:00:00,44.276,44.365,44.267,44.318,47535
2026-09-11 15:01:00,44.318,44.476,44.305,44.451,19495
2026-09-11 15:02:00,44.451,44.46,44.321,44.341,54655
2026-09-11 15:03:00,44.341,44.375,44.22,44.226,42476
2026-09-11 15:04:00,44.226,44.319,44.225,44.3,52006
2026-09-11 15:05:00,44.3,44.418,44.263,44.402,50824
2026-09-11 15:06:00,44.402,44.427,44.374,44.411,37223
2026-09-11 15:07:00,44.411,44.454,44.375,44.394,46130
2026-09-11 15:08:00,44.394,44.456,44.383,44.422,49692
2026-09-11 15:09:00,44.422,44.543,44.412,44.538,39506
2026-09-11 15:10:00,44.538,44.553,44.52,44.549,23098
2026-09-11 15:11:00,44.549,44.681,44.534,44.668,29737
2026-09-11 15:12:00,44.668,44.733,44.645,44.724,49007
2026-09-11 15:13:00,44.724,44.757,44.723,44.752,43740
2026-09-11 15:14:00,44.752,44.935,44.695,44.918,6289
2026-09-11 15:15:00,44.918,44.923,44.858,44.863,25115
2026-09-11 15:16:00,44.863,45.046,44.849,44.979,27229
2026-09-11 15:17:00,44.979,45.002,44.974,44.977,46991
2026-09-11 15:18:00,44.977,45.086,44.971,45.072,41040
2026-09-11 15:19:00,45.072,45.124,45.07,45.121,43393
2026-09-11 15:20:00,45.121,45.198,45.081,45.153,54185
2026-09-11 15:21:00,45.153,45.24,45.087,45.205,11265
2026-09-11 15:22:00,45.205,45.377,45.19,45.302,42314
2026-09-11 15:23:00,45.302,45.368,45.287,45.325,5384
2026-09-11 15:24:00,45.325,45.339,45.26,45.27,11979
2026-09-11 15:25:00,45.27,45.311,45.133,45.142,41512
2026-09-11 15:26:00,45.142,45.198,45.137,45.19,29632
2026-09-11 15:27:00,45.19,45.209,45.08,45.114,31214
2026-09-11 15:28:00,45.114,45.181,45.082,45.151,58767
2026-09-11 15:29:00,45.151,45.169,44.906,44.907,38421
2026-09-11 15:30:00,44.907,45.049,44.878,44.989,47528
2026-09-11 15:31:00,44.989,45.03,44.804,44.805,41583
2026-09-11 15:32:00,44.805,44.807,44.786,44.797,33893
2026-09-11 15:33:00,44.797,44.808,44.602,44.617,30772
2026-09-11 15:34:00,44.617,44.64,44.578,44.581,22916
2026-09-11 15:35:00,44.581,44.587,44.395,44.431,12249
2026-09-11 15:36:00,44.431,44.437,44.227,44.232,10194
2026-09-11 15:37:00,44.232,44.256,44.187,44.208,36906
2026-09-11 15:38:00,44.208,44.241,44.155,44.179,25094
2026-09-11 15:39:00,44.179,44.233,44.083,44.136,20931
2026-09-11 15:40:00,44.136,44.141,43.954,43.967,55135
2026-09-11 15:41:00,43.967,44.044,43.94,44.02,32537
2026-09-11 15:42:00,44.02,44.032,44.006,44.023,22761
2026-09-11 15:43:00,44.023,44.091,44.022,44.049,6569
2026-09-11 15:44:00,44.049,44.132,44.024,44.086,43933
2026-09-11 15:45:00,44.086,44.1,44.024,44.054,57779
2026-09-11 15:46:00,44.054,44.062,44.018,44.04,19537
2026-09-11 15:47:00,44.04,44.168,44.025,44.142,15039
2026-09-11 15:48:00,44.142,44.148,44.081,44.104,13537
2026-09-11 15:49:00,44.104,44.198,44.089,44.17,59603
2026-09-11 15:50:00,44.17,44.193,44.078,44.098,37469
2026-09-11 15:51:00,44.098,44.172,44.097,44.169,48611
2026-09-11 15:52:00,44.169,44.187,44.079,44.088,26315
2026-09-11 15:53:00,44.088,44.197,44.083,44.166,26206
2026-09-11 15:54:00,44.166,44.169,44.112,44.142,23468
2026-09-11 15:55:00,44.142,44.201,44.13,44.174,36104
2026-09-11 15:56:00,44.174,44.195,44.035,44.09,12775
2026-09-11 15:57:00,44.09,44.093,44.077,44.088,17035
2026-09-11 15:58:00,44.088,44.141,44.005,44.02,21647
2026-09-11 15:59:00,44.02,44.038,43.914,43.953,5709
2026-09-14 09:30:00,44.465,44.491,44.436,44.465,31726
2026-09-14 09:31:00,44.465,44.632,44.448,44.602,25453
2026-09-14 09:32:00,44.602,44.611,44.58,44.58,10990
2026-09-14 09:33:00,44.58,44.61,44.432,44.447,7256
2026-09-14 09:34:00,44.447,44.568,44.434,44.543,51331
2026-09-14 09:35:00,44.543,44.593,44.424,44.426,8693
2026-09-14 09:36:00,44.426,44.586,44.397,44.57,21316
2026-09-14 09:37:00,44.57,44.573,44.535,44.557,44833
2026-09-14 09:38:00,44.557,44.654,44.546,44.633,53452
2026-09-14 09:39:00,44.633,44.797,44.632,44.768,17314
2026-09-14 09:40:00,44.768,44.834,44.76,44.802,16407
2026-09-14 09:41:00,44.802,44.94,44.801,44.898,47095
2026-09-14 09:42:00,44.898,45.04,44.878,45.02,22516
2026-09-14 09:43:00,45.02,45.036,45.016,45.033,27847
2026-09-14 09:44:00,45.033,45.221,45.025,45.202,17312
2026-09-14 09:45:00,45.202,45.271,45.201,45.252,36299
2026-09-14 09:46:00,45.252,45.387,45.251,45.374,9513
2026-09-14 09:47:00,45.374,45.443,45.356,45.423,50922
2026-09-14 09:48:00,45.423,45.503,45.372,45.487,15790
2026-09-14 09:49:00,45.487,45.493,45.398,45.414,10809
2026-09-14 09:50:00,45.414,45.641,45.399,45.617,21852
2026-09-14 09:51:00,45.617,45.636,45.463,45.489,6293
2026-09-14 09:52:00,45.489,45.568,45.437,45.536,59157
2026-09-14 09:53:00,45.536,45.547,45.351,45.383,24451
2026-09-14 09:54:00,45.383,45.387,45.348,45.375,43009
2026-09-14 09:55:00,45.375,45.394,45.3,45.307,57435
2026-09-14 09:56:00,45.307,45.339,45.298,45.311,16129
2026-09-14 09:57:00,45.311,45.346,45.109,45.14,24739
2026-09-14 09:58:00,45.14,45.177,45.083,45.108,23737
2026-09-14 09:59:00,45.108,45.145,44.916,44.917,27508
2026-09-14 10:00:00,44.917,44.934,44.86,44.889,32172
2026-09-14 10:01:00,44.889,44.895,44.808,44.841,38406
2026-09-14 10:02:00,44.841,44.855,44.761,44.766,9986
2026-09-14 10:03:00,44.766,44.778,44.628,44.67,5073
2026-09-14 10:04:00,44.67,44.768,44.646,44.766,38268
2026-09-14 10:05:00,44.766,44.791,44.681,44.682,37590
2026-09-14 10:06:00,44.682,44.884,44.673,44.869,21283
2026-09-14 10:07:00,44.869,44.869,44.74,44.758,41127
2026-09-14 10:08:00,44.758,44.921,44.712,44.885,29855
2026-09-14 10:09:00,44.885,44.931,44.816,44.836,54990
2026-09-14 10:10:00,44.836,44.886,44.811,44.831,42043
2026-09-14 10:11:00,44.831,44.857,44.807,44.814,40482
2026-09-14 10:12:00,44.814,44.916,44.794,44.875,25611
2026-09-14 10:13:00,44.875,44.932,44.848,44.902,41660
2026-09-14 10:14:00,44.902,44.941,44.742,44.776,5397
2026-09-14 10:15:00,44.776,44.972,44.767,44.951,10163
2026-09-14 10:16:00,44.951,44.977,44.799,44.804,9942
2026-09-14 10:17:00,44.804,44.815,44.801,44.808,29455
2026-09-14 10:18:00,44.808,44.834,44.612,44.638,58079
2026-09-14 10:19:00,44.638,44.774,44.636,44.738,16578
2026-09-14 10:20:00,44.738,44.769,44.624,44.667,45929
2026-09-14 10:21:00,44.667,44.671,44.583,44.589,21765
2026-09-14 10:22:00,44.589,44.59,44.472,44.493,20537
2026-09-14 10:23:00,44.493,44.495,44.368,44.371,9107
2026-09-14 10:24:00,44.371,44.383,44.272,44.297,38390
2026-09-14 10:25:00,44.297,44.316,44.248,44.257,26290
2026-09-14 10:26:00,44.257,44.312,44.033,44.065,15144
2026-09-14 10:27:00,44.065,44.076,44.009,44.054,13248
2026-09-14 10:28:00,44.054,44.059,43.978,43.995,21937
2026-09-14 10:29:00,43.995,44.017,43.913,43.918,21640
2026-09-14 10:30:00,43.918,43.973,43.866,43.89,18487
2026-09-14 10:31:00,43.89,43.893,43.838,43.864,6837
2026-09-14 10:32:00,43.864,43.88,43.826,43.836,12843
2026-09-14 10:33:00,43.836,44.028,43.832,44.005,58620
2026-09-14 10:34:00,44.005,44.029,43.862,43.877,6819
2026-09-14 10:35:00,43.877,44.037,43.865,44.027,27540
2026-09-14 10:36:00,44.027,44.035,43.983,44.024,19678
2026-09-14 10:37:00,44.024,44.048,43.897,43.923,23322
2026-09-14 10:38:00,43.923,44.086,43.922,44.057,38919
2026-09-14 10:39:00,44.057,44.177,44.051,44.162,42814
2026-09-14 10:40:00,44.162,44.244,44.128,44.232,7148
2026-09-14 10:41:00,44.232,44.274,44.2,44.21,46268
2026-09-14 10:42:00,44.21,44.374,44.203,44.327,52954
2026-09-14 10:43:00,44.327,44.329,44.235,44.277,42337
2026-09-14 10:44:00,44.277,44.371,44.232,44.314,45854
2026-09-14 10:45:00,44.314,44.367,44.263,44.356,22372
2026-09-14 10:46:00,44.356,44.385,44.297,44.374,44445
2026-09-14 10:47:00,44.374,44.479,44.373,44.431,34950
2026-09-14 10:48:00,44.431,44.498,44.278,44.287,51902
2026-09-14 10:49:00,44.287,44.313,44.264,44.31,28656
2026-09-14 10:50:00,44.31,44.328,44.156,44.168,29424
2026-09-14 10:51:00,44.168,44.183,44.14,44.152,46523
2026-09-14 10:52:00,44.152,44.162,44.138,44.14,5175
2026-09-14 10:53:00,44.14,44.265,44.101,44.243,26566
2026-09-14 10:54:00,44.243,44.264,44.038,44.076,42199
2026-09-14 10:55:00,44.076,44.081,43.984,44.021,55785
2026-09-14 10:56:00,44.021,44.079,44.006,44.077,55619
2026-09-14 10:57:00,44.077,44.18,44.026,44.167,27712
2026-09-14 10:58:00,44.167,44.168,44.046,44.047,40619
2026-09-14 10:59:00,44.047,44.202,44.027,44.171,17084
2026-09-14 11:00:00,44.171,44.191,44.158,44.169,53234
2026-09-14 11:01:00,44.169,44.425,44.12,44.418,52774
2026-09-14 11:02:00,44.418,44.448,44.409,44.434,17258
2026-09-14 11:03:00,44.434,44.489,44.391,44.482,8717
2026-09-14 11:04:00,44.482,44.555,44.452,44.546,43702
2026-09-14 11:05:00,44.546,44.613,44.538,44.61,59657
2026-09-14 11:06:00,44.61,44.715,44.573,44.713,17126
2026-09-14 11:07:00,44.713,44.778,44.697,44.757,59436
2026-09-14 11:08:00,44.757,44.827,44.711,44.798,12733
2026-09-14 11:09:00,44.798,44.864,44.794,44.856,32062
2026-09-14 11:10:00,44.856,44.985,44.843,44.985,6974
2026-09-14 11:11:00,44.985,45.024,44.984,44.995,22491
2026-09-14 11:12:00,44.995,45.137,44.965,45.133,43125
2026-09-14 11:13:00,45.133,45.146,44.996,44.999,11212
2026-09-14 11:14:00,44.999,45.147,44.994,45.123,36361
2026-09-14 11:15:00,45.123,45.13,45.122,45.125,29736
2026-09-14 11:16:00,45.125,45.137,45.085,45.136,32418
2026-09-14 11:17:00,45.136,45.154,45.001,45.047,44556
2026-09-14 11:18:00,45.047,45.053,44.886,44.929,46971
2026-09-14 11:19:00,44.929,44.957,44.855,44.872,16331
2026-09-14 11:20:00,44.872,44.914,44.852,44.91,33228
2026-09-14 11:21:00,44.91,44.911,44.794,44.794,42765
2026-09-14 11:22:00,44.794,44.818,44.75,44.762,45430
2026-09-14 11:23:00,44.762,44.771,44.668,44.723,22042
2026-09-14 11:24:00,44.723,44.756,44.706,44.751,46897
2026-09-14 11:25:00,44.751,44.768,44.671,44.719,34793
2026-09-14 11:26:00,44.719,44.732,44.613,44.646,32462
2026-09-14 11:27:00,44.646,44.745,44.626,44.732,48641
2026-09-14 11:28:00,44.732,44.886,44.713,44.844,10821
2026-09-14 11:29:00,44.844,44.909,44.831,44.904,31653
2026-09-14 11:30:00,44.904,44.925,44.885,44.886,21325
2026-09-14 11:31:00,44.886,44.942,44.878,44.926,41207
2026-09-14 11:32:00,44.926,45.058,44.885,45.049,43584
2026-09-14 11:33:00,45.049,45.099,44.991,45.008,24105
2026-09-14 11:34:00,45.008,45.012,44.954,44.954,48444
2026-09-14 11:35:00,44.954,45.054,44.936,45.024,37021
2026-09-14 11:36:00,45.024,45.08,45.024,45.077,55306
2026-09-14 11:37:00,45.077,45.135,45.055,45.081,49718
2026-09-14 11:38:00,45.081,45.103,44.935,44.974,49125
2026-09-14 11:39:00,44.974,45.022,44.933,45.02,53478
2026-09-14 11:40:00,45.02,45.03,44.898,44.925,32163
2026-09-14 11:41:00,44.925,44.99,44.902,44.947,57233
2026-09-14 11:42:00,44.947,44.957,44.762,44.844,15819
2026-09-14 11:43:00,44.844,44.912,44.734,44.75,20764
2026-09-14 11:44:00,44.75,44.771,44.576,44.606,48915
2026-09-14 11:45:00,44.606,44.611,44.539,44.548,10602
2026-09-14 11:46:00,44.548,44.62,44.396,44.423,34189
2026-09-14 11:47:00,44.423,44.447,44.068,44.144,6552
2026-09-14 11:48:00,44.144,44.295,44.141,44.281,37962
2026-09-14 11:49:00,44.281,44.287,44.142,44.179,13482
2026-09-14 11:50:00,44.179,44.191,44.067,44.109,7020
2026-09-14 11:51:00,44.109,44.134,44.057,44.07,44455
2026-09-14 11:52:00,44.07,44.073,44.028,44.05,43382
2026-09-14 11:53:00,44.05,44.073,44.013,44.023,15375
2026-09-14 11:54:00,44.023,44.069,43.944,43.976,28882
2026-09-14 11:55:00,43.976,44.174,43.967,44.109,47137
2026-09-14 11:56:00,44.109,44.145,44.065,44.138,54788
2026-09-14 11:57:00,44.138,44.178,44.136,44.162,7974
2026-09-14 11:58:00,44.162,44.201,44.141,44.141,18147
2026-09-14 11:59:00,44.141,44.248,44.098,44.232,48162
2026-09-14 13:00:00,44.232,44.258,44.199,44.208,36084
2026-09-14 13:01:00,44.208,44.319,44.191,44.304,27384
2026-09-14 13:02:00,44.304,44.399,44.301,44.391,27931
2026-09-14 13:03:00,44.391,44.411,44.357,44.392,13721
2026-09-14 13:04:00,44.392,44.422,44.331,44.332,13913
2026-09-14 13:05:00,44.332,44.337,44.303,44.308,37685
2026-09-14 13:06:00,44.308,44.314,44.256,44.267,18385
2026-09-14 13:07:00,44.267,44.282,44.242,44.275,46484
2026-09-14 13:08:00,44.275,44.293,44.155,44.208,36557
2026-09-14 13:09:00,44.208,44.24,44.157,44.165,8142
2026-09-14 13:10:00,44.165,44.177,44.016,44.035,17104
2026-09-14 13:11:00,44.035,44.061,44.003,44.054,27699
2026-09-14 13:12:00,44.054,44.084,43.954,44.005,52315
2026-09-14 13:13:00,44.005,44.006,43.942,43.961,10225
2026-09-14 13:14:00,43.961,44.024,43.896,44.007,18114
2026-09-14 13:15:00,44.007,44.044,43.835,43.855,57432
2026-09-14 13:16:00,43.855,43.858,43.777,43.803,25148
2026-09-14 13:17:00,43.803,43.919,43.796,43.911,28613
2026-09-14 13:18:00,43.911,43.963,43.826,43.852,16065
2026-09-14 13:19:00,43.852,43.982,43.825,43.922,30783
2026-09-14 13:20:00,43.922,44.026,43.901,43.985,34021
2026-09-14 13:21:00,43.985,44.054,43.933,44.031,37863
2026-09-14 13:22:00,44.031,44.11,44.017,44.074,52022
2026-09-14 13:23:00,44.074,44.252,44.055,44.246,50052
2026-09-14 13:24:00,44.246,44.376,44.226,44.353,31407
2026-09-14 13:25:00,44.353,44.39,44.306,44.321,56603
2026-09-14 13:26:00,44.321,44.476,44.286,44.473,28512
2026-09-14 13:27:00,44.473,44.648,44.454,44.638,27145
2026-09-14 13:28:00,44.638,44.668,44.631,44.668,21360
2026-09-14 13:29:00,44.668,44.745,44.663,44.712,28183
2026-09-14 13:30:00,44.712,44.827,44.699,44.803,51870
2026-09-14 13:31:00,44.803,44.931,44.802,44.918,50973
2026-09-14 13:32:00,44.918,44.952,44.833,44.833,53939
2026-09-14 13:33:00,44.833,44.928,44.805,44.923,45567
2026-09-14 13:34:00,44.923,44.977,44.896,44.96,54916
2026-09-14 13:35:00,44.96,44.969,44.867,44.9,42465
2026-09-14 13:36:00,44.9,44.94,44.879,44.936,14762
2026-09-14 13:37:00,44.936,44.968,44.908,44.936,49215
2026-09-14 13:38:00,44.936,44.954,44.919,44.928,32528
2026-09-14 13:39:00,44.928,44.944,44.844,44.896,56201
2026-09-14 13:40:00,44.896,44.931,44.664,44.747,29675
2026-09-14 13:41:00,44.747,44.875,44.728,44.854,7870
2026-09-14 13:42:00,44.854,44.865,44.802,44.814,59482
2026-09-14 13:43:00,44.814,44.82,44.799,44.806,36318
2026-09-14 13:44:00,44.806,44.826,44.7,44.736,21530
2026-09-14 13:45:00,44.736,44.864,44.731,44.836,19520
2026-09-14 13:46:00,44.836,44.86,44.786,44.814,32049
2026-09-14 13:47:00,44.814,44.821,44.746,44.769,55553
2026-09-14 13:48:00,44.769,44.97,44.727,44.957,47735
2026-09-14 13:49:00,44.957,44.963,44.809,44.878,6185
2026-09-14 13:50:00,44.878,44.948,44.862,44.947,58966
2026-09-14 13:51:00,44.947,45.081,44.939,45.08,26993
2026-09-14 13:52:00,45.08,45.169,45.058,45.126,29493
2026-09-14 13:53:00,45.126,45.261,45.114,45.25,30838
2026-09-14 13:54:00,45.25,45.323,45.242,45.273,59398
2026-09-14 13:55:00,45.273,45.371,45.272,45.37,9399
2026-09-14 13:56:00,45.37,45.473,45.363,45.455,37828
2026-09-14 13:57:00,45.455,45.483,45.396,45.428,23245
2026-09-14 13:58:00,45.428,45.49,45.42,45.486,30992
2026-09-14 13:59:00,45.486,45.502,45.448,45.466,26018
2026-09-14 14:00:00,45.466,45.485,45.366,45.368,57318
2026-09-14 14:01:00,45.368,45.442,45.352,45.39,10612
2026-09-14 14:02:00,45.39,45.414,45.312,45.317,13537
2026-09-14 14:03:00,45.317,45.33,45.165,45.186,47260
2026-09-14 14:04:00,45.186,45.197,45.16,45.166,15740
2026-09-14 14:05:00,45.166,45.177,45.051,45.069,24390
2026-09-14 14:06:00,45.069,45.074,44.876,44.913,17779
2026-09-14 14:07:00,44.913,44.925,44.698,44.71,30434
2026-09-14 14:08:00,44.71,44.738,44.703,44.715,40955
2026-09-14 14:09:00,44.715,44.717,44.579,44.595,49178
2026-09-14 14:10:00,44.595,44.606,44.494,44.499,24731
2026-09-14 14:11:00,44.499,44.535,44.386,44.461,55210
2026-09-14 14:12:00,44.461,44.505,44.345,44.347,20365
2026-09-14 14:13:00,44.347,44.441,44.336,44.419,19220
2026-09-14 14:14:00,44.419,44.44,44.281,44.341,23628
2026-09-14 14:15:00,44.341,44.379,44.32,44.333,46420
2026-09-14 14:16:00,44.333,44.395,44.316,44.376,10584
2026-09-14 14:17:00,44.376,44.433,44.369,44.411,21348
2026-09-14 14:18:00,44.411,44.476,44.405,44.46,53785
2026-09-14 14:19:00,44.46,44.512,44.447,44.473,57322
2026-09-14 14:20:00,44.473,44.495,44.469,44.471,9273
2026-09-14 14:21:00,44.471,44.507,44.464,44.505,55779
2026-09-14 14:22:00,44.505,44.516,44.38,44.393,33964
2026-09-14 14:23:00,44.393,44.448,44.371,44.396,32269
2026-09-14 14:24:00,44.396,44.539,44.335,44.539,22891
2026-09-14 14:25:00,44.539,44.564,44.456,44.456,10063
2026-09-14 14:26:00,44.456,44.606,44.44,44.579,14604
2026-09-14 14:27:00,44.579,44.587,44.48,44.51,51905
2026-09-14 14:28:00,44.51,44.528,44.285,44.32,44258
2026-09-14 14:29:00,44.32,44.345,44.294,44.327,42629
2026-09-14 14:30:00,44.327,44.413,44.3,44.395,40451
2026-09-14 14:31:00,44.395,44.403,44.088,44.117,48566
2026-09-14 14:32:00,44.117,44.134,44.088,44.11,41838
2026-09-14 14:33:00,44.11,44.156,43.985,44.002,33246
2026-09-14 14:34:00,44.002,44.051,43.937,43.945,16126
2026-09-14 14:35:00,43.945,43.956,43.83,43.882,57921
2026-09-14 14:36:00,43.882,43.886,43.846,43.85,29198
2026-09-14 14:37:00,43.85,43.897,43.82,43.871,24592
2026-09-14 14:38:00,43.871,43.908,43.76,43.772,48920
2026-09-14 14:39:00,43.772,43.841,43.769,43.827,47339
2026-09-14 14:40:00,43.827,43.874,43.747,43.793,53029
2026-09-14 14:41:00,43.793,43.882,43.77,43.878,10437
2026-09-14 14:42:00,43.878,43.942,43.841,43.914,34870
2026-09-14 14:43:00,43.914,43.927,43.889,43.906,55620
2026-09-14 14:44:00,43.906,44.01,43.874,44.008,53073
2026-09-14 14:45:00,44.008,44.02,43.943,43.987,23473
2026-09-14 14:46:00,43.987,44.075,43.965,44.074,34577
2026-09-14 14:47:00,44.074,44.27,44.03,44.243,12660
2026-09-14 14:48:00,44.243,44.266,44.125,44.183,46644
2026-09-14 14:49:00,44.183,44.424,44.179,44.416,28186
2026-09-14 14:50:00,44.416,44.488,44.413,44.473,19457
2026-09-14 14:51:00,44.473,44.495,44.453,44.483,12200
2026-09-14 14:52:00,44.483,44.673,44.456,44.62,37315
2026-09-14 14:53:00,44.62,44.695,44.544,44.656,36633
2026-09-14 14:54:00,44.656,44.723,44.487,44.546,6837
2026-09-14 14:55:00,44.546,44.67,44.544,44.653,39895
2026-09-14 14:56:00,44.653,44.679,44.652,44.653,49954
2026-09-14 14:57:00,44.653,44.696,44.567,44.605,18160
2026-09-14 14:58:00,44.605,44.706,44.603,44.692,31454
2026-09-14 14:59:00,44.692,44.729,44.674,44.683,9978
2026-09-14 15:00:00,44.683,44.692,44.574,44.576,8244
2026-09-14 15:01:00,44.576,44.578,44.508,44.525,51589
2026-09-14 15:02:00,44.525,44.643,44.502,44.628,57108
2026-09-14 15:03:00,44.628,44.654,44.547,44.556,42386
2026-09-14 15:04:00,44.556,44.586,44.481,44.505,54596
2026-09-14 15:05:00,44.505,44.63,44.49,44.591,39093
2026-09-14 15:06:00,44.591,44.616,44.511,44.521,49564
2026-09-14 15:07:00,44.521,44.679,44.518,44.653,57842
2026-09-14 15:08:00,44.653,44.841,44.626,44.795,12136
2026-09-14 15:09:00,44.795,44.799,44.647,44.661,10964
2026-09-14 15:10:00,44.661,44.959,44.651,44.931,54086
2026-09-14 15:11:00,44.931,44.993,44.905,44.945,34007
2026-09-14 15:12:00,44.945,45.085,44.925,45.06,51616
2026-09-14 15:13:00,45.06,45.117,45.016,45.116,7851
2026-09-14 15:14:00,45.116,45.324,45.1,45.297,39847
2026-09-14 15:15:00,45.297,45.377,45.277,45.334,52710
2026-09-14 15:16:00,45.334,45.4,45.309,45.367,47606
2026-09-14 15:17:00,45.367,45.394,45.356,45.391,51383
2026-09-14 15:18:00,45.391,45.49,45.39,45.472,36403
2026-09-14 15:19:00,45.472,45.587,45.457,45.585,26738
2026-09-14 15:20:00,45.585,45.602,45.474,45.476,13615
2026-09-14 15:21:00,45.476,45.557,45.455,45.547,37434
2026-09-14 15:22:00,45.547,45.578,45.511,45.522,41451
2026-09-14 15:23:00,45.522,45.557,45.363,45.367,45748
2026-09-14 15:24:00,45.367,45.48,45.364,45.472,54102
2026-09-14 15:25:00,45.472,45.504,45.312,45.342,40684
2026-09-14 15:26:00,45.342,45.409,45.334,45.39,8941
2026-09-14 15:27:00,45.39,45.403,45.292,45.304,43320
2026-09-14 15:28:00,45.304,45.31,45.142,45.147,46400
2026-09-14 15:29:00,45.147,45.153,45.031,45.083,19575
2026-09-14 15:30:00,45.083,45.094,44.949,44.969,5981
2026-09-14 15:31:00,44.969,44.972,44.883,44.891,44893
2026-09-14 15:32:00,44.891,45.047,44.869,44.988,35244
2026-09-14 15:33:00,44.988,45.03,44.903,44.912,45984
2026-09-14 15:34:00,44.912,44.945,44.83,44.864,5387
2026-09-14 15:35:00,44.864,44.872,44.852,44.864,31755
2026-09-14 15:36:00,44.864,44.932,44.844,44.9,28313
2026-09-14 15:37:00,44.9,44.922,44.878,44.917,34835
2026-09-14 15:38:00,44.917,44.925,44.836,44.859,55914
2026-09-14 15:39:00,44.859,44.903,44.818,44.873,27392
2026-09-14 15:40:00,44.873,44.903,44.872,44.893,36743
2026-09-14 15:41:00,44.893,45.03,44.862,45.012,38585
2026-09-14 15:42:00,45.012,45.024,44.828,44.845,18521
2026-09-14 15:43:00,44.845,44.961,44.833,44.926,55108
2026-09-14 15:44:00,44.926,45.012,44.907,45.004,40696
2026-09-14 15:45:00,45.004,45.009,44.942,44.965,6937
2026-09-14 15:46:00,44.965,45.019,44.922,44.989,28861
2026-09-14 15:47:00,44.989,45.016,44.872,44.93,47226
2026-09-14 15:48:00,44.93,44.964,44.881,44.903,22467
2026-09-14 15:49:00,44.903,44.94,44.688,44.695,45097
2026-09-14 15:50:00,44.695,44.751,44.652,44.68,30149
2026-09-14 15:51:00,44.68,44.699,44.554,44.568,28842
2026-09-14 15:52:00,44.568,44.61,44.537,44.543,24858
2026-09-14 15:53:00,44.543,44.578,44.364,44.401,16521
2026-09-14 15:54:00,44.401,44.438,44.343,44.374,41445
2026-09-14 15:55:00,44.374,44.427,44.204,44.211,39449
2026-09-14 15:56:00,44.211,44.254,44.173,44.176,39686
2026-09-14 15:57:00,44.176,44.201,44.088,44.098,46982
2026-09-14 15:58:00,44.098,44.126,44.066,44.071,34278
2026-09-14 15:59:00,44.071,44.074,43.97,44.001,13427
2026-09-15 09:30:00,43.815,43.832,43.774,43.815,24756
2026-09-15 09:31:00,43.815,43.818,43.746,43.761,53244
2026-09-15 09:32:00,43.761,43.816,43.748,43.773,34792
2026-09-15 09:33:00,43.773,43.809,43.726,43.743,49220
2026-09-15 09:34:00,43.743,43.755,43.676,43.712,22947
2026-09-15 09:35:00,43.712,43.739,43.594,43.651,47231
2026-09-15 09:36:00,43.651,43.793,43.623,43.759,34994
2026-09-15 09:37:00,43.759,43.773,43.63,43.658,7635
2026-09-15 09:38:00,43.658,43.764,43.651,43.711,54033
2026-09-15 09:39:00,43.711,43.755,43.653,43.689,34426
2026-09-15 09:40:00,43.689,43.699,43.565,43.629,30349
2026-09-15 09:41:00,43.629,43.747,43.618,43.714,7980
2026-09-15 09:42:00,43.714,43.749,43.682,43.745,13404
2026-09-15 09:43:00,43.745,43.849,43.725,43.78,24492
2026-09-15 09:44:00,43.78,43.935,43.749,43.856,46920
2026-09-15 09:45:00,43.856,43.857,43.839,43.853,14435
2026-09-15 09:46:00,43.853,44.114,43.823,44.093,48806
2026-09-15 09:47:00,44.093,44.117,44.046,44.061,31983
2026-09-15 09:48:00,44.061,44.064,44.013,44.024,51045
2026-09-15 09:49:00,44.024,44.063,44.002,44.022,16801
2026-09-15 09:50:00,44.022,44.329,44.018,44.3,37330
2026-09-15 09:51:00,44.3,44.305,44.268,44.299,22390
2026-09-15 09:52:00,44.299,44.35,44.299,44.337,54373
2026-09-15 09:53:00,44.337,44.357,44.32,44.338,46341
2026-09-15 09:54:00,44.338,44.366,44.249,44.345,44232
2026-09-15 09:55:00,44.345,44.39,44.265,44.307,47579
2026-09-15 09:56:00,44.307,44.503,44.301,44.501,10983
2026-09-15 09:57:00,44.501,44.507,44.415,44.43,46508
2026-09-15 09:58:00,44.43,44.441,44.241,44.269,19356
2026-09-15 09:59:00,44.269,44.341,44.269,44.321,45235
2026-09-15 10:00:00,44.321,44.349,44.041,44.053,14143
2026-09-15 10:01:00,44.053,44.127,44.013,44.113,24538
2026-09-15 10:02:00,44.113,44.128,44.019,44.031,21498
2026-09-15 10:03:00,44.031,44.042,43.838,43.868,7136
2026-09-15 10:04:00,43.868,43.9,43.792,43.812,11257
2026-09-15 10:05:00,43.812,43.821,43.659,43.691,8362
2026-09-15 10:06:00,43.691,43.738,43.662,43.722,10682
2026-09-15 10:07:00,43.722,43.78,43.706,43.765,36881
2026-09-15 10:08:00,43.765,43.794,43.713,43.744,51608
2026-09-15 10:09:00,43.744,43.761,43.667,43.693,58073
2026-09-15 10:10:00,43.693,43.733,43.681,43.726,49544
2026-09-15 10:11:00,43.726,43.728,43.584,43.59,33139
2026-09-15 10:12:00,43.59,43.833,43.554,43.816,49304
2026-09-15 10:13:00,43.816,43.819,43.694,43.698,30568
2026-09-15 10:14:00,43.698,43.722,43.652,43.663,51989
2026-09-15 10:15:00,43.663,43.76,43.65,43.72,52353
2026-09-15 10:16:00,43.72,43.759,43.694,43.728,24165
2026-09-15 10:17:00,43.728,43.802,43.706,43.774,25529
2026-09-15 10:18:00,43.774,43.842,43.746,43.825,27867
2026-09-15 10:19:00,43.825,43.864,43.685,43.697,17315
2026-09-15 10:20:00,43.697,43.872,43.684,43.871,11774
2026-09-15 10:21:00,43.871,43.907,43.826,43.894,57291
2026-09-15 10:22:00,43.894,43.928,43.669,43.711,59028
2026-09-15 10:23:00,43.711,43.79,43.695,43.778,5113
2026-09-15 10:24:00,43.778,43.798,43.686,43.7,59808
2026-09-15 10:25:00,43.7,43.745,43.57,43.608,34314
2026-09-15 10:26:00,43.608,43.616,43.556,43.56,9638
2026-09-15 10:27:00,43.56,43.572,43.325,43.332,14693
2026-09-15 10:28:00,43.332,43.377,43.313,43.354,8149
2026-09-15 10:29:00,43.354,43.37,43.135,43.178,18651
2026-09-15 10:30:00,43.178,43.295,43.125,43.292,47327
2026-09-15 10:31:00,43.292,43.322,43.035,43.052,56708
2026-09-15 10:32:00,43.052,43.079,42.947,42.996,15349
2026-09-15 10:33:00,42.996,43.086,42.955,43.075,42003
2026-09-15 10:34:00,43.075,43.089,42.962,42.996,52916
2026-09-15 10:35:00,42.996,42.999,42.917,42.931,35185
2026-09-15 10:36:00,42.931,42.976,42.891,42.91,18283
2026-09-15 10:37:00,42.91,42.984,42.892,42.972,10874
2026-09-15 10:38:00,42.972,43.105,42.948,43.07,18117
2026-09-15 10:39:00,43.07,43.093,42.94,42.979,55939
2026-09-15 10:40:00,42.979,43.028,42.955,43.024,59289
2026-09-15 10:41:00,43.024,43.141,42.998,43.091,28971
2026-09-15 10:42:00,43.091,43.209,43.082,43.18,55075
2026-09-15 10:43:00,43.18,43.256,43.169,43.255,10531
2026-09-15 10:44:00,43.255,43.258,43.172,43.235,28658
2026-09-15 10:45:00,43.235,43.382,43.217,43.356,35109
2026-09-15 10:46:00,43.356,43.359,43.319,43.349,57766
2026-09-15 10:47:00,43.349,43.427,43.336,43.421,9622
2026-09-15 10:48:00,43.421,43.456,43.418,43.451,14699
2026-09-15 10:49:00,43.451,43.499,43.43,43.489,51873
2026-09-15 10:50:00,43.489,43.565,43.469,43.55,10760
2026-09-15 10:51:00,43.55,43.564,43.546,43.562,27338
2026-09-15 10:52:00,43.562,43.603,43.479,43.516,22210
2026-09-15 10:53:00,43.516,43.529,43.509,43.515,21005
2026-09-15 10:54:00,43.515,43.539,43.348,43.393,8063
2026-09-15 10:55:00,43.393,43.463,43.386,43.43,18898
2026-09-15 10:56:00,43.43,43.436,43.243,43.286,48428
2026-09-15 10:57:00,43.286,43.333,43.271,43.309,16446
2026-09-15 10:58:00,43.309,43.338,43.265,43.289,57137
2026-09-15 10:59:00,43.289,43.341,43.17,43.214,15619
2026-09-15 11:00:00,43.214,43.28,43.198,43.276,34663
2026-09-15 11:01:00,43.276,43.402,43.263,43.324,38145
2026-09-15 11:02:00,43.324,43.407,43.296,43.392,12077
2026-09-15 11:03:00,43.392,43.434,43.376,43.426,14272
2026-09-15 11:04:00,43.426,43.486,43.416,43.476,9824
2026-09-15 11:05:00,43.476,43.564,43.466,43.541,35041
2026-09-15 11:06:00,43.541,43.745,43.511,43.707,11859
2026-09-15 11:07:00,43.707,43.732,43.653,43.729,53189
2026-09-15 11:08:00,43.729,43.846,43.711,43.815,25615
2026-09-15 11:09:00,43.815,43.994,43.815,43.966,45605
2026-09-15 11:10:00,43.966,44.084,43.951,44.078,38974
2026-09-15 11:11:00,44.078,44.153,44.07,44.12,34695
2026-09-15 11:12:00,44.12,44.184,44.097,44.179,23859
2026-09-15 11:13:00,44.179,44.381,44.159,44.365,28623
2026-09-15 11:14:00,44.365,44.45,44.322,44.443,22984
2026-09-15 11:15:00,44.443,44.477,44.424,44.448,24032
2026-09-15 11:16:00,44.448,44.48,44.395,44.474,36258
2026-09-15 11:17:00,44.474,44.477,44.363,44.381,18868
2026-09-15 11:18:00,44.381,44.561,44.373,44.546,9749
2026-09-15 11:19:00,44.546,44.567,44.396,44.411,27998
2026-09-15 11:20:00,44.411,44.482,44.381,44.451,13814
2026-09-15 11:21:00,44.451,44.461,44.283,44.341,59311
2026-09-15 11:22:00,44.341,44.352,44.302,44.309,21433
2026-09-15 11:23:00,44.309,44.312,44.191,44.241,35243
2026-09-15 11:24:00,44.241,44.245,44.084,44.108,44673
2026-09-15 11:25:00,44.108,44.332,44.089,44.297,21037
2026-09-15 11:26:00,44.297,44.305,44.021,44.023,59906
2026-09-15 11:27:00,44.023,44.058,44.003,44.05,19940
2026-09-15 11:28:00,44.05,44.072,43.973,43.98,52539
2026-09-15 11:29:00,43.98,44.047,43.975,44.033,29464
2026-09-15 11:30:00,44.033,44.148,44.028,44.137,35233
2026-09-15 11:31:00,44.137,44.14,43.984,44.001,29865
2026-09-15 11:32:00,44.001,44.168,43.988,44.116,44885
2026-09-15 11:33:00,44.116,44.202,44.064,44.201,24077
2026-09-15 11:34:00,44.201,44.218,44.119,44.208,20452
2026-09-15 11:35:00,44.208,44.272,44.185,44.256,35229
2026-09-15 11:36:00,44.256,44.3,44.226,44.245,47982
2026-09-15 11:37:00,44.245,44.283,44.191,44.21,45759
2026-09-15 11:38:00,44.21,44.259,44.207,44.257,6630
2026-09-15 11:39:00,44.257,44.352,44.237,44.329,43547
2026-09-15 11:40:00,44.329,44.44,44.288,44.426,21309
2026-09-15 11:41:00,44.426,44.429,44.364,44.373,44966
2026-09-15 11:42:00,44.373,44.457,44.359,44.439,13702
2026-09-15 11:43:00,44.439,44.456,44.308,44.313,33792
2026-09-15 11:44:00,44.313,44.317,44.243,44.257,57241
2026-09-15 11:45:00,44.257,44.303,44.141,44.145,50701
2026-09-15 11:46:00,44.145,44.155,43.911,43.951,7826
2026-09-15 11:47:00,43.951,44.043,43.893,44.006,9563
2026-09-15 11:48:00,44.006,44.062,43.795,43.834,17671
2026-09-15 11:49:00,43.834,43.89,43.775,43.779,36870
2026-09-15 11:50:00,43.779,43.877,43.754,43.869,43645
2026-09-15 11:51:00,43.869,43.873,43.584,43.599,50787
2026-09-15 11:52:00,43.599,43.64,43.562,43.563,55083
2026-09-15 11:53:00,43.563,43.564,43.465,43.494,45359
2026-09-15 11:54:00,43.494,43.558,43.397,43.421,34071
2026-09-15 11:55:00,43.421,43.461,43.371,43.393,57639
2026-09-15 11:56:00,43.393,43.433,43.287,43.314,57070
2026-09-15 11:57:00,43.314,43.458,43.308,43.435,12780
2026-09-15 11:58:00,43.435,43.452,43.222,43.238,54536
2026-09-15 11:59:00,43.238,43.33,43.233,43.284,41258
2026-09-15 13:00:00,43.284,43.437,43.27,43.436,34099
2026-09-15 13:01:00,43.436,43.446,43.363,43.382,48340
2026-09-15 13:02:00,43.382,43.421,43.325,43.35,13625
2026-09-15 13:03:00,43.35,43.376,43.327,43.343,27082
2026-09-15 13:04:00,43.343,43.443,43.322,43.409,39897
2026-09-15 13:05:00,43.409,43.655,43.403,43.625,18809
2026-09-15 13:06:00,43.625,43.631,43.544,43.548,56406
2026-09-15 13:07:00,43.548,43.566,43.465,43.49,29396
2026-09-15 13:08:00,43.49,43.611,43.472,43.57,42666
2026-09-15 13:09:00,43.57,43.578,43.555,43.561,50324
2026-09-15 13:10:00,43.561,43.671,43.548,43.669,25893
2026-09-15 13:11:00,43.669,43.672,43.558,43.6,17351
2026-09-15 13:12:00,43.6,43.623,43.563,43.608,16380
2026-09-15 13:13:00,43.608,43.613,43.49,43.5,48205
2026-09-15 13:14:00,43.5,43.554,43.471,43.531,28127
2026-09-15 13:15:00,43.531,43.554,43.383,43.389,46074
2026-09-15 13:16:00,43.389,43.394,43.304,43.316,8720
2026-09-15 13:17:00,43.316,43.329,43.188,43.214,35218
2026-09-15 13:18:00,43.214,43.214,43.176,43.211,23713
2026-09-15 13:19:00,43.211,43.238,43.193,43.215,33415
2026-09-15 13:20:00,43.215,43.256,43.113,43.134,50401
2026-09-15 13:21:00,43.134,43.238,43.123,43.229,56974
2026-09-15 13:22:00,43.229,43.235,43.076,43.092,30103
2026-09-15 13:23:00,43.092,43.167,43.066,43.078,12273
2026-09-15 13:24:00,43.078,43.225,43.048,43.216,24020
2026-09-15 13:25:00,43.216,43.234,43.102,43.134,8544
2026-09-15 13:26:00,43.134,43.235,43.126,43.206,7326
2026-09-15 13:27:00,43.206,43.294,43.196,43.259,33649
2026-09-15 13:28:00,43.259,43.341,43.221,43.293,52711
2026-09-15 13:29:00,43.293,43.526,43.288,43.49,9636
2026-09-15 13:30:00,43.49,43.52,43.473,43.507,34395
2026-09-15 13:31:00,43.507,43.687,43.503,43.661,19086
2026-09-15 13:32:00,43.661,43.673,43.62,43.642,15521
2026-09-15 13:33:00,43.642,43.661,43.625,43.655,12276
2026-09-15 13:34:00,43.655,43.777,43.641,43.751,54602
2026-09-15 13:35:00,43.751,43.886,43.715,43.85,57046
2026-09-15 13:36:00,43.85,43.911,43.814,43.898,33556
2026-09-15 13:37:00,43.898,43.974,43.89,43.949,32848
2026-09-15 13:38:00,43.949,44.005,43.941,43.994,20709
2026-09-15 13:39:00,43.994,44.03,43.883,43.89,19240
2026-09-15 13:40:00,43.89,43.986,43.876,43.971,56737
2026-09-15 13:41:00,43.971,43.98,43.835,43.889,22921
2026-09-15 13:42:00,43.889,43.898,43.864,43.89,9396
2026-09-15 13:43:00,43.89,44.052,43.883,44.048,15160
2026-09-15 13:44:00,44.048,44.061,43.915,43.931,52087
2026-09-15 13:45:00,43.931,43.978,43.826,43.832,25281
2026-09-15 13:46:00,43.832,43.939,43.769,43.92,29700
2026-09-15 13:47:00,43.92,43.924,43.85,43.87,15000
2026-09-15 13:48:00,43.87,43.907,43.82,43.828,16025
2026-09-15 13:49:00,43.828,43.907,43.8,43.886,51230
2026-09-15 13:50:00,43.886,43.921,43.766,43.807,36731
2026-09-15 13:51:00,43.807,43.857,43.797,43.839,35781
2026-09-15 13:52:00,43.839,43.844,43.814,43.832,44749
2026-09-15 13:53:00,43.832,43.951,43.808,43.947,10887
2026-09-15 13:54:00,43.947,43.973,43.903,43.929,40704
2026-09-15 13:55:00,43.929,44.081,43.927,44.073,51793
2026-09-15 13:56:00,44.073,44.217,44.062,44.214,9462
2026-09-15 13:57:00,44.214,44.251,44.177,44.24,29817
2026-09-15 13:58:00,44.24,44.379,44.214,44.361,49473
2026-09-15 13:59:00,44.361,44.515,44.354,44.488,6814
2026-09-15 14:00:00,44.488,44.491,44.374,44.377,33806
2026-09-15 14:01:00,44.377,44.522,44.321,44.514,46677
2026-09-15 14:02:00,44.514,44.579,44.421,44.447,14827
2026-09-15 14:03:00,44.447,44.48,44.426,44.43,41379
2026-09-15 14:04:00,44.43,44.505,44.361,44.463,19540
2026-09-15 14:05:00,44.463,44.464,44.44,44.463,32607
2026-09-15 14:06:00,44.463,44.531,44.267,44.329,52066
2026-09-15 14:07:00,44.329,44.338,44.242,44.26,27826
2026-09-15 14:08:00,44.26,44.302,44.19,44.205,27124
2026-09-15 14:09:00,44.205,44.248,44.077,44.115,45130
2026-09-15 14:10:00,44.115,44.129,44.09,44.103,7666
2026-09-15 14:11:00,44.103,44.107,43.941,43.95,58610
2026-09-15 14:12:00,43.95,43.954,43.868,43.896,8449
2026-09-15 14:13:00,43.896,43.916,43.801,43.839,32524
2026-09-15 14:14:00,43.839,43.859,43.715,43.721,37238
2026-09-15 14:15:00,43.721,43.775,43.721,43.772,54308
2026-09-15 14:16:00,43.772,43.802,43.591,43.64,43878
2026-09-15 14:17:00,43.64,43.663,43.571,43.594,35153
2026-09-15 14:18:00,43.594,43.746,43.558,43.728,55018
2026-09-15 14:19:00,43.728,43.744,43.657,43.691,18180
2026-09-15 14:20:00,43.691,43.71,43.632,43.638,58137
2026-09-15 14:21:00,43.638,43.7,43.631,43.682,44278
2026-09-15 14:22:00,43.682,43.696,43.676,43.685,12348
2026-09-15 14:23:00,43.685,43.724,43.643,43.661,48256
2026-09-15 14:24:00,43.661,43.778,43.657,43.749,52102
2026-09-15 14:25:00,43.749,43.781,43.708,43.751,11922
2026-09-15 14:26:00,43.751,43.826,43.733,43.81,30678
2026-09-15 14:27:00,43.81,43.817,43.641,43.66,16818
2026-09-15 14:28:00,43.66,43.829,43.634,43.818,14700
2026-09-15 14:29:00,43.818,43.821,43.761,43.764,11400
2026-09-15 14:30:00,43.764,43.82,43.668,43.69,19905
2026-09-15 14:31:00,43.69,43.717,43.641,43.675,7048
2026-09-15 14:32:00,43.675,43.682,43.609,43.616,51675
2026-09-15 14:33:00,43.616,43.62,43.465,43.523,23529
2026-09-15 14:34:00,43.523,43.548,43.474,43.506,13380
2026-09-15 14:35:00,43.506,43.507,43.448,43.462,32067
2026-09-15 14:36:00,43.462,43.475,43.23,43.25,7303
2026-09-15 14:37:00,43.25,43.274,43.194,43.21,36881
2026-09-15 14:38:00,43.21,43.239,43.015,43.042,50254
2026-09-15 14:39:00,43.042,43.108,43.036,43.078,32252
2026-09-15 14:40:00,43.078,43.082,43.042,43.044,36042
2026-09-15 14:41:00,43.044,43.053,42.913,42.956,50472
2026-09-15 14:42:00,42.956,43.039,42.913,42.921,12946
2026-09-15 14:43:00,42.921,42.966,42.798,42.83,14714
2026-09-15 14:44:00,42.83,42.931,42.801,42.924,48163
2026-09-15 14:45:00,42.924,42.989,42.855,42.873,57586
2026-09-15 14:46:00,42.873,43.018,42.86,43.003,54725
2026-09-15 14:47:00,43.003,43.053,42.976,43.024,46650
2026-09-15 14:48:00,43.024,43.067,43.009,43.061,5238
2026-09-15 14:49:00,43.061,43.257,43.052,43.22,7807
2026-09-15 14:50:00,43.22,43.23,43.167,43.182,23947
2026-09-15 14:51:00,43.182,43.339,43.182,43.316,8146
2026-09-15 14:52:00,43.316,43.357,43.289,43.354,38649
2026-09-15 14:53:00,43.354,43.472,43.335,43.433,10998
2026-09-15 14:54:00,43.433,43.586,43.413,43.567,22216
2026-09-15 14:55:00,43.567,43.65,43.548,43.587,38773
2026-09-15 14:56:00,43.587,43.606,43.578,43.601,46786
2026-09-15 14:57:00,43.601,43.667,43.596,43.633,36042
2026-09-15 14:58:00,43.633,43.706,43.587,43.692,31065
2026-09-15 14:59:00,43.692,43.709,43.691,43.7,19069
2026-09-15 15:00:00,43.7,43.706,43.664,43.679,18968
2026-09-15 15:01:00,43.679,43.69,43.566,43.615,42108
2026-09-15 15:02:00,43.615,43.686,43.518,43.52,59630
2026-09-15 15:03:00,43.52,43.635,43.51,43.634,23672
2026-09-15 15:04:00,43.634,43.634,43.577,43.583,38700
2026-09-15 15:05:00,43.583,43.683,43.57,43.664,48351
2026-09-15 15:06:00,43.664,43.676,43.568,43.586,27220
2026-09-15 15:07:00,43.586,43.639,43.561,43.623,45250
2026-09-15 15:08:00,43.623,43.662,43.621,43.646,11364
2026-09-15 15:09:00,43.646,43.667,43.544,43.558,17881
2026-09-15 15:10:00,43.558,43.573,43.471,43.526,20328
2026-09-15 15:11:00,43.526,43.646,43.493,43.636,8841
2026-09-15 15:12:00,43.636,43.641,43.614,43.622,50285
2026-09-15 15:13:00,43.622,43.709,43.601,43.696,38742
2026-09-15 15:14:00,43.696,43.856,43.692,43.85,26015
2026-09-15 15:15:00,43.85,43.92,43.841,43.9,9657
2026-09-15 15:16:00,43.9,44.061,43.896,44.028,43794
2026-09-15 15:17:00,44.028,44.03,43.988,43.993,36278
2026-09-15 15:18:00,43.993,44.169,43.973,44.161,31394
2026-09-15 15:19:00,44.161,44.342,44.151,44.334,41771
2026-09-15 15:20:00,44.334,44.336,44.254,44.286,5022
2026-09-15 15:21:00,44.286,44.483,44.265,44.442,13221
2026-09-15 15:22:00,44.442,44.523,44.413,44.519,35126
2026-09-15 15:23:00,44.519,44.563,44.38,44.397,47321
2026-09-15 15:24:00,44.397,44.611,44.369,44.597,42845
2026-09-15 15:25:00,44.597,44.629,44.454,44.492,27079
2026-09-15 15:26:00,44.492,44.551,44.491,44.534,44712
2026-09-15 15:27:00,44.534,44.654,44.529,44.614,39631
2026-09-15 15:28:00,44.614,44.633,44.36,44.392,40065
2026-09-15 15:29:00,44.392,44.492,44.38,44.456,33454
2026-09-15 15:30:00,44.456,44.483,44.361,44.372,49923
2026-09-15 15:31:00,44.372,44.393,44.318,44.336,44248
2026-09-15 15:32:00,44.336,44.366,44.188,44.205,51117
2026-09-15 15:33:00,44.205,44.281,44.176,44.274,32111
2026-09-15 15:34:00,44.274,44.28,44.033,44.096,20090
2026-09-15 15:35:00,44.096,44.144,44.083,44.134,33704
2026-09-15 15:36:00,44.134,44.136,44.089,44.125,48092
2026-09-15 15:37:00,44.125,44.133,44.082,44.089,30875
2026-09-15 15:38:00,44.089,44.095,44.053,44.075,46564
2026-09-15 15:39:00,44.075,44.094,44.066,44.07,13695
2026-09-15 15:40:00,44.07,44.111,44.05,44.11,29777
2026-09-15 15:41:00,44.11,44.127,44.044,44.104,39665
2026-09-15 15:42:00,44.104,44.132,44.078,44.101,59472
2026-09-15 15:43:00,44.101,44.109,44.05,44.103,6317
2026-09-15 15:44:00,44.103,44.256,44.087,44.226,58396
2026-09-15 15:45:00,44.226,44.309,44.206,44.289,27963
2026-09-15 15:46:00,44.289,44.33,44.251,44.314,15475
2026-09-15 15:47:00,44.314,44.44,44.293,44.415,47792
2026-09-15 15:48:00,44.415,44.442,44.231,44.254,21557
2026-09-15 15:49:00,44.254,44.501,44.239,44.474,52084
2026-09-15 15:50:00,44.474,44.493,44.294,44.319,25869
2026-09-15 15:51:00,44.319,44.34,44.228,44.248,51435
2026-09-15 15:52:00,44.248,44.273,44.189,44.196,57812
2026-09-15 15:53:00,44.196,44.291,44.187,44.267,45791
2026-09-15 15:54:00,44.267,44.329,44.165,44.199,55559
2026-09-15 15:55:00,44.199,44.207,44.12,44.12,58299
2026-09-15 15:56:00,44.12,44.136,43.97,44.019,14716
2026-09-15 15:57:00,44.019,44.051,43.912,43.933,59395
2026-09-15 15:58:00,43.933,43.961,43.789,43.807,41429
2026-09-15 15:59:00,43.807,43.843,43.789,43.812,27150
2026-09-16 09:30:00,43.727,43.783,43.698,43.727,15694
2026-09-16 09:31:00,43.727,43.842,43.717,43.811,12644
2026-09-16 09:32:00,43.811,43.824,43.712,43.752,54617
2026-09-16 09:33:00,43.752,43.988,43.742,43.954,39463
2026-09-16 09:34:00,43.954,44.006,43.941,43.974,44195
2026-09-16 09:35:00,43.974,43.978,43.968,43.969,29570
2026-09-16 09:36:00,43.969,44.091,43.964,44.06,17097
2026-09-16 09:37:00,44.06,44.137,44.059,44.106,55139
2026-09-16 09:38:00,44.106,44.302,44.104,44.272,37554
2026-09-16 09:39:00,44.272,44.291,44.207,44.211,6013
2026-09-16 09:40:00,44.211,44.233,44.185,44.195,13373
2026-09-16 09:41:00,44.195,44.203,44.175,44.203,38305
2026-09-16 09:42:00,44.203,44.227,44.174,44.181,34169
2026-09-16 09:43:00,44.181,44.276,44.169,44.241,33831
2026-09-16 09:44:00,44.241,44.26,44.23,44.241,57903
2026-09-16 09:45:00,44.241,44.28,44.147,44.154,8004
2026-09-16 09:46:00,44.154,44.226,44.144,44.177,57252
2026-09-16 09:47:00,44.177,44.398,44.166,44.361,31055
2026-09-16 09:48:00,44.361,44.369,44.151,44.19,55719
2026-09-16 09:49:00,44.19,44.227,44.113,44.162,20897
2026-09-16 09:50:00,44.162,44.188,44.1,44.132,42640
2026-09-16 09:51:00,44.132,44.134,44.001,44.043,21124
2026-09-16 09:52:00,44.043,44.1,44.023,44.079,29093
2026-09-16 09:53:00,44.079,44.127,44.053,44.096,7279
2026-09-16 09:54:00,44.096,44.121,43.932,43.938,12204
2026-09-16 09:55:00,43.938,43.962,43.926,43.949,50519
2026-09-16 09:56:00,43.949,43.97,43.922,43.929,42259
2026-09-16 09:57:00,43.929,43.953,43.878,43.892,15730
2026-09-16 09:58:00,43.892,43.942,43.871,43.905,30916
2026-09-16 09:59:00,43.905,43.955,43.867,43.955,55093
2026-09-16 10:00:00,43.955,44.007,43.93,44.003,57930
2026-09-16 10:01:00,44.003,44.047,43.966,43.978,12631
2026-09-16 10:02:00,43.978,43.991,43.937,43.986,6333
2026-09-16 10:03:00,43.986,44.006,43.951,43.992,53270
2026-09-16 10:04:00,43.992,44.019,43.896,43.922,8720
2026-09-16 10:05:00,43.922,44.018,43.914,44.001,57933
2026-09-16 10:06:00,44.001,44.038,43.958,43.965,53196
2026-09-16 10:07:00,43.965,44.065,43.958,44.037,31652
2026-09-16 10:08:00,44.037,44.067,43.937,43.994,51767
2026-09-16 10:09:00,43.994,44.028,43.972,44.014,52208
2026-09-16 10:10:00,44.014,44.108,43.973,44.104,56332
2026-09-16 10:11:00,44.104,44.114,43.962,44.018,19214
2026-09-16 10:12:00,44.018,44.018,43.93,43.947,49277
2026-09-16 10:13:00,43.947,44.017,43.944,43.993,12684
2026-09-16 10:14:00,43.993,44.019,43.977,44.009,26768
2026-09-16 10:15:00,44.009,44.011,43.982,43.986,45555
2026-09-16 10:16:00,43.986,44.037,43.959,43.973,29781
2026-09-16 10:17:00,43.973,44.076,43.971,44.007,36268
2026-09-16 10:18:00,44.007,44.026,43.861,43.87,35059
2026-09-16 10:19:00,43.87,43.882,43.811,43.831,51871
2026-09-16 10:20:00,43.831,43.838,43.763,43.782,16670
2026-09-16 10:21:00,43.782,43.814,43.752,43.78,35351
2026-09-16 10:22:00,43.78,43.796,43.693,43.721,32581
2026-09-16 10:23:00,43.721,43.753,43.589,43.619,59225
2026-09-16 10:24:00,43.619,43.629,43.575,43.608,49498
2026-09-16 10:25:00,43.608,43.664,43.59,43.638,28201
2026-09-16 10:26:00,43.638,43.68,43.381,43.414,41224
2026-09-16 10:27:00,43.414,43.44,43.394,43.396,27397
2026-09-16 10:28:00,43.396,43.438,43.385,43.432,8177
2026-09-16 10:29:00,43.432,43.443,43.239,43.275,47194
2026-09-16 10:30:00,43.275,43.423,43.226,43.386,19418
2026-09-16 10:31:00,43.386,43.403,43.138,43.146,59648
2026-09-16 10:32:00,43.146,43.147,43.091,43.127,40981
2026-09-16 10:33:00,43.127,43.163,43.073,43.145,22963
2026-09-16 10:34:00,43.145,43.201,43.116,43.192,18087
2026-09-16 10:35:00,43.192,43.197,43.135,43.181,18627
2026-09-16 10:36:00,43.181,43.182,43.133,43.156,56352
2026-09-16 10:37:00,43.156,43.193,43.15,43.181,49761
2026-09-16 10:38:00,43.181,43.269,43.165,43.262,44818
2026-09-16 10:39:00,43.262,43.271,43.132,43.156,20835
2026-09-16 10:40:00,43.156,43.29,43.119,43.284,42843
2026-09-16 10:41:00,43.284,43.404,43.259,43.367,13609
2026-09-16 10:42:00,43.367,43.388,43.248,43.256,17942
2026-09-16 10:43:00,43.256,43.395,43.228,43.392,35993
2026-09-16 10:44:00,43.392,43.533,43.38,43.478,45323
2026-09-16 10:45:00,43.478,43.603,43.463,43.565,21248
2026-09-16 10:46:00,43.565,43.578,43.555,43.562,44281
2026-09-16 10:47:00,43.562,43.753,43.489,43.743,10885
2026-09-16 10:48:00,43.743,43.776,43.71,43.717,47418
2026-09-16 10:49:00,43.717,43.809,43.676,43.799,39126
2026-09-16 10:50:00,43.799,43.802,43.741,43.755,18269
2026-09-16 10:51:00,43.755,43.858,43.753,43.841,26619
2026-09-16 10:52:00,43.841,43.876,43.834,43.872,23724
2026-09-16 10:53:00,43.872,44.058,43.847,44.056,10751
2026-09-16 10:54:00,44.056,44.074,43.863,43.874,57926
2026-09-16 10:55:00,43.874,43.973,43.854,43.95,21950
2026-09-16 10:56:00,43.95,44.115,43.94,44.111,48483
2026-09-16 10:57:00,44.111,44.117,44.09,44.097,27956
2026-09-16 10:58:00,44.097,44.124,43.963,43.964,31794
2026-09-16 10:59:00,43.964,44.18,43.961,44.127,13040
2026-09-16 11:00:00,44.127,44.16,44.104,44.135,51574
2026-09-16 11:01:00,44.135,44.249,44.116,44.237,43221
2026-09-16 11:02:00,44.237,44.278,44.032,44.059,55103
2026-09-16 11:03:00,44.059,44.154,44.037,44.131,7707
2026-09-16 11:04:00,44.131,44.204,44.119,44.188,23967
2026-09-16 11:05:00,44.188,44.191,44.14,44.17,28190
2026-09-16 11:06:00,44.17,44.191,44.061,44.063,57284
2026-09-16 11:07:00,44.063,44.106,44.036,44.092,22276
2026-09-16 11:08:00,44.092,44.092,44.026,44.04,55384
2026-09-16 11:09:00,44.04,44.177,44.036,44.168,55390
2026-09-16 11:10:00,44.168,44.218,44.03,44.051,54094
2026-09-16 11:11:00,44.051,44.161,44.03,44.143,11766
2026-09-16 11:12:00,44.143,44.187,44.129,44.142,32471
2026-09-16 11:13:00,44.142,44.151,44.072,44.079,9216
2026-09-16 11:14:00,44.079,44.136,44.04,44.124,43129
2026-09-16 11:15:00,44.124,44.213,44.119,44.208,22925
2026-09-16 11:16:00,44.208,44.237,44.2,44.226,40795
2026-09-16 11:17:00,44.226,44.335,44.223,44.332,57704
2026-09-16 11:18:00,44.332,44.338,44.319,44.337,8389
2026-09-16 11:19:00,44.337,44.37,44.324,44.348,31308
2026-09-16 11:20:00,44.348,44.458,44.327,44.433,58630
2026-09-16 11:21:00,44.433,44.461,44.363,44.397,53049
2026-09-16 11:22:00,44.397,44.459,44.397,44.445,14143
2026-09-16 11:23:00,44.445,44.586,44.412,44.562,7332
2026-09-16 11:24:00,44.562,44.605,44.542,44.6,59813
2026-09-16 11:25:00,44.6,44.621,44.547,44.572,48389
2026-09-16 11:26:00,44.572,44.66,44.567,44.657,31024
2026-09-16 11:27:00,44.657,44.677,44.613,44.622,44176
2026-09-16 11:28:00,44.622,44.672,44.614,44.656,28641
2026-09-16 11:29:00,44.656,44.778,44.62,44.741,58699
2026-09-16 11:30:00,44.741,44.752,44.632,44.635,42969
2026-09-16 11:31:00,44.635,44.663,44.591,44.606,15163
2026-09-16 11:32:00,44.606,44.704,44.592,44.682,34905
2026-09-16 11:33:00,44.682,44.694,44.656,44.669,11181
2026-09-16 11:34:00,44.669,44.716,44.643,44.651,31857
2026-09-16 11:35:00,44.651,44.661,44.499,44.516,58638
2026-09-16 11:36:00,44.516,44.56,44.484,44.536,24558
2026-09-16 11:37:00,44.536,44.57,44.469,44.479,56395
2026-09-16 11:38:00,44.479,44.483,44.403,44.407,8510
2026-09-16 11:39:00,44.407,44.424,44.314,44.341,33283
2026-09-16 11:40:00,44.341,44.367,44.293,44.304,47658
2026-09-16 11:41:00,44.304,44.33,44.274,44.3,54562
2026-09-16 11:42:00,44.3,44.31,44.273,44.286,33966
2026-09-16 11:43:00,44.286,44.301,44.068,44.113,50222
2026-09-16 11:44:00,44.113,44.125,44.106,44.106,49691
2026-09-16 11:45:00,44.106,44.122,43.905,43.951,36796
2026-09-16 11:46:00,43.951,43.964,43.755,43.802,44634
2026-09-16 11:47:00,43.802,43.816,43.757,43.803,30628
2026-09-16 11:48:00,43.803,43.87,43.8,43.825,13276
2026-09-16 11:49:00,43.825,43.832,43.754,43.777,6387
2026-09-16 11:50:00,43.777,43.785,43.593,43.618,19075
2026-09-16 11:51:00,43.618,43.744,43.566,43.743,42109
2026-09-16 11:52:00,43.743,43.78,43.54,43.567,53265
2026-09-16 11:53:00,43.567,43.57,43.519,43.52,46085
2026-09-16 11:54:00,43.52,43.566,43.48,43.538,6091
2026-09-16 11:55:00,43.538,43.669,43.506,43.634,37327
2026-09-16 11:56:00,43.634,43.642,43.513,43.572,54259
2026-09-16 11:57:00,43.572,43.596,43.571,43.59,46694
2026-09-16 11:58:00,43.59,43.594,43.415,43.434,38185
2026-09-16 11:59:00,43.434,43.566,43.41,43.553,31444
2026-09-16 13:00:00,43.553,43.576,43.53,43.575,25115
2026-09-16 13:01:00,43.575,43.642,43.538,43.629,17974
2026-09-16 13:02:00,43.629,43.653,43.566,43.603,47547
2026-09-16 13:03:00,43.603,43.747,43.571,43.721,57232
2026-09-16 13:04:00,43.721,43.734,43.61,43.645,35031
2026-09-16 13:05:00,43.645,43.696,43.643,43.678,9431
2026-09-16 13:06:00,43.678,43.698,43.667,43.693,49826
2026-09-16 13:07:00,43.693,43.897,43.664,43.872,19850
2026-09-16 13:08:00,43.872,43.875,43.85,43.871,31836
2026-09-16 13:09:00,43.871,43.908,43.767,43.809,16299
2026-09-16 13:10:00,43.809,43.96,43.809,43.931,36966
2026-09-16 13:11:00,43.931,43.937,43.88,43.9,38518
2026-09-16 13:12:00,43.9,43.939,43.898,43.906,7144
2026-09-16 13:13:00,43.906,43.917,43.809,43.824,30480
2026-09-16 13:14:00,43.824,43.876,43.765,43.876,41627
2026-09-16 13:15:00,43.876,43.906,43.861,43.865,36464
2026-09-16 13:16:00,43.865,43.88,43.85,43.862,11055
2026-09-16 13:17:00,43.862,43.869,43.805,43.807,30694
2026-09-16 13:18:00,43.807,43.884,43.769,43.878,51895
2026-09-16 13:19:00,43.878,43.893,43.835,43.859,38622
2026-09-16 13:20:00,43.859,43.864,43.681,43.724,23886
2026-09-16 13:21:00,43.724,43.78,43.69,43.755,10861
2026-09-16 13:22:00,43.755,43.78,43.622,43.638,41934
2026-09-16 13:23:00,43.638,43.749,43.627,43.74,25375
2026-09-16 13:24:00,43.74,43.811,43.663,43.665,42757
2026-09-16 13:25:00,43.665,43.707,43.636,43.699,35124
2026-09-16 13:26:00,43.699,43.754,43.629,43.746,53476
2026-09-16 13:27:00,43.746,43.765,43.708,43.742,38426
2026-09-16 13:28:00,43.742,43.82,43.737,43.795,28280
2026-09-16 13:29:00,43.795,43.814,43.698,43.715,29067
2026-09-16 13:30:00,43.715,43.848,43.714,43.776,42891
2026-09-16 13:31:00,43.776,43.873,43.695,43.868,7847
2026-09-16 13:32:00,43.868,43.941,43.852,43.906,10828
2026-09-16 13:33:00,43.906,43.988,43.877,43.982,43496
2026-09-16 13:34:00,43.982,44.008,43.914,44.006,38073
2026-09-16 13:35:00,44.006,44.076,44.005,44.042,32568
2026-09-16 13:36:00,44.042,44.193,44.021,44.167,54810
2026-09-16 13:37:00,44.167,44.227,44.127,44.197,58014
2026-09-16 13:38:00,44.197,44.312,44.144,44.297,47267
2026-09-16 13:39:00,44.297,44.38,44.295,44.379,23893
2026-09-16 13:40:00,44.379,44.388,44.334,44.361,8715
2026-09-16 13:41:00,44.361,44.427,44.329,44.408,42410
2026-09-16 13:42:00,44.408,44.504,44.39,44.474,47183
2026-09-16 13:43:00,44.474,44.566,44.465,44.544,7323
2026-09-16 13:44:00,44.544,44.557,44.485,44.523,40446
2026-09-16 13:45:00,44.523,44.793,44.476,44.779,42729
2026-09-16 13:46:00,44.779,44.81,44.758,44.773,46318
2026-09-16 13:47:00,44.773,44.911,44.739,44.879,8694
2026-09-16 13:48:00,44.879,44.895,44.762,44.769,21764
2026-09-16 13:49:00,44.769,44.838,44.761,44.814,38773
2026-09-16 13:50:00,44.814,44.835,44.771,44.825,52599
2026-09-16 13:51:00,44.825,44.846,44.782,44.805,39920
2026-09-16 13:52:00,44.805,44.833,44.77,44.824,10121
2026-09-16 13:53:00,44.824,44.841,44.701,44.711,44221
2026-09-16 13:54:00,44.711,44.742,44.643,44.666,59469
2026-09-16 13:55:00,44.666,44.67,44.592,44.614,32542
2026-09-16 13:56:00,44.614,44.63,44.436,44.466,57828
2026-09-16 13:57:00,44.466,44.477,44.464,44.469,31649
2026-09-16 13:58:00,44.469,44.5,44.4,44.409,33518
2026-09-16 13:59:00,44.409,44.5,44.369,44.48,11524
2026-09-16 14:00:00,44.48,44.529,44.337,44.368,38780
2026-09-16 14:01:00,44.368,44.388,44.296,44.324,18869
2026-09-16 14:02:00,44.324,44.336,44.245,44.254,34880
2026-09-16 14:03:00,44.254,44.269,44.149,44.17,49348
2026-09-16 14:04:00,44.17,44.2,44.084,44.195,53996
2026-09-16 14:05:00,44.195,44.213,44.049,44.063,57597
2026-09-16 14:06:00,44.063,44.086,43.934,43.939,18559
2026-09-16 14:07:00,43.939,44.035,43.936,44.007,23400
2026-09-16 14:08:00,44.007,44.039,43.969,43.983,42270
2026-09-16 14:09:00,43.983,44.001,43.894,43.9,34598
2026-09-16 14:10:00,43.9,43.907,43.881,43.903,43822
2026-09-16 14:11:00,43.903,43.944,43.886,43.94,20626
2026-09-16 14:12:00,43.94,43.987,43.896,43.929,54632
2026-09-16 14:13:00,43.929,43.935,43.86,43.864,20518
2026-09-16 14:14:00,43.864,43.919,43.845,43.902,17801
2026-09-16 14:15:00,43.902,43.914,43.842,43.855,48610
2026-09-16 14:16:00,43.855,43.946,43.819,43.937,10314
2026-09-16 14:17:00,43.937,43.994,43.78,43.781,50902
2026-09-16 14:18:00,43.781,43.914,43.78,43.896,39352
2026-09-16 14:19:00,43.896,43.96,43.804,43.844,38956
2026-09-16 14:20:00,43.844,43.856,43.829,43.843,31450
2026-09-16 14:21:00,43.843,43.861,43.729,43.755,52814
2026-09-16 14:22:00,43.755,43.901,43.74,43.885,37041
2026-09-16 14:23:00,43.885,43.886,43.829,43.83,5261
2026-09-16 14:24:00,43.83,43.853,43.799,43.803,24393
2026-09-16 14:25:00,43.803,43.826,43.788,43.79,54918
2026-09-16 14:26:00,43.79,43.833,43.779,43.817,23533
2026-09-16 14:27:00,43.817,43.842,43.808,43.825,10675
2026-09-16 14:28:00,43.825,43.837,43.648,43.713,16893
2026-09-16 14:29:00,43.713,43.731,43.661,43.715,6221
2026-09-16 14:30:00,43.715,43.778,43.685,43.771,59868
2026-09-16 14:31:00,43.771,43.778,43.681,43.685,11363
2026-09-16 14:32:00,43.685,43.76,43.648,43.747,26979
2026-09-16 14:33:00,43.747,43.76,43.521,43.555,18910
2026-09-16 14:34:00,43.555,43.583,43.521,43.561,6955
2026-09-16 14:35:00,43.561,43.601,43.556,43.565,34731
2026-09-16 14:36:00,43.565,43.613,43.407,43.43,10920
2026-09-16 14:37:00,43.43,43.456,43.42,43.43,8221
2026-09-16 14:38:00,43.43,43.436,43.349,43.352,8053
2026-09-16 14:39:00,43.352,43.353,43.271,43.287,55192
2026-09-16 14:40:00,43.287,43.345,43.259,43.34,20332
2026-09-16 14:41:00,43.34,43.368,43.183,43.196,29023
2026-09-16 14:42:00,43.196,43.252,43.185,43.2,30013
2026-09-16 14:43:00,43.2,43.236,43.137,43.153,59058
2026-09-16 14:44:00,43.153,43.254,43.108,43.249,58936
2026-09-16 14:45:00,43.249,43.333,43.244,43.321,44118
2026-09-16 14:46:00,43.321,43.322,43.291,43.297,51679
2026-09-16 14:47:00,43.297,43.389,43.289,43.358,19128
2026-09-16 14:48:00,43.358,43.367,43.284,43.315,16820
2026-09-16 14:49:00,43.315,43.444,43.296,43.426,16145
2026-09-16 14:50:00,43.426,43.465,43.376,43.415,8319
2026-09-16 14:51:00,43.415,43.47,43.41,43.449,49936
2026-09-16 14:52:00,43.449,43.667,43.447,43.636,19300
2026-09-16 14:53:00,43.636,43.663,43.611,43.616,36635
2026-09-16 14:54:00,43.616,43.79,43.584,43.709,25097
2026-09-16 14:55:00,43.709,43.794,43.698,43.761,10189
2026-09-16 14:56:00,43.761,43.87,43.744,43.866,11047
2026-09-16 14:57:00,43.866,43.926,43.84,43.923,19809
2026-09-16 14:58:00,43.923,43.963,43.877,43.917,50183
2026-09-16 14:59:00,43.917,44.063,43.876,44.038,11835
2026-09-16 15:00:00,44.038,44.113,44.004,44.088,58057
2026-09-16 15:01:00,44.088,44.186,44.079,44.167,37612
2026-09-16 15:02:00,44.167,44.21,44.125,44.171,52132
2026-09-16 15:03:00,44.171,44.338,44.135,44.316,54024
2026-09-16 15:04:00,44.316,44.361,44.172,44.211,23136
2026-09-16 15:05:00,44.211,44.345,44.181,44.304,25235
2026-09-16 15:06:00,44.304,44.326,44.249,44.326,38984
2026-09-16 15:07:00,44.326,44.335,44.297,44.3,6479
2026-09-16 15:08:00,44.3,44.321,44.271,44.294,5615
2026-09-16 15:09:00,44.294,44.442,44.287,44.396,56601
2026-09-16 15:10:00,44.396,44.417,44.354,44.407,18140
2026-09-16 15:11:00,44.407,44.439,44.341,44.387,50679
2026-09-16 15:12:00,44.387,44.413,44.246,44.265,54533
2026-09-16 15:13:00,44.265,44.323,44.257,44.306,6877
2026-09-16 15:14:00,44.306,44.311,44.285,44.309,11384
2026-09-16 15:15:00,44.309,44.316,44.257,44.273,20447
2026-09-16 15:16:00,44.273,44.31,44.262,44.289,10999
2026-09-16 15:17:00,44.289,44.308,44.223,44.234,26064
2026-09-16 15:18:00,44.234,44.275,44.228,44.244,47598
2026-09-16 15:19:00,44.244,44.262,44.227,44.233,59163
2026-09-16 15:20:00,44.233,44.235,43.956,44.016,31780
2026-09-16 15:21:00,44.016,44.189,43.99,44.175,6778
2026-09-16 15:22:00,44.175,44.215,44.093,44.109,47891
2026-09-16 15:23:00,44.109,44.166,44.095,44.139,59758
2026-09-16 15:24:00,44.139,44.155,44.123,44.134,53850
2026-09-16 15:25:00,44.134,44.176,44.071,44.108,39194
2026-09-16 15:26:00,44.108,44.12,44.076,44.112,10003
2026-09-16 15:27:00,44.112,44.19,44.064,44.183,26989
2026-09-16 15:28:00,44.183,44.188,44.147,44.16,56628
2026-09-16 15:29:00,44.16,44.206,44.129,44.196,27304
2026-09-16 15:30:00,44.196,44.219,44.151,44.153,46549
2026-09-16 15:31:00,44.153,44.347,44.122,44.328,41541
2026-09-16 15:32:00,44.328,44.334,44.177,44.212,23774
2026-09-16 15:33:00,44.212,44.359,44.203,44.345,22120
2026-09-16 15:34:00,44.345,44.366,44.198,44.241,41700
2026-09-16 15:35:00,44.241,44.356,44.191,44.331,21467
2026-09-16 15:36:00,44.331,44.39,44.327,44.375,37669
2026-09-16 15:37:00,44.375,44.388,44.214,44.252,48552
2026-09-16 15:38:00,44.252,44.322,44.242,44.268,11276
2026-09-16 15:39:00,44.268,44.338,44.251,44.331,22807
2026-09-16 15:40:00,44.331,44.393,44.324,44.367,35693
2026-09-16 15:41:00,44.367,44.373,44.336,44.359,49567
2026-09-16 15:42:00,44.359,44.371,44.291,44.306,8047
2026-09-16 15:43:00,44.306,44.329,44.256,44.263,23670
2026-09-16 15:44:00,44.263,44.296,44.103,44.123,19873
2026-09-16 15:45:00,44.123,44.17,44.076,44.1,42536
2026-09-16 15:46:00,44.1,44.146,44.074,44.137,42709
2026-09-16 15:47:00,44.137,44.155,43.949,43.967,5039
2026-09-16 15:48:00,43.967,43.973,43.917,43.926,41729
2026-09-16 15:49:00,43.926,43.929,43.767,43.778,34719
2026-09-16 15:50:00,43.778,43.827,43.77,43.792,8737
2026-09-16 15:51:00,43.792,43.812,43.623,43.632,29270
2026-09-16 15:52:00,43.632,43.665,43.588,43.657,39181
2026-09-16 15:53:00,43.657,43.69,43.636,43.659,48069
2026-09-16 15:54:00,43.659,43.674,43.517,43.548,57059
2026-09-16 15:55:00,43.548,43.549,43.44,43.466,38501
2026-09-16 15:56:00,43.466,43.47,43.368,43.377,51432
2026-09-16 15:57:00,43.377,43.42,43.319,43.361,41044
2026-09-16 15:58:00,43.361,43.422,43.163,43.225,10583
2026-09-16 15:59:00,43.225,43.278,43.21,43.216,14517
2026-09-17 09:30:00,42.754,42.8,42.736,42.754,55343
2026-09-17 09:31:00,42.754,42.817,42.72,42.804,9835
2026-09-17 09:32:00,42.804,42.823,42.705,42.716,16325
2026-09-17 09:33:00,42.716,42.771,42.688,42.758,40159
2026-09-17 09:34:00,42.758,42.767,42.712,42.719,59547
2026-09-17 09:35:00,42.719,42.866,42.697,42.819,32973
2026-09-17 09:36:00,42.819,42.837,42.767,42.77,43984
2026-09-17 09:37:00,42.77,42.77,42.764,42.768,53069
2026-09-17 09:38:00,42.768,42.839,42.76,42.829,9982
2026-09-17 09:39:00,42.829,42.853,42.815,42.826,10374
2026-09-17 09:40:00,42.826,42.858,42.803,42.818,37840
2026-09-17 09:41:00,42.818,42.832,42.769,42.775,41381
2026-09-17 09:42:00,42.775,42.798,42.737,42.787,47255
2026-09-17 09:43:00,42.787,42.799,42.769,42.777,47527
2026-09-17 09:44:00,42.777,42.789,42.662,42.729,11597
2026-09-17 09:45:00,42.729,42.781,42.722,42.773,32740
2026-09-17 09:46:00,42.773,42.789,42.746,42.767,5959
2026-09-17 09:47:00,42.767,42.783,42.736,42.757,48981
2026-09-17 09:48:00,42.757,42.851,42.689,42.837,59713
2026-09-17 09:49:00,42.837,42.861,42.746,42.797,53771
2026-09-17 09:50:00,42.797,42.824,42.788,42.807,59858
2026-09-17 09:51:00,42.807,42.953,42.767,42.937,45457
2026-09-17 09:52:00,42.937,43.02,42.926,43.007,10957
2026-09-17 09:53:00,43.007,43.007,42.897,42.91,15836
2026-09-17 09:54:00,42.91,43.059,42.899,43.017,16082
2026-09-17 09:55:00,43.017,43.051,42.954,43.01,11813
2026-09-17 09:56:00,43.01,43.038,42.969,42.991,8588
2026-09-17 09:57:00,42.991,43.059,42.983,43.026,35074
2026-09-17 09:58:00,43.026,43.1,43.022,43.078,40920
2026-09-17 09:59:00,43.078,43.116,43.06,43.094,58995
2026-09-17 10:00:00,43.094,43.135,43.086,43.103,38049
2026-09-17 10:01:00,43.103,43.147,43.071,43.135,57595
2026-09-17 10:02:00,43.135,43.137,43.072,43.094,44197
2026-09-17 10:03:00,43.094,43.267,43.082,43.225,30165
2026-09-17 10:04:00,43.225,43.24,43.117,43.143,36279
2026-09-17 10:05:00,43.143,43.162,43.119,43.136,39207
2026-09-17 10:06:00,43.136,43.256,43.095,43.241,36407
2026-09-17 10:07:00,43.241,43.264,43.233,43.243,22144
2026-09-17 10:08:00,43.243,43.296,43.233,43.256,39557
2026-09-17 10:09:00,43.256,43.271,43.112,43.143,40038
2026-09-17 10:10:00,43.143,43.148,43.109,43.113,39900
2026-09-17 10:11:00,43.113,43.175,43.062,43.173,6009
2026-09-17 10:12:00,43.173,43.202,43.044,43.075,41313
2026-09-17 10:13:00,43.075,43.084,43.051,43.064,54340
2026-09-17 10:14:00,43.064,43.09,42.933,42.955,30686
2026-09-17 10:15:00,42.955,42.967,42.91,42.961,54924
2026-09-17 10:16:00,42.961,42.965,42.682,42.721,32699
2026-09-17 10:17:00,42.721,42.819,42.698,42.807,42629
2026-09-17 10:18:00,42.807,42.816,42.595,42.614,51484
2026-09-17 10:19:00,42.614,42.679,42.613,42.675,12791
2026-09-17 10:20:00,42.675,42.689,42.423,42.464,22694
2026-09-17 10:21:00,42.464,42.518,42.438,42.504,20442
2026-09-17 10:22:00,42.504,42.539,42.501,42.523,49136
2026-09-17 10:23:00,42.523,42.538,42.331,42.344,52606
2026-09-17 10:24:00,42.344,42.373,42.224,42.233,8042
2026-09-17 10:25:00,42.233,42.352,42.226,42.332,21694
2026-09-17 10:26:00,42.332,42.332,42.149,42.157,20341
2026-09-17 10:27:00,42.157,42.172,42.044,42.052,48557
2026-09-17 10:28:00,42.052,42.134,42.022,42.126,16172
2026-09-17 10:29:00,42.126,42.149,41.861,41.864,52243
2026-09-17 10:30:00,41.864,41.927,41.851,41.913,33247
2026-09-17 10:31:00,41.913,41.938,41.832,41.869,44120
2026-09-17 10:32:00,41.869,41.912,41.831,41.873,15507
2026-09-17 10:33:00,41.873,41.907,41.773,41.809,21513
2026-09-17 10:34:00,41.809,41.926,41.805,41.925,24574
2026-09-17 10:35:00,41.925,41.96,41.868,41.921,39191
2026-09-17 10:36:00,41.921,41.96,41.881,41.901,53785
2026-09-17 10:37:00,41.901,41.922,41.859,41.883,52157
2026-09-17 10:38:00,41.883,41.884,41.836,41.852,52686
2026-09-17 10:39:00,41.852,42.003,41.834,41.991,44511
2026-09-17 10:40:00,41.991,42.044,41.901,41.947,19963
2026-09-17 10:41:00,41.947,42.038,41.946,42.021,50054
2026-09-17 10:42:00,42.021,42.112,42.019,42.103,45204
2026-09-17 10:43:00,42.103,42.137,42.071,42.08,53101
2026-09-17 10:44:00,42.08,42.087,41.974,42.014,33353
2026-09-17 10:45:00,42.014,42.107,42.009,42.094,34223
2026-09-17 10:46:00,42.094,42.266,42.085,42.248,29632
2026-09-17 10:47:00,42.248,42.253,42.192,42.199,42054
2026-09-17 10:48:00,42.199,42.27,42.167,42.258,38767
2026-09-17 10:49:00,42.258,42.271,42.07,42.075,36144
2026-09-17 10:50:00,42.075,42.259,42.04,42.19,45348
2026-09-17 10:51:00,42.19,42.195,42.181,42.188,59004
2026-09-17 10:52:00,42.188,42.217,42.113,42.118,34714
2026-09-17 10:53:00,42.118,42.182,42.105,42.18,10144
2026-09-17 10:54:00,42.18,42.284,42.13,42.255,55083
2026-09-17 10:55:00,42.255,42.266,42.241,42.247,6464
2026-09-17 10:56:00,42.247,42.255,42.141,42.176,38762
2026-09-17 10:57:00,42.176,42.241,42.162,42.225,48813
2026-09-17 10:58:00,42.225,42.303,42.221,42.283,25676
2026-09-17 10:59:00,42.283,42.313,42.187,42.188,47560
2026-09-17 11:00:00,42.188,42.228,42.167,42.216,55499
2026-09-17 11:01:00,42.216,42.282,42.2,42.275,38779
2026-09-17 11:02:00,42.275,42.29,42.141,42.151,57489
2026-09-17 11:03:00,42.151,42.313,42.134,42.273,5627
2026-09-17 11:04:00,42.273,42.282,42.179,42.201,35528
2026-09-17 11:05:00,42.201,42.282,42.185,42.271,21795
2026-09-17 11:06:00,42.271,42.272,42.228,42.253,17861
2026-09-17 11:07:00,42.253,42.289,42.239,42.247,51362
2026-09-17 11:08:00,42.247,42.29,42.242,42.248,54022
2026-09-17 11:09:00,42.248,42.254,42.233,42.242,13285
2026-09-17 11:10:00,42.242,42.369,42.229,42.302,31195
2026-09-17 11:11:00,42.302,42.377,42.278,42.352,6387
2026-09-17 11:12:00,42.352,42.492,42.346,42.469,24379
2026-09-17 11:13:00,42.469,42.472,42.428,42.45,58839
2026-09-17 11:14:00,42.45,42.52,42.407,42.514,17730
2026-09-17 11:15:00,42.514,42.704,42.512,42.634,34948
2026-09-17 11:16:00,42.634,42.653,42.603,42.636,22163
2026-09-17 11:17:00,42.636,42.721,42.601,42.714,11447
2026-09-17 11:18:00,42.714,42.86,42.689,42.852,35710
2026-09-17 11:19:00,42.852,42.888,42.83,42.837,25324
2026-09-17 11:20:00,42.837,42.984,42.81,42.9,19761
2026-09-17 11:21:00,42.9,42.988,42.89,42.982,51740
2026-09-17 11:22:00,42.982,43.014,42.971,43.001,48725
2026-09-17 11:23:00,43.001,43.012,42.962,42.994,51546
2026-09-17 11:24:00,42.994,43.045,42.98,43.032,33615
2026-09-17 11:25:00,43.032,43.145,43.029,43.126,19177
2026-09-17 11:26:00,43.126,43.253,43.12,43.235,59877
2026-09-17 11:27:00,43.235,43.293,43.222,43.25,47373
2026-09-17 11:28:00,43.25,43.38,43.229,43.342,12687
2026-09-17 11:29:00,43.342,43.364,43.298,43.341,23657
2026-09-17 11:30:00,43.341,43.362,43.274,43.275,22266
2026-09-17 11:31:00,43.275,43.275,43.193,43.212,15196
2026-09-17 11:32:00,43.212,43.231,43.207,43.231,6160
2026-09-17 11:33:00,43.231,43.253,43.202,43.239,36598
2026-09-17 11:34:00,43.239,43.25,43.165,43.188,47248
2026-09-17 11:35:00,43.188,43.271,43.162,43.247,25620
2026-09-17 11:36:00,43.247,43.262,43.063,43.095,30126
2026-09-17 11:37:00,43.095,43.116,43.075,43.096,47673
2026-09-17 11:38:00,43.096,43.108,43.038,43.058,38925
2026-09-17 11:39:00,43.058,43.073,42.872,42.872,53968
2026-09-17 11:40:00,42.872,42.876,42.779,42.859,18789
2026-09-17 11:41:00,42.859,42.893,42.843,42.871,58584
2026-09-17 11:42:00,42.871,42.92,42.761,42.801,40594
2026-09-17 11:43:00,42.801,42.807,42.68,42.695,46464
2026-09-17 11:44:00,42.695,42.707,42.549,42.58,14335
2026-09-17 11:45:00,42.58,42.591,42.545,42.568,24659
2026-09-17 11:46:00,42.568,42.583,42.547,42.555,35861
2026-09-17 11:47:00,42.555,42.574,42.554,42.562,24055
2026-09-17 11:48:00,42.562,42.587,42.459,42.461,12518
2026-09-17 11:49:00,42.461,42.468,42.399,42.405,15348
2026-09-17 11:50:00,42.405,42.428,42.351,42.354,18049
2026-09-17 11:51:00,42.354,42.368,42.299,42.327,30709
2026-09-17 11:52:00,42.327,42.351,42.145,42.166,24911
2026-09-17 11:53:00,42.166,42.184,42.14,42.154,45906
2026-09-17 11:54:00,42.154,42.212,42.148,42.203,36617
2026-09-17 11:55:00,42.203,42.257,42.169,42.237,7633
2026-09-17 11:56:00,42.237,42.255,42.214,42.23,30065
2026-09-17 11:57:00,42.23,42.281,42.12,42.125,11239
2026-09-17 11:58:00,42.125,42.178,42.078,42.161,31416
2026-09-17 11:59:00,42.161,42.165,42.108,42.126,43090
2026-09-17 13:00:00,42.126,42.171,42.079,42.116,45320
2026-09-17 13:01:00,42.116,42.148,42.093,42.133,19072
2026-09-17 13:02:00,42.133,42.17,42.066,42.108,26265
2026-09-17 13:03:00,42.108,42.148,42.087,42.146,35250
2026-09-17 13:04:00,42.146,42.152,42.131,42.139,45311
2026-09-17 13:05:00,42.139,42.158,42.114,42.139,33981
2026-09-17 13:06:00,42.139,42.221,42.117,42.2,51836
2026-09-17 13:07:00,42.2,42.28,42.176,42.24,14225
2026-09-17 13:08:00,42.24,42.298,42.226,42.285,7242
2026-09-17 13:09:00,42.285,42.288,42.21,42.223,53412
2026-09-17 13:10:00,42.223,42.27,42.215,42.268,30087
2026-09-17 13:11:00,42.268,42.342,42.227,42.338,30543
2026-09-17 13:12:00,42.338,42.368,42.26,42.264,50311
2026-09-17 13:13:00,42.264,42.275,42.257,42.267,6969
2026-09-17 13:14:00,42.267,42.272,42.118,42.156,25128
2026-09-17 13:15:00,42.156,42.177,42.122,42.125,53269
2026-09-17 13:16:00,42.125,42.14,42.079,42.085,40681
2026-09-17 13:17:00,42.085,42.191,42.045,42.164,45171
2026-09-17 13:18:00,42.164,42.174,42.005,42.026,5990
2026-09-17 13:19:00,42.026,42.091,41.953,41.97,14079
2026-09-17 13:20:00,41.97,42.03,41.947,42.0,39172
2026-09-17 13:21:00,42.0,42.108,41.984,42.059,48929
2026-09-17 13:22:00,42.059,42.069,41.937,41.953,44476
2026-09-17 13:23:00,41.953,41.979,41.933,41.955,11512
2026-09-17 13:24:00,41.955,41.958,41.885,41.916,19968
2026-09-17 13:25:00,41.916,41.93,41.871,41.871,31622
2026-09-17 13:26:00,41.871,41.893,41.829,41.852,29351
2026-09-17 13:27:00,41.852,41.86,41.754,41.771,41761
2026-09-17 13:28:00,41.771,41.953,41.737,41.922,57634
2026-09-17 13:29:00,41.922,41.932,41.793,41.829,59599
2026-09-17 13:30:00,41.829,41.933,41.801,41.916,23392
2026-09-17 13:31:00,41.916,41.975,41.783,41.804,57322
2026-09-17 13:32:00,41.804,41.925,41.779,41.918,36695
2026-09-17 13:33:00,41.918,41.932,41.827,41.839,53689
2026-09-17 13:34:00,41.839,41.899,41.8,41.896,37325
2026-09-17 13:35:00,41.896,42.006,41.877,42.006,56151
2026-09-17 13:36:00,42.006,42.111,42.001,42.067,35882
2026-09-17 13:37:00,42.067,42.114,42.056,42.107,11411
2026-09-17 13:38:00,42.107,42.188,42.102,42.165,54631
2026-09-17 13:39:00,42.165,42.173,42.131,42.137,7698
2026-09-17 13:40:00,42.137,42.268,42.127,42.227,14084
2026-09-17 13:41:00,42.227,42.236,42.208,42.211,11127
2026-09-17 13:42:00,42.211,42.297,42.171,42.267,44278
2026-09-17 13:43:00,42.267,42.442,42.267,42.396,42496
2026-09-17 13:44:00,42.396,42.463,42.393,42.454,7656
2026-09-17 13:45:00,42.454,42.599,42.42,42.572,7405
2026-09-17 13:46:00,42.572,42.606,42.471,42.482,5750
2026-09-17 13:47:00,42.482,42.701,42.458,42.693,16066
2026-09-17 13:48:00,42.693,42.712,42.61,42.676,19654
2026-09-17 13:49:00,42.676,42.858,42.627,42.837,7748
2026-09-17 13:50:00,42.837,42.931,42.836,42.886,24653
2026-09-17 13:51:00,42.886,42.888,42.798,42.812,39522
2026-09-17 13:52:00,42.812,42.922,42.8,42.914,43532
2026-09-17 13:53:00,42.914,42.99,42.876,42.985,42161
2026-09-17 13:54:00,42.985,42.993,42.916,42.92,29485
2026-09-17 13:55:00,42.92,42.979,42.898,42.958,17694
2026-09-17 13:56:00,42.958,43.031,42.956,42.991,51667
2026-09-17 13:57:00,42.991,43.068,42.953,43.056,18726
2026-09-17 13:58:00,43.056,43.095,43.027,43.038,9710
2026-09-17 13:59:00,43.038,43.055,42.931,42.937,58653
2026-09-17 14:00:00,42.937,42.988,42.932,42.977,41772
2026-09-17 14:01:00,42.977,42.982,42.971,42.972,28795
2026-09-17 14:02:00,42.972,43.012,42.912,42.926,37754
2026-09-17 14:03:00,42.926,42.933,42.813,42.817,19810
2026-09-17 14:04:00,42.817,42.825,42.773,42.798,46583
2026-09-17 14:05:00,42.798,42.843,42.795,42.831,42063
2026-09-17 14:06:00,42.831,42.871,42.801,42.803,50467
2026-09-17 14:07:00,42.803,42.828,42.736,42.765,44576
2026-09-17 14:08:00,42.765,42.767,42.647,42.679,29200
2026-09-17 14:09:00,42.679,42.722,42.603,42.607,33716
2026-09-17 14:10:00,42.607,42.709,42.584,42.691,42724
2026-09-17 14:11:00,42.691,42.701,42.587,42.593,9836
2026-09-17 14:12:00,42.593,42.696,42.578,42.691,18156
2026-09-17 14:13:00,42.691,42.72,42.489,42.567,19293
2026-09-17 14:14:00,42.567,42.603,42.545,42.602,41379
2026-09-17 14:15:00,42.602,42.61,42.583,42.6,49030
2026-09-17 14:16:00,42.6,42.742,42.572,42.717,33045
2026-09-17 14:17:00,42.717,42.728,42.65,42.689,20285
2026-09-17 14:18:00,42.689,42.707,42.565,42.593,44131
2026-09-17 14:19:00,42.593,42.611,42.483,42.517,13803
2026-09-17 14:20:00,42.517,42.714,42.512,42.702,28792
2026-09-17 14:21:00,42.702,42.71,42.663,42.665,20352
2026-09-17 14:22:00,42.665,42.67,42.615,42.618,33165
2026-09-17 14:23:00,42.618,42.648,42.586,42.594,46190
2026-09-17 14:24:00,42.594,42.765,42.572,42.728,6422
2026-09-17 14:25:00,42.728,42.75,42.687,42.701,55044
2026-09-17 14:26:00,42.701,42.75,42.697,42.713,11776
2026-09-17 14:27:00,42.713,42.764,42.703,42.727,53097
2026-09-17 14:28:00,42.727,42.748,42.684,42.699,58303
2026-09-17 14:29:00,42.699,42.75,42.688,42.711,53910
2026-09-17 14:30:00,42.711,42.813,42.681,42.773,42672
2026-09-17 14:31:00,42.773,42.791,42.682,42.701,54228
2026-09-17 14:32:00,42.701,42.714,42.654,42.665,8650
2026-09-17 14:33:00,42.665,42.756,42.622,42.712,58275
2026-09-17 14:34:00,42.712,42.715,42.546,42.587,32978
2026-09-17 14:35:00,42.587,42.733,42.547,42.702,51681
2026-09-17 14:36:00,42.702,42.717,42.561,42.618,55666
2026-09-17 14:37:00,42.618,42.626,42.468,42.484,39460
2026-09-17 14:38:00,42.484,42.507,42.438,42.449,49937
2026-09-17 14:39:00,42.449,42.454,42.427,42.45,21477
2026-09-17 14:40:00,42.45,42.455,42.341,42.357,24535
2026-09-17 14:41:00,42.357,42.36,42.158,42.159,59888
2026-09-17 14:42:00,42.159,42.183,42.13,42.153,36469
2026-09-17 14:43:00,42.153,42.191,42.135,42.151,17061
2026-09-17 14:44:00,42.151,42.17,42.139,42.168,17749
2026-09-17 14:45:00,42.168,42.175,42.069,42.073,22537
2026-09-17 14:46:00,42.073,42.083,41.939,41.964,42420
2026-09-17 14:47:00,41.964,41.967,41.914,41.93,47078
2026-09-17 14:48:00,41.93,41.952,41.838,41.855,21233
2026-09-17 14:49:00,41.855,41.877,41.812,41.833,29176
2026-09-17 14:50:00,41.833,41.841,41.798,41.834,32495
2026-09-17 14:51:00,41.834,41.855,41.671,41.686,7308
2026-09-17 14:52:00,41.686,41.842,41.667,41.821,7934
2026-09-17 14:53:00,41.821,41.845,41.77,41.78,35209
2026-09-17 14:54:00,41.78,41.801,41.732,41.733,22768
2026-09-17 14:55:00,41.733,41.74,41.641,41.67,53316
2026-09-17 14:56:00,41.67,41.701,41.634,41.642,21460
2026-09-17 14:57:00,41.642,41.747,41.613,41.725,33804
2026-09-17 14:58:00,41.725,41.747,41.724,41.74,5289
2026-09-17 14:59:00,41.74,41.823,41.739,41.799,47190
2026-09-17 15:00:00,41.799,41.967,41.787,41.959,7033
2026-09-17 15:01:00,41.959,41.98,41.796,41.817,15934
2026-09-17 15:02:00,41.817,41.974,41.775,41.949,34444
2026-09-17 15:03:00,41.949,42.039,41.94,42.013,48017
2026-09-17 15:04:00,42.013,42.199,41.972,42.183,45798
2026-09-17 15:05:00,42.183,42.196,42.146,42.166,23123
2026-09-17 15:06:00,42.166,42.211,42.144,42.184,10557
2026-09-17 15:07:00,42.184,42.322,42.128,42.306,24630
2026-09-17 15:08:00,42.306,42.395,42.286,42.381,29284
2026-09-17 15:09:00,42.381,42.489,42.345,42.469,45682
2026-09-17 15:10:00,42.469,42.512,42.433,42.464,34098
2026-09-17 15:11:00,42.464,42.5,42.446,42.454,35815
2026-09-17 15:12:00,42.454,42.517,42.447,42.513,41820
2026-09-17 15:13:00,42.513,42.581,42.474,42.556,28778
2026-09-17 15:14:00,42.556,42.627,42.555,42.622,30361
2026-09-17 15:15:00,42.622,42.723,42.615,42.681,24549
2026-09-17 15:16:00,42.681,42.692,42.647,42.66,23480
2026-09-17 15:17:00,42.66,42.704,42.634,42.676,22110
2026-09-17 15:18:00,42.676,42.819,42.673,42.786,51198
2026-09-17 15:19:00,42.786,42.828,42.753,42.767,53300
2026-09-17 15:20:00,42.767,42.813,42.731,42.803,6322
2026-09-17 15:21:00,42.803,42.804,42.703,42.706,36826
2026-09-17 15:22:00,42.706,42.709,42.691,42.705,19772
2026-09-17 15:23:00,42.705,42.734,42.533,42.603,47367
2026-09-17 15:24:00,42.603,42.637,42.596,42.618,21663
2026-09-17 15:25:00,42.618,42.735,42.575,42.716,57522
2026-09-17 15:26:00,42.716,42.765,42.683,42.755,21827
2026-09-17 15:27:00,42.755,42.774,42.636,42.668,29952
2026-09-17 15:28:00,42.668,42.685,42.619,42.627,24646
2026-09-17 15:29:00,42.627,42.698,42.612,42.684,44357
2026-09-17 15:30:00,42.684,42.764,42.68,42.732,36713
2026-09-17 15:31:00,42.732,42.747,42.62,42.649,8972
2026-09-17 15:32:00,42.649,42.705,42.605,42.693,31723
2026-09-17 15:33:00,42.693,42.7,42.588,42.647,32327
2026-09-17 15:34:00,42.647,42.672,42.541,42.575,34647
2026-09-17 15:35:00,42.575,42.653,42.568,42.631,42371
2026-09-17 15:36:00,42.631,42.687,42.596,42.681,26163
2026-09-17 15:37:00,42.681,42.881,42.674,42.819,46704
2026-09-17 15:38:00,42.819,42.87,42.769,42.772,17772
2026-09-17 15:39:00,42.772,42.782,42.688,42.739,39023
2026-09-17 15:40:00,42.739,42.821,42.723,42.813,12229
2026-09-17 15:41:00,42.813,42.863,42.779,42.841,31113
2026-09-17 15:42:00,42.841,42.878,42.796,42.873,47913
2026-09-17 15:43:00,42.873,42.915,42.864,42.914,56203
2026-09-17 15:44:00,42.914,42.937,42.894,42.934,41024
2026-09-17 15:45:00,42.934,43.04,42.914,43.003,14765
2026-09-17 15:46:00,43.003,43.057,42.986,43.054,42550
2026-09-17 15:47:00,43.054,43.123,43.044,43.075,42875
2026-09-17 15:48:00,43.075,43.08,42.978,42.999,22314
2026-09-17 15:49:00,42.999,43.092,42.972,43.07,26522
2026-09-17 15:50:00,43.07,43.085,42.981,43.01,50284
2026-09-17 15:51:00,43.01,43.027,42.987,43.02,5755
2026-09-17 15:52:00,43.02,43.061,43.019,43.039,37816
2026-09-17 15:53:00,43.039,43.102,43.011,43.07,59814
2026-09-17 15:54:00,43.07,43.071,43.013,43.027,50420
2026-09-17 15:55:00,43.027,43.082,43.01,43.055,47454
2026-09-17 15:56:00,43.055,43.093,42.975,43.019,20106
2026-09-17 15:57:00,43.019,43.055,42.998,43.013,51698
2026-09-17 15:58:00,43.013,43.027,42.882,42.921,7574
2026-09-17 15:59:00,42.921,42.926,42.812,42.822,11112
2026-09-18 09:30:00,43.447,43.463,43.434,43.447,36939
2026-09-18 09:31:00,43.447,43.454,43.356,43.361,41290
2026-09-18 09:32:00,43.361,43.394,43.279,43.326,5395
2026-09-18 09:33:00,43.326,43.358,43.323,43.358,10610
2026-09-18 09:34:00,43.358,43.361,43.349,43.354,38416
2026-09-18 09:35:00,43.354,43.427,43.34,43.394,41383
2026-09-18 09:36:00,43.394,43.417,43.303,43.329,26765
2026-09-18 09:37:00,43.329,43.417,43.312,43.381,18202
2026-09-18 09:38:00,43.381,43.497,43.38,43.437,26150
2026-09-18 09:39:00,43.437,43.54,43.436,43.529,5590
2026-09-18 09:40:00,43.529,43.536,43.433,43.445,35862
2026-09-18 09:41:00,43.445,43.471,43.312,43.327,47362
2026-09-18 09:42:00,43.327,43.445,43.317,43.431,43934
2026-09-18 09:43:00,43.431,43.461,43.384,43.398,59761
2026-09-18 09:44:00,43.398,43.466,43.393,43.447,59973
2026-09-18 09:45:00,43.447,43.539,43.436,43.495,43434
2026-09-18 09:46:00,43.495,43.55,43.484,43.542,34885
2026-09-18 09:47:00,43.542,43.545,43.471,43.498,48126
2026-09-18 09:48:00,43.498,43.572,43.489,43.566,37603
2026-09-18 09:49:00,43.566,43.718,43.554,43.704,56298
2026-09-18 09:50:00,43.704,43.777,43.689,43.763,29147
2026-09-18 09:51:00,43.763,43.973,43.75,43.909,24163
2026-09-18 09:52:00,43.909,43.915,43.866,43.876,23739
2026-09-18 09:53:00,43.876,43.896,43.799,43.846,53378
2026-09-18 09:54:00,43.846,43.902,43.835,43.889,56117
2026-09-18 09:55:00,43.889,43.944,43.866,43.926,32087
2026-09-18 09:56:00,43.926,43.975,43.888,43.918,8949
2026-09-18 09:57:00,43.918,43.933,43.906,43.915,33366
2026-09-18 09:58:00,43.915,43.964,43.895,43.95,52874
2026-09-18 09:59:00,43.95,43.995,43.934,43.988,9016
2026-09-18 10:00:00,43.988,44.0,43.862,43.897,29700
2026-09-18 10:01:00,43.897,43.943,43.895,43.942,20313
2026-09-18 10:02:00,43.942,43.973,43.907,43.921,54107
2026-09-18 10:03:00,43.921,43.94,43.869,43.887,26916
2026-09-18 10:04:00,43.887,43.899,43.84,43.853,10628
2026-09-18 10:05:00,43.853,43.858,43.825,43.837,35199
2026-09-18 10:06:00,43.837,43.86,43.745,43.747,57803
2026-09-18 10:07:00,43.747,43.754,43.53,43.56,17463
2026-09-18 10:08:00,43.56,43.667,43.516,43.652,11660
2026-09-18 10:09:00,43.652,43.659,43.538,43.558,58694
2026-09-18 10:10:00,43.558,43.566,43.42,43.427,49788
2026-09-18 10:11:00,43.427,43.436,43.347,43.381,52881
2026-09-18 10:12:00,43.381,43.404,43.262,43.289,44301
2026-09-18 10:13:00,43.289,43.321,43.233,43.261,12915
2026-09-18 10:14:00,43.261,43.288,43.179,43.2,51090
2026-09-18 10:15:00,43.2,43.223,43.192,43.214,11028
2026-09-18 10:16:00,43.214,43.242,43.151,43.161,40447
2026-09-18 10:17:00,43.161,43.192,42.975,43.036,7768
2026-09-18 10:18:00,43.036,43.06,43.034,43.038,34757
2026-09-18 10:19:00,43.038,43.134,43.029,43.1,15728
2026-09-18 10:20:00,43.1,43.113,43.033,43.055,44583
2026-09-18 10:21:00,43.055,43.081,43.016,43.032,47578
2026-09-18 10:22:00,43.032,43.045,42.916,42.945,56138
2026-09-18 10:23:00,42.945,42.951,42.917,42.934,17960
2026-09-18 10:24:00,42.934,42.99,42.926,42.987,33178
2026-09-18 10:25:00,42.987,42.989,42.961,42.987,37745
2026-09-18 10:26:00,42.987,42.991,42.928,42.963,11032
2026-09-18 10:27:00,42.963,42.98,42.942,42.948,35964
2026-09-18 10:28:00,42.948,43.021,42.944,42.991,28717
2026-09-18 10:29:00,42.991,43.02,42.974,42.998,57837
2026-09-18 10:30:00,42.998,43.017,42.949,43.005,38506
2026-09-18 10:31:00,43.005,43.065,43.005,43.018,28794
2026-09-18 10:32:00,43.018,43.044,43.0,43.042,11912
2026-09-18 10:33:00,43.042,43.113,42.955,42.981,16456
2026-09-18 10:34:00,42.981,43.102,42.981,43.085,38603
2026-09-18 10:35:00,43.085,43.112,43.039,43.097,33413
2026-09-18 10:36:00,43.097,43.128,43.047,43.06,58536
2026-09-18 10:37:00,43.06,43.074,42.954,42.955,25666
2026-09-18 10:38:00,42.955,42.972,42.911,42.924,11282
2026-09-18 10:39:00,42.924,42.959,42.913,42.927,11400
2026-09-18 10:40:00,42.927,42.947,42.838,42.844,34649
2026-09-18 10:41:00,42.844,42.865,42.826,42.842,53453
2026-09-18 10:42:00,42.842,42.859,42.767,42.777,34070
2026-09-18 10:43:00,42.777,42.783,42.644,42.651,24194
2026-09-18 10:44:00,42.651,42.771,42.648,42.745,36784
2026-09-18 10:45:00,42.745,42.801,42.528,42.553,5436
2026-09-18 10:46:00,42.553,42.562,42.453,42.466,5990
2026-09-18 10:47:00,42.466,42.599,42.446,42.555,51789
2026-09-18 10:48:00,42.555,42.562,42.426,42.438,9145
2026-09-18 10:49:00,42.438,42.557,42.436,42.549,51556
2026-09-18 10:50:00,42.549,42.567,42.436,42.482,40932
2026-09-18 10:51:00,42.482,42.501,42.425,42.45,26519
2026-09-18 10:52:00,42.45,42.461,42.399,42.423,46317
2026-09-18 10:53:00,42.423,42.452,42.346,42.362,48558
2026-09-18 10:54:00,42.362,42.395,42.346,42.392,52304
2026-09-18 10:55:00,42.392,42.502,42.382,42.48,32406
2026-09-18 10:56:00,42.48,42.516,42.477,42.511,34159
2026-09-18 10:57:00,42.511,42.531,42.48,42.494,38461
2026-09-18 10:58:00,42.494,42.631,42.488,42.564,22010
2026-09-18 10:59:00,42.564,42.626,42.523,42.623,30783
2026-09-18 11:00:00,42.623,42.814,42.609,42.77,36778
2026-09-18 11:01:00,42.77,42.894,42.759,42.878,12023
2026-09-18 11:02:00,42.878,42.962,42.874,42.961,10719
2026-09-18 11:03:00,42.961,42.971,42.946,42.95,57305
2026-09-18 11:04:00,42.95,43.114,42.914,43.107,52886
2026-09-18 11:05:00,43.107,43.169,43.049,43.129,5847
2026-09-18 11:06:00,43.129,43.24,43.121,43.216,10358
2026-09-18 11:07:00,43.216,43.254,43.174,43.177,6584
2026-09-18 11:08:00,43.177,43.323,43.161,43.318,47386
2026-09-18 11:09:00,43.318,43.374,43.315,43.368,29692
2026-09-18 11:10:00,43.368,43.413,43.247,43.268,19130
2026-09-18 11:11:00,43.268,43.448,43.243,43.432,15887
2026-09-18 11:12:00,43.432,43.447,43.411,43.439,45666
2026-09-18 11:13:00,43.439,43.468,43.385,43.465,50966
2026-09-18 11:14:00,43.465,43.476,43.451,43.468,16983
2026-09-18 11:15:00,43.468,43.532,43.451,43.517,52896
2026-09-18 11:16:00,43.517,43.52,43.402,43.465,19998
2026-09-18 11:17:00,43.465,43.485,43.417,43.439,21862
2026-09-18 11:18:00,43.439,43.532,43.422,43.51,50392
2026-09-18 11:19:00,43.51,43.523,43.475,43.492,9972
2026-09-18 11:20:00,43.492,43.519,43.376,43.399,13269
2026-09-18 11:21:00,43.399,43.536,43.392,43.508,35059
2026-09-18 11:22:00,43.508,43.533,43.454,43.475,45059
2026-09-18 11:23:00,43.475,43.48,43.41,43.438,25791
2026-09-18 11:24:00,43.438,43.451,43.296,43.333,16926
2026-09-18 11:25:00,43.333,43.444,43.328,43.443,59413
2026-09-18 11:26:00,43.443,43.457,43.392,43.418,5050
2026-09-18 11:27:00,43.418,43.492,43.367,43.453,25996
2026-09-18 11:28:00,43.453,43.479,43.434,43.442,14978
2026-09-18 11:29:00,43.442,43.501,43.399,43.477,39128
2026-09-18 11:30:00,43.477,43.485,43.46,43.479,17964
2026-09-18 11:31:00,43.479,43.572,43.472,43.539,57809
2026-09-18 11:32:00,43.539,43.756,43.519,43.699,43432
2026-09-18 11:33:00,43.699,43.711,43.613,43.652,54721
2026-09-18 11:34:00,43.652,43.746,43.63,43.701,23822
2026-09-18 11:35:00,43.701,43.81,43.667,43.808,12606
2026-09-18 11:36:00,43.808,43.836,43.798,43.834,45513
2026-09-18 11:37:00,43.834,43.881,43.776,43.785,28673
2026-09-18 11:38:00,43.785,43.935,43.723,43.902,41831
2026-09-18 11:39:00,43.902,44.004,43.849,43.988,33842
2026-09-18 11:40:00,43.988,44.172,43.973,44.141,19511
2026-09-18 11:41:00,44.141,44.168,44.095,44.11,46508
2026-09-18 11:42:00,44.11,44.116,43.992,44.019,34105
2026-09-18 11:43:00,44.019,44.041,43.973,44.007,52159
2026-09-18 11:44:00,44.007,44.093,43.983,44.047,22077
2026-09-18 11:45:00,44.047,44.063,44.026,44.061,54390
2026-09-18 11:46:00,44.061,44.081,43.906,43.979,40645
2026-09-18 11:47:00,43.979,44.085,43.974,44.027,37312
2026-09-18 11:48:00,44.027,44.048,43.871,43.893,49804
2026-09-18 11:49:00,43.893,43.939,43.875,43.929,49596
2026-09-18 11:50:00,43.929,43.935,43.887,43.923,52305
2026-09-18 11:51:00,43.923,43.944,43.674,43.695,52840
2026-09-18 11:52:00,43.695,43.782,43.64,43.768,28237
2026-09-18 11:53:00,43.768,43.797,43.706,43.725,10939
2026-09-18 11:54:00,43.725,43.759,43.63,43.665,46656
2026-09-18 11:55:00,43.665,43.678,43.595,43.602,58922
2026-09-18 11:56:00,43.602,43.612,43.481,43.501,12442
2026-09-18 11:57:00,43.501,43.537,43.414,43.429,23382
2026-09-18 11:58:00,43.429,43.464,43.343,43.346,37722
2026-09-18 11:59:00,43.346,43.357,43.311,43.32,5933
2026-09-18 13:00:00,43.32,43.39,43.275,43.367,8370
2026-09-18 13:01:00,43.367,43.373,43.243,43.272,20061
2026-09-18 13:02:00,43.272,43.292,43.186,43.219,44664
2026-09-18 13:03:00,43.219,43.223,43.084,43.119,40670
2026-09-18 13:04:00,43.119,43.125,43.084,43.103,12306
2026-09-18 13:05:00,43.103,43.205,43.07,43.18,25871
2026-09-18 13:06:00,43.18,43.197,43.047,43.058,34264
2026-09-18 13:07:00,43.058,43.14,43.013,43.132,37653
2026-09-18 13:08:00,43.132,43.145,43.019,43.029,19856
2026-09-18 13:09:00,43.029,43.238,42.967,43.235,48402
2026-09-18 13:10:00,43.235,43.247,43.142,43.178,56488
2026-09-18 13:11:00,43.178,43.185,43.054,43.072,22455
2026-09-18 13:12:00,43.072,43.116,43.04,43.086,47541
2026-09-18 13:13:00,43.086,43.092,42.991,42.992,16342
2026-09-18 13:14:00,42.992,43.127,42.986,43.115,9317
2026-09-18 13:15:00,43.115,43.214,43.096,43.17,46089
2026-09-18 13:16:00,43.17,43.19,43.14,43.163,47750
2026-09-18 13:17:00,43.163,43.171,43.09,43.118,9701
2026-09-18 13:18:00,43.118,43.251,43.112,43.234,50758
2026-09-18 13:19:00,43.234,43.247,43.138,43.163,55976
2026-09-18 13:20:00,43.163,43.198,43.123,43.137,7518
2026-09-18 13:21:00,43.137,43.148,43.056,43.063,50860
2026-09-18 13:22:00,43.063,43.118,43.047,43.095,6437
2026-09-18 13:23:00,43.095,43.155,43.059,43.137,23850
2026-09-18 13:24:00,43.137,43.146,43.005,43.013,44419
2026-09-18 13:25:00,43.013,43.044,42.846,42.852,32502
2026-09-18 13:26:00,42.852,42.892,42.807,42.89,9741
2026-09-18 13:27:00,42.89,42.933,42.81,42.932,45511
2026-09-18 13:28:00,42.932,42.968,42.807,42.852,12149
2026-09-18 13:29:00,42.852,42.88,42.721,42.725,54578
2026-09-18 13:30:00,42.725,42.73,42.687,42.696,9425
2026-09-18 13:31:00,42.696,42.742,42.528,42.545,58982
2026-09-18 13:32:00,42.545,42.656,42.538,42.618,6388
2026-09-18 13:33:00,42.618,42.621,42.496,42.516,32719
2026-09-18 13:34:00,42.516,42.531,42.474,42.507,50179
2026-09-18 13:35:00,42.507,42.547,42.444,42.512,27949
2026-09-18 13:36:00,42.512,42.549,42.473,42.494,40135
2026-09-18 13:37:00,42.494,42.648,42.475,42.635,8358
2026-09-18 13:38:00,42.635,42.658,42.622,42.656,31958
2026-09-18 13:39:00,42.656,42.678,42.565,42.596,59720
2026-09-18 13:40:00,42.596,42.657,42.576,42.645,8877
2026-09-18 13:41:00,42.645,42.785,42.609,42.78,19737
2026-09-18 13:42:00,42.78,42.803,42.722,42.739,55710
2026-09-18 13:43:00,42.739,42.846,42.729,42.799,17083
2026-09-18 13:44:00,42.799,42.83,42.781,42.828,38214
2026-09-18 13:45:00,42.828,43.054,42.79,43.025,53885
2026-09-18 13:46:00,43.025,43.058,43.022,43.054,24490
2026-09-18 13:47:00,43.054,43.117,43.047,43.115,46328
2026-09-18 13:48:00,43.115,43.179,43.092,43.168,11327
2026-09-18 13:49:00,43.168,43.228,43.159,43.211,31783
2026-09-18 13:50:00,43.211,43.406,43.196,43.389,24011
2026-09-18 13:51:00,43.389,43.41,43.301,43.33,40174
2026-09-18 13:52:00,43.33,43.44,43.295,43.429,22690
2026-09-18 13:53:00,43.429,43.436,43.394,43.431,56347
2026-09-18 13:54:00,43.431,43.527,43.412,43.5,24310
2026-09-18 13:55:00,43.5,43.58,43.487,43.571,30913
2026-09-18 13:56:00,43.571,43.642,43.547,43.62,27533
2026-09-18 13:57:00,43.62,43.627,43.59,43.594,8216
2026-09-18 13:58:00,43.594,43.667,43.575,43.663,59354
2026-09-18 13:59:00,43.663,43.714,43.626,43.712,59971
2026-09-18 14:00:00,43.712,43.724,43.517,43.588,49422
2026-09-18 14:01:00,43.588,43.762,43.557,43.754,58452
2026-09-18 14:02:00,43.754,43.78,43.704,43.724,37201
2026-09-18 14:03:00,43.724,43.749,43.649,43.664,54674
2026-09-18 14:04:00,43.664,43.713,43.662,43.689,11225
2026-09-18 14:05:00,43.689,43.751,43.685,43.72,15913
2026-09-18 14:06:00,43.72,43.729,43.683,43.714,41424
2026-09-18 14:07:00,43.714,43.734,43.692,43.696,21497
2026-09-18 14:08:00,43.696,43.705,43.65,43.69,53919
2026-09-18 14:09:00,43.69,43.754,43.674,43.721,7687
2026-09-18 14:10:00,43.721,43.729,43.587,43.633,35849
2026-09-18 14:11:00,43.633,43.697,43.631,43.668,36501
2026-09-18 14:12:00,43.668,43.766,43.658,43.727,24458
2026-09-18 14:13:00,43.727,43.769,43.686,43.759,56016
2026-09-18 14:14:00,43.759,43.773,43.732,43.74,16911
2026-09-18 14:15:00,43.74,43.814,43.724,43.798,34827
2026-09-18 14:16:00,43.798,43.842,43.783,43.826,58370
2026-09-18 14:17:00,43.826,43.914,43.798,43.904,11117
2026-09-18 14:18:00,43.904,43.917,43.882,43.891,39330
2026-09-18 14:19:00,43.891,43.933,43.868,43.912,12291
2026-09-18 14:20:00,43.912,43.979,43.895,43.971,25659
2026-09-18 14:21:00,43.971,44.122,43.927,44.103,46965
2026-09-18 14:22:00,44.103,44.266,44.077,44.259,40213
2026-09-18 14:23:00,44.259,44.267,44.215,44.216,17757
2026-09-18 14:24:00,44.216,44.278,44.188,44.276,37325
2026-09-18 14:25:00,44.276,44.291,44.242,44.25,47165
2026-09-18 14:26:00,44.25,44.377,44.232,44.351,27630
2026-09-18 14:27:00,44.351,44.401,44.273,44.313,37590
2026-09-18 14:28:00,44.313,44.347,44.273,44.285,25674
2026-09-18 14:29:00,44.285,44.364,44.225,44.322,26344
2026-09-18 14:30:00,44.322,44.337,44.217,44.227,34494
2026-09-18 14:31:00,44.227,44.245,44.126,44.147,29402
2026-09-18 14:32:00,44.147,44.18,44.123,44.176,25452
2026-09-18 14:33:00,44.176,44.275,44.157,44.266,50443
2026-09-18 14:34:00,44.266,44.299,44.173,44.208,57426
2026-09-18 14:35:00,44.208,44.225,44.116,44.123,57965
2026-09-18 14:36:00,44.123,44.142,44.042,44.046,58918
2026-09-18 14:37:00,44.046,44.068,43.995,44.003,13484
2026-09-18 14:38:00,44.003,44.011,43.954,43.965,19677
2026-09-18 14:39:00,43.965,43.968,43.782,43.8,47821
2026-09-18 14:40:00,43.8,43.813,43.776,43.797,55722
2026-09-18 14:41:00,43.797,43.821,43.648,43.661,38863
2026-09-18 14:42:00,43.661,43.76,43.658,43.725,57165
2026-09-18 14:43:00,43.725,43.729,43.533,43.57,17959
2026-09-18 14:44:00,43.57,43.585,43.428,43.452,34466
2026-09-18 14:45:00,43.452,43.477,43.415,43.416,15992
2026-09-18 14:46:00,43.416,43.424,43.331,43.372,18591
2026-09-18 14:47:00,43.372,43.399,43.34,43.392,16914
2026-09-18 14:48:00,43.392,43.442,43.28,43.297,47829
2026-09-18 14:49:00,43.297,43.351,43.281,43.312,57564
2026-09-18 14:50:00,43.312,43.335,43.288,43.302,22239
2026-09-18 14:51:00,43.302,43.315,43.284,43.301,44912
2026-09-18 14:52:00,43.301,43.35,43.236,43.238,16949
2026-09-18 14:53:00,43.238,43.377,43.203,43.327,5107
2026-09-18 14:54:00,43.327,43.374,43.157,43.173,22833
2026-09-18 14:55:00,43.173,43.293,43.132,43.271,28089
2026-09-18 14:56:00,43.271,43.277,43.268,43.272,12507
2026-09-18 14:57:00,43.272,43.344,43.255,43.307,45771
2026-09-18 14:58:00,43.307,43.343,43.289,43.325,38974
2026-09-18 14:59:00,43.325,43.448,43.284,43.434,16213
2026-09-18 15:00:00,43.434,43.452,43.349,43.382,48920
2026-09-18 15:01:00,43.382,43.417,43.292,43.341,29135
2026-09-18 15:02:00,43.341,43.569,43.295,43.52,31195
2026-09-18 15:03:00,43.52,43.533,43.315,43.365,22603
2026-09-18 15:04:00,43.365,43.37,43.283,43.317,20616
2026-09-18 15:05:00,43.317,43.357,43.308,43.347,32647
2026-09-18 15:06:00,43.347,43.402,43.255,43.256,27284
2026-09-18 15:07:00,43.256,43.284,43.23,43.281,10375
2026-09-18 15:08:00,43.281,43.345,43.247,43.312,13654
2026-09-18 15:09:00,43.312,43.328,43.145,43.156,41398
2026-09-18 15:10:00,43.156,43.197,43.143,43.145,59864
2026-09-18 15:11:00,43.145,43.167,43.13,43.15,10801
2026-09-18 15:12:00,43.15,43.225,43.141,43.146,18298
2026-09-18 15:13:00,43.146,43.17,42.979,43.004,32957
2026-09-18 15:14:00,43.004,43.012,42.94,42.956,11370
2026-09-18 15:15:00,42.956,43.022,42.94,42.977,14152
2026-09-18 15:16:00,42.977,42.997,42.783,42.826,20475
2026-09-18 15:17:00,42.826,42.87,42.806,42.842,38207
2026-09-18 15:18:00,42.842,42.87,42.771,42.789,54279
2026-09-18 15:19:00,42.789,42.811,42.705,42.719,8889
2026-09-18 15:20:00,42.719,42.764,42.619,42.647,19832
2026-09-18 15:21:00,42.647,42.809,42.629,42.776,18692
2026-09-18 15:22:00,42.776,42.853,42.749,42.851,26848
2026-09-18 15:23:00,42.851,42.919,42.804,42.884,47536
2026-09-18 15:24:00,42.884,42.957,42.87,42.939,48647
2026-09-18 15:25:00,42.939,42.973,42.769,42.772,10720
2026-09-18 15:26:00,42.772,42.944,42.77,42.943,25137
2026-09-18 15:27:00,42.943,43.097,42.943,43.086,16578
2026-09-18 15:28:00,43.086,43.124,43.019,43.041,6671
2026-09-18 15:29:00,43.041,43.092,43.02,43.081,39085
2026-09-18 15:30:00,43.081,43.281,43.028,43.249,58773
2026-09-18 15:31:00,43.249,43.377,43.237,43.342,37465
2026-09-18 15:32:00,43.342,43.504,43.293,43.477,11435
2026-09-18 15:33:00,43.477,43.598,43.461,43.545,8688
2026-09-18 15:34:00,43.545,43.701,43.508,43.672,48151
2026-09-18 15:35:00,43.672,43.716,43.642,43.713,34894
2026-09-18 15:36:00,43.713,43.779,43.712,43.759,32682
2026-09-18 15:37:00,43.759,43.766,43.73,43.757,55982
2026-09-18 15:38:00,43.757,43.899,43.751,43.894,28192
2026-09-18 15:39:00,43.894,43.919,43.834,43.845,11385
2026-09-18 15:40:00,43.845,43.981,43.793,43.97,33957
2026-09-18 15:41:00,43.97,43.996,43.938,43.987,25670
2026-09-18 15:42:00,43.987,44.026,43.965,43.999,49214
2026-09-18 15:43:00,43.999,44.01,43.897,43.912,7085
2026-09-18 15:44:00,43.912,44.021,43.909,44.012,54156
2026-09-18 15:45:00,44.012,44.015,43.979,43.99,41387
2026-09-18 15:46:00,43.99,44.027,43.983,43.996,13322
2026-09-18 15:47:00,43.996,44.058,43.85,43.875,9873
2026-09-18 15:48:00,43.875,43.928,43.866,43.905,13769
2026-09-18 15:49:00,43.905,43.937,43.87,43.914,26429
2026-09-18 15:50:00,43.914,43.994,43.878,43.984,5067
2026-09-18 15:51:00,43.984,44.0,43.814,43.82,15383
2026-09-18 15:52:00,43.82,43.922,43.814,43.882,52370
2026-09-18 15:53:00,43.882,43.902,43.841,43.851,46899
2026-09-18 15:54:00,43.851,43.999,43.826,43.962,27727
2026-09-18 15:55:00,43.962,43.968,43.865,43.887,15349
2026-09-18 15:56:00,43.887,43.916,43.741,43.776,31848
2026-09-18 15:57:00,43.776,43.879,43.753,43.867,20944
2026-09-18 15:58:00,43.867,43.966,43.853,43.94,29833
2026-09-18 15:59:00,43.94,44.007,43.892,44.001,42033
