ym,ret,src,index,sma10,above_sma,sma_rising,ret12,vol6,baa_aaa,baa_aaa_chg6,cpi_yoy,cpi_chg6,curve_inverted,hyoas,hyoas_chg6,vix,breadth,policy,s_TREND,s_MOM,s_CREDIT,s_POLICY,s_CURVE,s_INFL,s_VOL,score,zone
1926-08,0.0289,FF_market_TR,102.88999999999999,,,False,,,1.09,-0.15999999999999992,,,,,,,,,,,50,,,,,,NA
1926-09,0.0059,FF_market_TR,103.497051,,,False,,,1.0700000000000005,-0.18999999999999928,,,,,,,,,,,50,,,,,,NA
1926-10,-0.0292,FF_market_TR,100.4749371108,,,False,,,1.0999999999999996,-0.14000000000000057,,,,,,,,,,,50,,,,,,NA
1926-11,0.0283999999999999,FF_market_TR,103.3284253247467,,,False,,,1.09,-0.060000000000000275,,,,,,,,,,,50,,,,,,NA
1926-12,0.029,FF_market_TR,106.32494965916435,,,False,,,1.0,-0.08000000000000007,,,,,,,,,,,50,,,,,,NA
1927-01,0.0019,FF_market_TR,106.52696706351676,,,False,,8.00773875697752,0.9500000000000002,-0.1299999999999999,,,,,,,,,,,50,,,,100.0,,NA
1927-02,0.0443999999999999,FF_market_TR,111.2567644011369,,,False,,9.076501528672805,0.92,-0.17000000000000004,,,,,,,,,,,100,,,,100.0,,NA
1927-03,0.0043,FF_market_TR,111.73516848806177,,,False,,9.110986774219343,0.92,-0.15000000000000047,,,,,,,,,,,100,,,,100.0,,NA
1927-04,0.0070999999999999,FF_market_TR,112.52848818432699,,,False,,5.966764617445531,0.9000000000000004,-0.1999999999999993,,,,,,,,,,,100,,,,100.0,,NA
1927-05,0.0574,FF_market_TR,118.98762340610736,107.75503746378608,0.1042418638302296,False,,8.077863578942143,0.9299999999999996,-0.16000000000000048,,,,,,,,,50.0,,100,,,,100.0,,NA
1927-06,-0.0208,FF_market_TR,116.51268083926031,109.1173055477121,0.0677745409348891,True,,10.145960772642475,0.9699999999999998,-0.03000000000000025,,,,,,,,,100.0,,50,,,,100.0,,NA
1927-07,0.0756,FF_market_TR,125.3210395107084,111.29970439878295,0.1259781882410711,True,,12.755253035514425,0.9500000000000002,0.0,,,,,,,,,100.0,,50,,,,100.0,,NA
1927-08,0.0225,FF_market_TR,128.14076289969933,114.06628697767289,0.12338856900620732,True,0.24541513169111995,12.451867329842543,0.9200000000000008,7.771561172376096e-16,,,,,,,,,100.0,100.0,100,,,,100.0,100.0,EASY
1927-09,0.0496999999999999,FF_market_TR,134.50935881581435,117.18438032677966,0.1478437522195566,True,0.29964436200036615,12.352296952389057,0.8799999999999999,-0.04000000000000015,,,,,,,,,100.0,100.0,100,,,,100.0,100.0,EASY
1927-10,-0.0406,FF_market_TR,129.0482788478923,119.45671324565244,0.08029323209751826,True,0.28438277802137546,15.965753348965398,0.8700000000000001,-0.03000000000000025,,,,,,,,,100.0,100.0,100,,,,50.0,96.15384615384616,EASY
1927-11,0.0679,FF_market_TR,137.81065698166418,122.58508223746719,0.12420414022892756,True,0.33371486644207216,16.551757610598337,0.8599999999999994,-0.07000000000000017,,,,,,,,,100.0,100.0,100,,,,50.0,96.15384615384616,EASY
1927-12,0.0231,FF_market_TR,140.99408315794062,125.55881411314756,0.12293258066999213,True,0.3260677160902665,14.64530504974205,0.8600000000000003,-0.10999999999999943,,,,,,,,,100.0,100.0,100,,,,100.0,100.0,EASY
1928-01,-0.0043,FF_market_TR,140.3878086003615,128.42407812437753,0.0931580016046305,True,0.31786168770444,13.375854365235886,0.8899999999999997,-0.0600000000000005,,,,,,,,,100.0,100.0,100,,,,100.0,100.0,EASY
1928-02,-0.0136999999999999,FF_market_TR,138.46449562253653,131.0176788681985,0.05683825891793903,True,0.2445490066860294,14.152242225174064,0.8700000000000001,-0.05000000000000071,,,,,,,,,100.0,100.0,100,,,,100.0,100.0,EASY
1928-03,0.091,FF_market_TR,151.06476472418734,134.22539300000648,0.1254559316073678,True,0.35198941182361665,17.487115256668258,0.8600000000000003,-0.019999999999999574,,,,,,,,,100.0,100.0,100,,,,50.0,96.15384615384616,EASY
1928-04,0.0445,FF_market_TR,157.78714675441367,138.3528395915218,0.14046916001341536,True,0.4021973395390406,14.169890613550965,0.8700000000000001,0.0,,,,,,,,,100.0,100.0,100,,,,100.0,100.0,EASY
1928-05,0.0184,FF_market_TR,160.6904302546949,141.88977866592046,0.13250180362209574,True,0.35048020672078595,13.077706220893626,0.9299999999999996,0.07000000000000017,,,,,,,,,100.0,100.0,100,,,,100.0,100.0,EASY
1928-06,-0.0454,FF_market_TR,153.39508472113175,144.4152108480637,0.06218094216208003,True,0.316552701527433,16.614770537085363,0.9799999999999996,0.11999999999999933,,,,,,,,,100.0,100.0,50,,,,50.0,80.76923076923077,EASY
1928-07,0.0093999999999999,FF_market_TR,154.83699851751035,146.44797481823332,0.05728330289093608,True,0.2355227751225275,16.341906865479313,0.9699999999999998,0.08000000000000007,,,,,,,,,100.0,100.0,50,,,,50.0,80.76923076923077,EASY
1928-08,0.07,FF_market_TR,165.67558841373608,150.1107057748177,0.10368935752169062,True,0.2929186986612269,16.803519869360713,0.9700000000000006,0.10000000000000053,,,,,,,,,100.0,100.0,50,,,,50.0,80.76923076923077,EASY
1928-09,0.0315,FF_market_TR,170.8943694487688,153.41907702152815,0.11390560265714855,True,0.2705017030285377,13.516940482224522,0.9799999999999996,0.11999999999999933,,,,,,,,,100.0,100.0,50,,,,100.0,84.61538461538461,EASY
1928-10,0.0174,FF_market_TR,173.8679314771774,156.70646185345183,0.10951347775163578,True,0.3473091855964503,12.936282309844668,0.9699999999999998,0.09999999999999964,,,,,,,,,100.0,100.0,50,,,,100.0,84.61538461538461,EASY
1928-11,0.1219,FF_market_TR,195.0624323242453,162.1739242258402,0.2027977571326769,True,0.41543793924586336,19.7263073077553,0.9699999999999998,0.04000000000000015,,,,,,,,,100.0,100.0,50,,,,50.0,80.76923076923077,EASY
1928-12,0.0042,FF_market_TR,195.88169454000712,167.91564411758728,0.16654821276114018,True,0.38929017553581846,15.779018980912602,0.9899999999999992,0.009999999999999565,,,,,,,,,100.0,100.0,50,,,,50.0,80.76923076923077,EASY
1929-01,0.05,FF_market_TR,205.6757792670075,173.3767455718693,0.18629392072508022,True,0.4650544183113483,14.752431663966453,1.0099999999999998,0.040000000000000036,,,,,,,,,100.0,100.0,50,,,,100.0,84.61538461538461,EASY
1929-02,0.0001999999999999,FF_market_TR,205.7169144228609,178.169722338714,0.15461208404297566,True,0.48570154029708057,15.661259208633266,1.0,0.02999999999999936,,,,,,,,,100.0,100.0,50,,,,50.0,80.76923076923077,EASY
1929-03,-0.0055,FF_market_TR,204.58547139353522,182.55922645259804,0.1206525978935189,True,0.3542898091892275,16.83360448626497,1.09,0.11000000000000043,,,,,,,,,100.0,100.0,50,,,,50.0,80.76923076923077,EASY
1929-04,0.0179,FF_market_TR,208.24755133147949,188.04447311363282,0.10743776662682447,True,0.3198004756091093,16.823793864643026,1.1099999999999994,0.13999999999999968,,,,,,,,,100.0,100.0,50,,,,50.0,80.76923076923077,EASY
1929-05,-0.0594999999999999,FF_market_TR,195.85682202725647,192.1464554646074,0.01931009632042091,True,0.21884558848229307,12.393264299610493,1.0999999999999996,0.1299999999999999,,,,,,,,,50.0,100.0,50,,,,100.0,61.53846153846154,UNCERTAIN
1929-06,0.1021999999999999,FF_market_TR,215.87338923844203,197.16623554707803,0.09488010784126999,True,0.4073031716165756,18.96593261614096,1.1700000000000008,0.1800000000000016,,,,,,,,,100.0,100.0,50,,,,50.0,80.76923076923077,EASY
1929-07,0.0479,FF_market_TR,226.2137245829634,202.6981710604975,0.11601265763491986,True,0.46097978357143843,18.88183889349762,1.1800000000000006,0.17000000000000082,,,,,,,,,100.0,100.0,50,,,,50.0,80.76923076923077,EASY
1929-08,0.0858,FF_market_TR,245.6228621521817,209.87366412799793,0.17033675079109045,True,0.4825531299082879,20.81397223021111,1.25,0.25,,,,,,,,,100.0,100.0,50,,,,50.0,80.76923076923077,EASY
1929-09,-0.0512,FF_market_TR,233.04697160998998,213.6721180565724,0.09067562829272768,True,0.36369016932329923,23.581376550150743,1.3200000000000005,0.23000000000000043,,,,,,,,,100.0,100.0,50,,,,50.0,80.76923076923077,EASY
1929-10,-0.1966,FF_market_TR,187.22993699146596,212.80694230171827,-0.12018877313687049,False,0.07685146651694374,39.21157380162137,1.3400000000000007,0.23000000000000131,,,,,,,,,0.0,100.0,50,,,,0.0,30.76923076923077,HARD
1929-11,-0.1237,FF_market_TR,164.0695937856216,208.64632375357968,-0.21364732992183033,False,-0.15888676342918462,42.031708030961575,1.2700000000000005,0.17000000000000082,,,,,,,,,0.0,0.0,50,,,,0.0,15.384615384615385,HARD
1929-12,0.017,FF_market_TR,166.85877687997714,204.7605099992913,-0.18510274817856887,False,-0.14816554312635022,37.436121593989945,1.2800000000000002,0.10999999999999943,,,,,,,,,0.0,0.0,50,,,,0.0,15.384615384615385,HARD
1930-01,0.0575,FF_market_TR,176.45315655057584,201.94727851499536,-0.1262414732790097,False,-0.14208101129153838,37.978101058373106,1.2599999999999998,0.07999999999999918,,,,,,,,,0.0,0.0,50,,,,0.0,15.384615384615385,HARD
1930-02,0.0279999999999999,FF_market_TR,181.39384493399194,199.2619078752466,-0.08967124289726991,False,-0.11823563248120539,34.25566464104879,1.1999999999999993,-0.05000000000000071,,,,,,,,,0.0,0.0,50,,,,0.0,15.384615384615385,HARD
1930-03,0.0745,FF_market_TR,194.90768638157434,199.16699431067838,-0.021385611325037135,False,-0.047304361087034064,38.09260348151594,1.1100000000000003,-0.2100000000000002,,,,,,,,,0.0,0.0,50,,,,0.0,15.384615384615385,HARD
1930-04,-0.0185,FF_market_TR,191.30189418351523,196.7098448051857,-0.02749201813984603,False,-0.08137265979656527,24.67627200368808,1.1000000000000003,-0.24000000000000044,,,,,,,,,0.0,0.0,50,,,,50.0,19.23076923076923,HARD
1930-05,-0.0139999999999999,FF_market_TR,188.62366766494603,192.95083911338398,-0.02242628986907469,False,-0.03693082675110415,12.95009652473679,1.12,-0.15000000000000036,,,,,,,,,0.0,0.0,50,,,,100.0,23.076923076923077,HARD
1930-06,-0.16,FF_market_TR,158.44388083855466,184.23294098202126,-0.13998072226390434,False,-0.2660332920258821,29.231233295911412,1.21,-0.07000000000000028,,,,,,,,,0.0,0.0,50,,,,0.0,15.384615384615385,HARD
1930-07,0.0432,FF_market_TR,165.2886564907802,177.4571094701003,-0.06857123400497156,False,-0.2693252507313678,28.554663366952866,1.25,-0.009999999999999787,,,,,,,,,0.0,0.0,50,,,,0.0,15.384615384615385,HARD
1930-08,0.0039,FF_market_TR,165.93328225109425,175.32744399606312,-0.053580669009124504,False,-0.3244387725264508,28.02804952186292,1.260000000000001,0.06000000000000161,,,,,,,,,0.0,0.0,50,,,,0.0,15.384615384615385,HARD
1930-09,-0.1253,FF_market_TR,145.14184198503216,173.43466881600418,-0.16313247532411013,False,-0.3771991930110522,27.498381770569715,1.2300000000000004,0.1200000000000001,,,,,,,,,0.0,0.0,50,,,,0.0,15.384615384615385,HARD
1930-10,-0.0868999999999999,FF_market_TR,132.52901591653287,170.00169271965976,-0.22042531579330193,False,-0.29215905294796096,27.610584202439476,1.5200000000000005,0.42000000000000015,,,,,,,,,0.0,0.0,0,,,,0.0,0.0,HARD
1930-11,-0.0291,FF_market_TR,128.67242155336177,165.22361921993837,-0.2212225941977537,False,-0.21574486420994543,27.130950591529228,1.7800000000000002,0.6600000000000001,,,,,,,,,0.0,0.0,0,,,,0.0,0.0,HARD
1930-12,-0.0769,FF_market_TR,118.77751233590826,158.96198596012997,-0.2527929767705631,False,-0.2881554416442482,21.713241121490825,2.1900000000000004,0.9800000000000004,,,,,,,,,0.0,0.0,0,,,,50.0,3.8461538461538463,HARD
1931-01,0.0639,FF_market_TR,126.36739537417282,152.10795685938984,-0.16922560802661935,False,-0.28384735164568853,23.82965211663821,1.99,0.74,,,,,,,,,0.0,0.0,0,,,,50.0,3.8461538461538463,HARD
1931-02,0.1092,FF_market_TR,140.16671494903247,146.99443893594156,-0.04644885912918473,False,-0.22727965218423907,31.941559761539505,1.95,0.6899999999999991,,,,,,,,,0.0,0.0,0,,,,0.0,0.0,HARD
1931-03,-0.063,FF_market_TR,131.33621190724344,141.2656933601713,-0.07028940443177267,False,-0.32616196751664206,28.20478257317364,2.0500000000000007,0.8200000000000003,,,,,,,,,0.0,0.0,0,,,,0.0,0.0,HARD
1931-04,-0.099,FF_market_TR,118.33392692842635,137.25469796915849,-0.13785153674655048,False,-0.38142835734334635,28.998179942886072,2.3199999999999994,0.7999999999999989,,,,,,,,,0.0,0.0,0,,,,0.0,0.0,HARD
1931-05,-0.1315,FF_market_TR,102.77301553733828,131.00313387381428,-0.21549193138896972,False,-0.4551425236842762,33.405087636466405,2.78,0.9999999999999996,,,,,,,,,0.0,0.0,0,,,,0.0,0.0,HARD
1931-06,0.1398,FF_market_TR,117.14068310945818,126.12387395965065,-0.07122514214133924,False,-0.2606802958277833,39.96540904332145,3.0,0.8099999999999996,,,,,,,,,0.0,0.0,0,,,,0.0,0.0,HARD
1931-07,-0.0656,FF_market_TR,109.45625429747771,122.55531519089523,-0.10688284610923726,False,-0.3377872588396096,39.440270283049536,2.72,0.7300000000000002,,,,,,,,,0.0,0.0,0,,,,0.0,0.0,HARD
1931-08,0.0043999999999999,FF_market_TR,109.9378618163866,120.29619978088058,-0.08610694255813311,False,-0.3374574387673115,33.66850457029537,3.0699999999999994,1.1199999999999994,,,,,,,,,0.0,0.0,0,,,,0.0,0.0,HARD
1931-09,-0.291,FF_market_TR,77.94594402781811,115.22355202832621,-0.3235242044208452,False,-0.46296710196184265,49.70656495876577,3.5200000000000005,1.4699999999999998,,,,,,,,,0.0,0.0,0,,,,0.0,0.0,HARD
1931-10,0.0813999999999999,FF_market_TR,84.29074387168251,111.77487518190364,-0.24588827556723425,False,-0.3639827226607565,53.884675743665746,4.049999999999999,1.7299999999999995,,,,,,,,,0.0,0.0,0,,,,0.0,0.0,HARD
1931-11,-0.0891,FF_market_TR,76.7804385927156,106.81617950375792,-0.28119093053675104,False,-0.403287529170546,52.54450190076979,3.9899999999999993,1.2099999999999995,,,,,,,,,0.0,0.0,0,,,,0.0,0.0,HARD
1931-12,-0.1341,FF_market_TR,66.48418177743244,99.44792618659793,-0.331467388744883,False,-0.440262887562318,44.05777116468785,5.1,2.0999999999999996,,,,,,,,,0.0,0.0,0,,,,0.0,0.0,HARD
1932-01,-0.0135,FF_market_TR,65.5866453234371,92.87296952821728,-0.29380264616703,False,-0.4809844332928159,45.13559703825795,3.9300000000000006,1.2100000000000004,,,,,,,,,0.0,0.0,0,,,,0.0,0.0,HARD
1932-02,0.0569,FF_market_TR,69.31852544234066,87.97142937960872,-0.21203365761829607,False,-0.5054565881240327,47.843840982931134,3.639999999999999,0.5699999999999994,,,,,,,,,0.0,0.0,0,,,,0.0,0.0,HARD
1932-03,-0.1105,FF_market_TR,61.658828380962014,83.8600106639711,-0.2647409904581304,False,-0.5305268251188124,31.332215370126654,3.85,0.3299999999999996,,,,,,,,,0.0,0.0,0,,,,0.0,0.0,HARD
1932-04,-0.1785,FF_market_TR,50.6527275149603,77.2112151045213,-0.34397189001116757,False,-0.5719509287847995,29.71265319691262,5.290000000000001,1.240000000000002,,,,,,,,,0.0,0.0,0,,,,0.0,0.0,HARD
1932-05,-0.2045,FF_market_TR,40.294244738150915,70.29501414858862,-0.4267837452457509,False,-0.6079297223354152,34.78406991713307,5.64,1.6500000000000004,,,,,,,,,0.0,0.0,0,,,,0.0,0.0,HARD
1932-06,-0.0068,FF_market_TR,40.02024387393149,63.303252354343115,-0.3678011415603707,False,-0.6583574313243852,36.188146678159704,5.59,0.4900000000000002,,,,,,,,,0.0,0.0,0,,,,0.0,0.0,HARD
1932-07,0.3387,FF_market_TR,53.57510047403208,60.866167998964514,-0.11978850919375239,False,-0.5105341323993521,69.63917432020573,5.529999999999999,1.5999999999999988,,,,,,,,,0.0,0.0,0,,,,0.0,0.0,HARD
1932-08,0.3709,FF_market_TR,73.44610523985058,59.78170413578132,0.2285716223986105,False,-0.33193074682026247,89.11867256641563,3.3100000000000005,-0.3299999999999983,,,,,,,,,50.0,0.0,0,,,,0.0,23.076923076923077,HARD
1932-09,-0.0291,FF_market_TR,71.30882357737093,59.23454263424685,0.20383851054069346,False,-0.08515029913652039,86.64072506621814,2.91,-0.94,,,,,,,,,50.0,0.0,0,,,,0.0,23.076923076923077,HARD
1932-10,-0.1315,FF_market_TR,61.93171327694665,58.77929578419828,0.053631426690141426,False,-0.2652608052525134,83.89753297922412,3.2300000000000004,-2.0600000000000005,,,,,,,,,50.0,0.0,0,,,,0.0,23.076923076923077,HARD
1932-11,-0.0586,FF_market_TR,58.30251487891758,58.050882739746314,0.004334682390608524,False,-0.24065926233913282,75.08804432131656,3.61,-2.03,,,,,,,,,50.0,0.0,0,,,,0.0,23.076923076923077,HARD
1932-12,0.0441,FF_market_TR,60.873655785077844,57.20639577402004,0.06410576931894862,False,-0.08438888533120292,74.00334397849869,3.83,-1.7599999999999998,,,,,,,,,50.0,0.0,0,,,,0.0,23.076923076923077,HARD
1933-01,0.0126,FF_market_TR,61.640663847969826,57.204579320720825,0.07754771698219876,False,-0.06016440475050777,60.7957182702861,3.5699999999999994,-1.96,,,,,,,,,50.0,0.0,0,,,,0.0,23.076923076923077,HARD
1933-02,-0.1527,FF_market_TR,52.228134478384824,57.36212001706326,-0.0895013213798802,True,-0.24654868023947896,27.02681927271501,3.889999999999999,0.5799999999999983,,,,,,,,,0.0,0.0,0,,,,0.0,0.0,HARD
1933-03,0.0333,FF_market_TR,53.96733135651505,58.729428678899694,-0.08108536775355302,True,-0.12474283450416357,29.639697704261415,4.23,1.3200000000000003,,,,,,,,,0.0,0.0,0,,,,0.0,0.0,HARD
1933-04,0.3895,FF_market_TR,74.98760691987766,62.2261649834943,0.20508160738763803,True,0.4804258447431098,63.81575103373773,4.339999999999999,1.1099999999999985,,,,,,,,,100.0,100.0,0,,,,0.0,61.53846153846154,UNCERTAIN
1933-05,0.2147,FF_market_TR,91.0874461255754,65.97739954864863,0.380585575495618,True,1.260557226410378,64.89358334997381,3.1100000000000003,-0.49999999999999956,,,,,,,,,100.0,100.0,0,,,,0.0,61.53846153846154,UNCERTAIN
1933-06,0.1313,FF_market_TR,103.04722780186344,68.93751180484992,0.49479180643438636,True,1.5748775576299439,64.57622255908129,2.6100000000000003,-1.2199999999999998,,,,,,,,,100.0,100.0,0,,,,0.0,61.53846153846154,UNCERTAIN
1933-07,-0.0961,FF_market_TR,93.14438921010436,71.12106836812326,0.30965958958867446,True,0.7385760994559698,69.90978529505007,2.26,-1.3099999999999996,,,,,,,,,100.0,100.0,0,,,,0.0,61.53846153846154,UNCERTAIN
1933-08,0.1208,FF_market_TR,104.39623142668498,75.36752018309708,0.3851620853792965,True,0.421399148202094,56.92993483221282,2.47,-1.4199999999999986,,,,,,,,,100.0,100.0,0,,,,0.0,61.53846153846154,UNCERTAIN
1933-09,-0.1063,FF_market_TR,93.29891202602836,78.86715989780816,0.18298810489587924,True,0.30837822509858004,65.52728317273652,2.9099999999999997,-1.3200000000000007,,,,,,,,,100.0,100.0,0,,,,0.0,61.53846153846154,UNCERTAIN
1933-10,-0.0834999999999999,FF_market_TR,85.508452871855,81.3306396064859,0.05136825783718457,True,0.38068928417138603,48.98524716687667,3.1500000000000004,-1.1899999999999986,,,,,,,,,100.0,100.0,0,,,,0.0,61.53846153846154,UNCERTAIN
1933-11,0.0999,FF_market_TR,94.05074731375332,84.57164795306423,0.11208365439384393,True,0.6131507793287738,40.573278398473036,3.4400000000000004,0.33000000000000007,,,,,,,,,100.0,100.0,0,,,,0.0,61.53846153846154,UNCERTAIN
1933-12,0.0185,FF_market_TR,95.79068613905775,88.92790311913153,0.07717243721278977,True,0.5735983801804003,35.34693254017949,3.25,0.6399999999999997,,,,,,,,,100.0,100.0,0,,,,0.0,61.53846153846154,UNCERTAIN
1934-01,0.1265,FF_market_TR,107.90820793564858,94.32199077704487,0.14404082278880592,True,0.7506010026399579,36.010761169405995,2.66,0.40000000000000036,,,,,,,,,100.0,100.0,0,,,,0.0,61.53846153846154,UNCERTAIN
1934-02,-0.0248,FF_market_TR,105.23208437884448,97.34643852294155,0.08100600263916702,True,1.0148543582845355,32.884698569395454,2.0699999999999994,-0.4000000000000008,,,,,,,,,100.0,100.0,0,,,,0.0,61.53846153846154,UNCERTAIN
1934-03,0.0011,FF_market_TR,105.34783967166122,98.77247787755014,0.06657078910445735,True,0.9520668712655072,27.167390010819936,2.13,-0.7799999999999998,,,,,,,,,100.0,100.0,0,,,,0.0,61.53846153846154,UNCERTAIN
1934-04,-0.0178,FF_market_TR,103.47264812550566,98.81501990991437,0.04713482039306838,True,0.3798633184289175,22.10647326011092,1.9399999999999995,-1.2100000000000009,,,,,,,,,100.0,100.0,0,,,,50.0,65.38461538461539,UNCERTAIN
1934-05,-0.0724,FF_market_TR,95.98122840121904,99.09870382902584,-0.03145828661074468,True,0.05372619920528843,23.164532371709985,2.04,-1.4000000000000004,,,,,,,,,0.0,100.0,0,,,,50.0,19.23076923076923,HARD
1934-06,0.0265,FF_market_TR,98.52473095385135,98.51155378174248,0.00013376270704301696,False,-0.04388761293712662,23.30212779983836,2.1299999999999994,-1.1200000000000006,,,,,,,,,50.0,0.0,0,,,,50.0,26.923076923076923,HARD
1934-07,-0.1095,FF_market_TR,87.73627291440462,97.9552898705801,-0.1043232781984208,False,-0.05806164323543672,17.25508504760264,2.24,-0.41999999999999993,,,,,,,,,0.0,0.0,0,,,,50.0,3.8461538461538463,HARD
1934-08,0.0559,FF_market_TR,92.64073057031985,98.66851764042659,-0.06109129045673456,True,-0.11260464765551181,21.425244922754093,2.56,0.49000000000000066,,,,,,,,,0.0,0.0,0,,,,50.0,3.8461538461538463,HARD
1934-09,-0.0022,FF_market_TR,92.43692096306515,98.50713500535777,-0.061622074806687466,False,-0.009239025881917384,21.354554549322728,2.6100000000000003,0.4800000000000004,,,,,,,,,0.0,0.0,0,,,,50.0,3.8461538461538463,HARD
1934-10,-0.0165,FF_market_TR,90.91171176717458,98.01923756816944,-0.07251153933993615,False,0.06318976327892445,21.35843814514535,2.5000000000000004,0.5600000000000009,,,,,,,,,0.0,100.0,0,,,,50.0,19.23076923076923,HARD
1934-11,0.0834,FF_market_TR,98.49374852855692,97.07779162746029,0.014585796373803195,False,0.0472404668937052,23.39965811716059,2.51,0.46999999999999975,,,,,,,,,50.0,50.0,0,,,,50.0,34.61538461538461,HARD
1934-12,0.0037,FF_market_TR,98.85817539811259,96.44040072938711,0.02507014332623725,False,0.03202283418872076,23.147298762490617,2.4200000000000004,0.2900000000000009,,,,,,,,,50.0,50.0,0,,,,50.0,34.61538461538461,HARD
1935-01,-0.0344,FF_market_TR,95.45745416441753,95.45136217866272,6.382293155127172e-05,False,-0.11538282406335665,15.651843341919813,2.2100000000000004,-0.029999999999999805,,,,,,,,,50.0,0.0,0,,,,50.0,26.923076923076923,HARD
1935-02,-0.0192,FF_market_TR,93.62467104446071,94.46656447055823,-0.008912078372024457,False,-0.11030298794230942,14.50117236639851,2.26,-0.30000000000000027,,,,,,,,,50.0,0.0,0,,,,100.0,30.76923076923077,HARD
1935-03,-0.0367,FF_market_TR,90.188645617129,93.88730619214923,-0.03939468203987628,False,-0.14389658204457778,15.550466230952683,2.53,-0.08000000000000052,,,,,,,,,0.0,0.0,0,,,,50.0,3.8461538461538463,HARD
1935-04,0.0907,FF_market_TR,98.3687557746026,93.87170867422437,0.04790630919465788,False,-0.049326004923662126,20.09094621962837,2.47,-0.03000000000000025,,,,,,,,,50.0,0.0,0,,,,50.0,26.923076923076923,HARD
1935-05,0.0348,FF_market_TR,101.79198847555877,95.27728023033977,0.06837630366304759,True,0.060540588728972056,17.039653752350713,2.2900000000000005,-0.2199999999999993,,,,,,,,,100.0,100.0,0,,,,50.0,65.38461538461539,UNCERTAIN
1935-06,0.0593999999999999,FF_market_TR,107.83843259100696,96.79705043240848,0.11406734099101978,True,0.09453161198195126,18.573047138259227,2.16,-0.26000000000000023,,,,,,,,,100.0,100.0,0,,,,50.0,65.38461538461539,UNCERTAIN
1935-07,0.0751999999999999,FF_market_TR,115.94788272185068,99.14814660828704,0.16944074789351116,True,0.32155012824592233,17.924410171606738,2.11,-0.10000000000000053,,,,,,,,,100.0,100.0,0,,,,50.0,65.38461538461539,UNCERTAIN
1935-08,0.0266,FF_market_TR,119.0320964022519,101.96018507179477,0.16743703749101702,True,0.2848786453804941,15.691052227304544,1.98,-0.2799999999999998,,,,,,,,,100.0,100.0,0,,,,50.0,65.38461538461539,UNCERTAIN
1935-09,0.0263999999999999,FF_market_TR,122.17454374727134,104.3282645936662,0.17105890932924228,True,0.3217071974529355,9.406612567763117,1.9400000000000004,-0.5899999999999994,,,,,,,,,100.0,100.0,0,,,,100.0,69.23076923076923,UNCERTAIN
1935-10,0.0704,FF_market_TR,130.77563162707926,107.52001021656288,0.21629110119758876,True,0.43849047702452704,7.693862489023251,2.02,-0.4500000000000002,,,,,,,,,100.0,100.0,0,,,,100.0,69.23076923076923,UNCERTAIN
1935-11,0.0489999999999999,FF_market_TR,137.18363757680615,111.69262855780173,0.22822463172502605,True,0.39281568247990495,7.327067626274447,1.9599999999999995,-0.33000000000000096,,,,,,,,,100.0,100.0,0,,,,100.0,69.23076923076923,UNCERTAIN
1935-12,0.0456999999999999,FF_market_TR,143.45292981406615,116.67545443476229,0.22950393044559503,True,0.451098295475975,7.2128690546826855,1.86,-0.30000000000000004,,,,,,,,,100.0,100.0,0,,,,100.0,69.23076923076923,UNCERTAIN
1936-01,0.0689999999999999,FF_market_TR,153.3511819712367,122.99170807017306,0.24684163166302242,True,0.6064872388813352,6.705403790973301,1.63,-0.48,,,,,,,,,100.0,100.0,0,,,,100.0,69.23076923076923,UNCERTAIN
1936-02,0.025,FF_market_TR,157.18496152051762,128.87332864476454,0.21968574237570326,True,0.6788839925095518,6.829761342828833,1.48,-0.5,,,,,,,,,100.0,100.0,0,,,,100.0,69.23076923076923,UNCERTAIN
1936-03,0.0101,FF_market_TR,158.77252963187485,134.57138276039615,0.17983873224048508,True,0.7604492067205422,8.278482952812007,1.5700000000000005,-0.3699999999999999,,,,,,,,,100.0,100.0,0,,,,100.0,69.23076923076923,UNCERTAIN
1936-04,-0.0812,FF_market_TR,145.88020022576663,138.37555952387214,0.05423385985008289,True,0.4829932439120146,18.503608296761982,1.62,-0.3999999999999999,,,,,,,,,100.0,100.0,0,,,,50.0,65.38461538461539,UNCERTAIN
1936-05,0.0521,FF_market_TR,153.4805586575291,142.12882711743995,0.079869311316481,True,0.5077862310783057,18.62660570259646,1.6700000000000004,-0.28999999999999915,,,,,,,,,100.0,100.0,0,,,,50.0,65.38461538461539,UNCERTAIN
1936-06,0.0243,FF_market_TR,157.21013623290702,145.94663110050547,0.07717550619339053,True,0.4578303157386334,18.161234539535005,1.66,-0.20000000000000018,,,,,,,,,100.0,100.0,0,,,,50.0,65.38461538461539,UNCERTAIN
1936-07,0.0668,FF_market_TR,167.7117733332652,150.50035405910484,0.11436132082055472,True,0.44644101639692546,18.010788988825542,1.61,-0.019999999999999796,,,,,,,,,100.0,100.0,0,,,,50.0,65.38461538461539,UNCERTAIN
1936-08,0.0101,FF_market_TR,169.40566224393118,154.36335712079008,0.09744738261536012,True,0.42319313331632036,17.958926471256557,1.5300000000000002,0.050000000000000266,,,,,,,,,100.0,100.0,0,,,,50.0,65.38461538461539,UNCERTAIN
1936-09,0.0098999999999999,FF_market_TR,171.08277830014606,157.75327119312405,0.08449591571831072,True,0.40031444401417726,17.959910912919348,1.44,-0.13000000000000056,,,,,,,,,100.0,100.0,0,,,,50.0,65.38461538461539,UNCERTAIN
1936-10,0.0713999999999999,FF_market_TR,183.29808867077648,161.73778707879507,0.13330404713326338,True,0.40162266004931735,9.665104241548521,1.36,-0.26,,,,,,,,,100.0,100.0,0,,,,100.0,69.23076923076923,UNCERTAIN
1936-11,0.0327999999999999,FF_market_TR,189.31026597917796,165.3336954795892,0.14501926198431048,True,0.37997700981785987,9.424480887560824,1.3699999999999997,-0.3000000000000007,,,,,,,,,100.0,100.0,0,,,,100.0,69.23076923076923,UNCERTAIN
1936-12,0.0021,FF_market_TR,189.70781753773423,168.58598108131088,0.1252882138891256,True,0.32243947742036694,10.536642729066942,1.4300000000000002,-0.22999999999999976,,,,,,,,,100.0,100.0,0,,,,100.0,69.23076923076923,UNCERTAIN
1937-01,0.0336,FF_market_TR,196.0820002070021,172.31692813882358,0.13791490090301917,True,0.2786468137153333,8.826127123489623,1.39,-0.2200000000000002,,,,,,,,,100.0,100.0,0,,,,100.0,69.23076923076923,UNCERTAIN
1937-02,0.0111,FF_market_TR,198.25851040929984,177.5547591571769,0.11660487925190077,True,0.26130711546104757,8.782147801079141,1.31,-0.2200000000000002,,,,,,,,,100.0,100.0,50,,,,100.0,84.61538461538461,EASY
1937-03,-0.0026,FF_market_TR,197.74303828223566,181.9810071196476,0.08661360551887132,True,0.24544868523992558,9.507950357463963,1.36,-0.07999999999999985,,,,,,,,,100.0,100.0,0,,,,100.0,69.23076923076923,UNCERTAIN
1937-04,-0.0733,FF_market_TR,183.24847357614777,184.58484085397163,-0.007239853888549197,True,0.25615726666504,13.602754132895276,1.42,0.05999999999999983,,,,,,,,,50.0,100.0,0,,,,100.0,46.15384615384615,UNCERTAIN
1937-05,-0.0077,FF_market_TR,181.83746032961145,185.99740955360627,-0.02236562989763513,True,0.18475891617880347,12.46095983461947,1.5099999999999998,0.14000000000000012,,,,,,,,,0.0,100.0,0,,,,100.0,23.076923076923077,HARD
1937-06,-0.0418,FF_market_TR,174.23665448783368,186.4805087779965,-0.06565755515360072,True,0.10830420138878227,13.284217703726469,1.65,0.21999999999999975,,,,,,,,,0.0,100.0,0,,,,100.0,23.076923076923077,HARD
1937-07,0.0894,FF_market_TR,189.813411399046,188.3535720878865,0.0077505262840373845,True,0.13178346174816213,19.098742366972747,1.66,0.27,,,,,,,,,50.0,100.0,0,,,,50.0,42.30769230769231,UNCERTAIN
1937-08,-0.0484,FF_market_TR,180.62644228733217,188.0864074495421,-0.03966243634171818,False,0.06623615701371266,19.79931715994266,1.6799999999999995,0.36999999999999944,,,,,,,,,0.0,100.0,0,,,,50.0,19.23076923076923,HARD
1937-09,-0.1357,FF_market_TR,156.11543406894123,184.7669242585184,-0.1550682856499206,False,-0.08748597830780058,25.943533298299986,1.8800000000000003,0.5200000000000002,,,,,,,,,0.0,0.0,0,,,,0.0,0.0,HARD
1937-10,-0.0959,FF_market_TR,141.14396394172977,179.910538898918,-0.21547695423762292,False,-0.22997580081023183,26.897471256607002,2.25,0.8300000000000001,,,,,,,,,0.0,0.0,0,,,,0.0,0.0,HARD
1937-11,-0.0829,FF_market_TR,129.44312933096037,173.2466518113138,-0.2528390708991055,False,-0.3162381941547866,26.831409206376026,2.58,1.0700000000000003,,,,,,,,,0.0,0.0,0,,,,0.0,0.0,HARD
1937-12,-0.0424,FF_market_TR,123.95474064732765,165.81627483511656,-0.2524573310395192,False,-0.3466018308777804,26.825773427806332,2.5200000000000005,0.8700000000000006,,,,,,,,,0.0,0.0,0,,,,0.0,0.0,HARD
1938-01,0.0049,FF_market_TR,124.56211887649955,158.49818289454296,-0.21411011406119917,False,-0.36474475604593803,16.919583919233965,2.72,1.0600000000000003,,,,,,,,,0.0,0.0,0,,,,50.0,3.8461538461538463,HARD
1938-02,0.0584,FF_market_TR,131.83654661888713,153.3569901988169,-0.14032906848282545,False,-0.3350270495490266,24.665383029663264,2.77,1.0900000000000005,,,,,,,,,0.0,0.0,0,,,,50.0,3.8461538461538463,HARD
1938-03,-0.2383,FF_market_TR,100.41989755960634,145.21523392181638,-0.30847546192245756,False,-0.49216974497843746,35.30190929680717,3.08,1.1999999999999997,,,,,,,,,0.0,0.0,0,,,,0.0,0.0,HARD
1938-04,0.1452,FF_market_TR,115.00086668526117,139.29165514155915,-0.17438796625405706,False,-0.3724320621013344,45.42210959433742,3.17,0.9199999999999999,,,,,,,,,0.0,0.0,0,,,,0.0,0.0,HARD
1938-05,-0.0383,FF_market_TR,110.59633349121567,131.3699473507761,-0.15813064006254018,False,-0.3917846559738519,44.5063883055006,2.8399999999999994,0.25999999999999934,,,,,,,,,0.0,0.0,0,,,,0.0,0.0,HARD
1938-06,0.2387,FF_market_TR,136.99567829556884,127.00687095159977,0.07864777133022693,False,-0.21373789746901528,56.89956484895118,2.99,0.46999999999999975,,,,,,,,,50.0,0.0,0,,,,0.0,23.076923076923077,HARD
1938-07,0.0733,FF_market_TR,147.03746151463403,126.09907369616906,0.16604711838657304,False,-0.22535788998852035,57.042677356519654,2.41,-0.31000000000000005,,,,,,,,,50.0,0.0,0,,,,0.0,23.076923076923077,HARD
1938-08,-0.0266999999999999,FF_market_TR,143.1115612921933,126.2958334312154,0.13314554727679329,True,-0.20769318445336993,57.644306917509205,2.31,-0.45999999999999996,,,,,,,,,100.0,0.0,0,,,,0.0,46.15384615384615,UNCERTAIN
1938-09,0.0083,FF_market_TR,144.2993872509185,127.78145922321121,0.12926701673404306,True,-0.07568788370280355,37.613481093884396,2.4400000000000004,-0.6399999999999997,,,,,,,,,100.0,0.0,0,,,,0.0,46.15384615384615,UNCERTAIN
1938-10,0.0781,FF_market_TR,155.56916939521525,130.942902098,0.18806874525191541,True,0.10220207120894531,35.38573723974109,2.2100000000000004,-0.9599999999999995,,,,,,,,,100.0,100.0,0,,,,0.0,61.53846153846154,UNCERTAIN
1938-11,-0.0178,FF_market_TR,152.80003817998042,133.76669402834807,0.1422876171821872,True,0.18044147240369224,34.17880337285083,2.1300000000000003,-0.7099999999999991,,,,,,,,,100.0,100.0,0,,,,0.0,61.53846153846154,UNCERTAIN
1938-12,0.0419,FF_market_TR,159.2023597797216,136.50327534443153,0.16628966871318407,True,0.2843587824743181,15.656304800303293,2.1899999999999995,-0.8000000000000007,,,,,,,,,100.0,100.0,0,,,,50.0,65.38461538461539,UNCERTAIN
1939-01,-0.0596999999999999,FF_market_TR,149.69797890087227,141.43108347855812,0.058451757697009166,True,0.20179377366962048,17.26577771199432,2.1100000000000003,-0.2999999999999998,,,,,,,,,100.0,100.0,0,,,,50.0,65.38461538461539,UNCERTAIN
1939-02,0.0351999999999999,FF_market_TR,154.96734775818294,145.42773158585027,0.06559695367799345,True,0.1754505994924329,16.836683758982936,2.05,-0.26000000000000023,,,,,,,,,100.0,100.0,0,,,,50.0,65.38461538461539,UNCERTAIN
1939-03,-0.12,FF_market_TR,136.371266027201,148.0052248394488,-0.07860505482065205,True,0.3580104077108319,25.49210466007073,1.8999999999999997,-0.5400000000000007,,,,,,,,,0.0,100.0,0,,,,0.0,15.384615384615385,HARD
1939-04,-0.0018,FF_market_TR,136.12579774835203,147.91823678472716,-0.07972268526657234,False,0.1836936683347472,21.235826331932554,2.1300000000000003,-0.08000000000000007,,,,,,,,,0.0,100.0,0,,,,50.0,19.23076923076923,HARD
1939-05,0.0681,FF_market_TR,145.3959645750148,147.7540870907652,-0.01595977859009623,False,0.3146544734827321,24.6803444060248,2.1,-0.03000000000000025,,,,,,,,,50.0,100.0,0,,,,50.0,42.30769230769231,UNCERTAIN
1939-06,-0.053,FF_market_TR,137.689978452539,147.2119288067998,-0.06468192103343295,False,0.005068044230360336,23.891792733070496,1.99,-0.1999999999999995,,,,,,,,,0.0,50.0,0,,,,50.0,11.538461538461538,HARD
1939-07,0.1024,FF_market_TR,151.789432246079,147.96093330631584,0.02587506616923818,True,0.03231809555534282,28.319116511642804,1.95,-0.16000000000000036,,,,,,,,,100.0,50.0,0,,,,0.0,53.84615384615385,UNCERTAIN
1939-08,-0.0669,FF_market_TR,141.63471922881635,146.56748828967594,-0.03365527456614703,False,-0.010319516117650696,29.38012117061467,1.9199999999999997,-0.13000000000000012,,,,,,,,,0.0,0.0,0,,,,0.0,0.0,HARD
1939-09,0.1689,FF_market_TR,165.55682330656342,147.84316680233422,0.11981383304588089,True,0.14731480473081215,32.13952644330653,1.75,-0.1499999999999997,,,,,,,,,100.0,100.0,0,,,,0.0,61.53846153846154,UNCERTAIN
1939-10,-0.0053,FF_market_TR,164.67937214303865,148.39086803866593,0.1097675639994804,True,0.05856046402535853,32.24270708237755,1.73,-0.40000000000000036,,,,,,,,,100.0,100.0,0,,,,0.0,61.53846153846154,UNCERTAIN
1939-11,-0.0362,FF_market_TR,158.71797887146064,149.29286803572478,0.06313168847074802,True,0.03872996866996581,33.09009821683822,1.85,-0.25,,,,,,,,,100.0,50.0,0,,,,0.0,53.84615384615385,UNCERTAIN
1939-12,0.0302999999999999,FF_market_TR,163.52713363126588,150.14884662303308,0.08910016499707529,True,0.027165262233098897,30.799023361139227,1.98,-0.010000000000000009,,,,,,,,,100.0,50.0,0,,,,0.0,53.84615384615385,UNCERTAIN
1940-01,-0.0241,FF_market_TR,159.5861297107524,152.47033299138823,0.04667004117952622,True,0.0660540034172934,29.023618657913765,1.9800000000000004,0.03000000000000047,,,,,,,,,100.0,100.0,0,,,,0.0,61.53846153846154,UNCERTAIN
1940-02,0.0144,FF_market_TR,161.8841699785872,155.04617021441172,0.044102990449356394,True,0.044634062081242654,25.8865215894295,1.97,0.050000000000000266,,,,,,,,,100.0,50.0,0,,,,0.0,53.84615384615385,UNCERTAIN
1940-03,0.0204999999999999,FF_market_TR,165.20279546314825,157.0268533032251,0.05206715913828508,True,0.21141938676580474,9.119228037504032,1.96,0.20999999999999996,,,,,,,,,100.0,100.0,0,,,,100.0,69.23076923076923,UNCERTAIN
1940-04,0.0022,FF_market_TR,165.56624161316716,159.8144796192879,0.03599024323441258,True,0.21627380226075887,9.077517281724099,1.9200000000000004,0.1900000000000004,,,,,,,,,100.0,100.0,0,,,,100.0,69.23076923076923,UNCERTAIN
1940-05,-0.2196999999999999,FF_market_TR,129.19133833075435,157.55467022775542,-0.18002215901312257,False,-0.11145169187897186,32.94114023527417,2.01,0.1599999999999997,,,,,,,,,0.0,0.0,0,,,,0.0,0.0,HARD
1940-06,0.0667,FF_market_TR,137.80840059741567,157.1720383646154,-0.12320027129939615,False,0.0008600636459354938,34.87012704307226,2.1500000000000004,0.17000000000000037,,,,,,,,,0.0,50.0,0,,,,0.0,7.6923076923076925,HARD
1940-07,0.0317,FF_market_TR,142.17692689635376,154.8340487235944,-0.08174637252969985,False,-0.06332789580595821,35.723173431261664,1.92,-0.0600000000000005,,,,,,,,,0.0,0.0,0,,,,0.0,0.0,HARD
1940-08,0.0218,FF_market_TR,145.27638390269428,152.89374989955996,-0.04982130402236673,False,0.02571166655821644,35.87951839141655,1.91,-0.06000000000000005,,,,,,,,,0.0,50.0,0,,,,0.0,7.6923076923076925,HARD
1940-09,0.0239,FF_market_TR,148.7484894779687,151.89680096021078,-0.020726647713053437,False,-0.10152607118747714,35.95838706060102,1.8400000000000003,-0.11999999999999966,,,,,,,,,0.0,0.0,0,,,,0.0,0.0,HARD
1940-10,0.0302,FF_market_TR,153.24069386020335,150.8681569831045,0.01572589554046533,False,-0.06946029811736099,36.44288682308248,1.7699999999999996,-0.1500000000000008,,,,,,,,,50.0,0.0,0,,,,0.0,23.076923076923077,HARD
1940-11,-0.0161,FF_market_TR,150.77351868905407,149.98689588093467,0.005244610227441937,False,-0.05005393994363094,9.165509260264809,1.7300000000000004,-0.27999999999999936,,,,,,,,,50.0,0.0,0,,,,100.0,30.76923076923077,HARD
1940-12,0.0069,FF_market_TR,151.8138559680085,148.97986447987682,0.01902264777878404,False,-0.07162895479883735,6.305121727611615,1.7400000000000002,-0.41000000000000014,,,,,,,,,50.0,0.0,0,,,,100.0,30.76923076923077,HARD
1941-01,-0.0418,FF_market_TR,145.46803678854576,147.00638861241654,-0.01046452360602268,False,-0.08846691719258737,9.686132355073418,1.63,-0.29000000000000004,,,,,,,,,50.0,0.0,0,,,,100.0,30.76923076923077,HARD
1941-02,-0.0144,FF_market_TR,143.3732970587907,144.7870941569789,-0.009764662426716919,False,-0.11434640534800267,9.453111657015386,1.64,-0.27,,,,,,,,,50.0,0.0,0,,,,100.0,30.76923076923077,HARD
1941-03,0.0085,FF_market_TR,144.59197008379044,146.32715733228252,-0.011858272108380974,True,-0.1247607543297018,8.662879428919705,1.58,-0.26000000000000023,,,,,,,,,50.0,0.0,0,,,,100.0,30.76923076923077,HARD
1941-04,-0.0547,FF_market_TR,136.6827893202071,146.21459620456167,-0.06519052907015588,False,-0.17445254546783784,8.831760866327864,1.5100000000000002,-0.25999999999999934,,,,,,,,,0.0,0.0,0,,,,100.0,7.6923076923076925,HARD
1941-05,0.0139,FF_market_TR,138.582680091758,145.8551715241021,-0.04986104610724995,False,0.07269327713720264,9.979979959899731,1.5100000000000002,-0.2200000000000002,,,,,,,,,0.0,100.0,0,,,,100.0,23.076923076923077,HARD
1941-06,0.0583,FF_market_TR,146.66205034110746,145.9937381679434,0.004577676971290856,True,0.06424608155460887,14.248396400998958,1.5399999999999996,-0.20000000000000062,,,,,,,,,50.0,100.0,0,,,,100.0,46.15384615384615,UNCERTAIN
1941-07,0.059,FF_market_TR,155.31511131123278,146.6504003512698,0.05908412755238657,True,0.09240728929565822,15.110849082695518,1.54,-0.08999999999999986,,,,,,,,,100.0,100.0,0,,,,50.0,65.38461538461539,UNCERTAIN
1941-08,-0.0016,FF_market_TR,155.0666071331348,146.83299167856293,0.05607469656816866,True,0.06739032847209336,14.681204310273731,1.5299999999999994,-0.11000000000000054,,,,,,,,,100.0,100.0,0,,,,100.0,69.23076923076923,UNCERTAIN
1941-09,-0.0086,FF_market_TR,153.73303431178985,147.12894324083652,0.04488641680884675,True,0.03350988538649613,15.027251245653678,1.5499999999999998,-0.03000000000000025,,,,,,,,,100.0,50.0,0,,,,50.0,57.69230769230769,UNCERTAIN
1941-10,-0.0525,FF_market_TR,145.66205001042087,146.51376264507775,-0.005813192012003032,False,-0.04945581789584064,14.797698469694534,1.5500000000000005,0.04000000000000026,,,,,,,,,50.0,0.0,0,,,,100.0,30.76923076923077,HARD
1941-11,-0.0192,FF_market_TR,142.8653386502208,146.25349283124527,-0.023166312923096455,False,-0.052450722829800234,15.392808710563516,1.56,0.04999999999999982,,,,,,,,,0.0,0.0,0,,,,50.0,3.8461538461538463,HARD
1941-12,-0.0486,FF_market_TR,135.92208319182006,145.50837144454823,-0.06588135210063428,False,-0.10467933032105647,14.02197846239967,1.58,0.04000000000000048,,,,,,,,,0.0,0.0,0,,,,100.0,7.6923076923076925,HARD
1942-01,0.0081,FF_market_TR,137.0230520656738,144.75147964273657,-0.05339100917059658,False,-0.05805388530229294,8.669975778512898,1.46,-0.08000000000000007,,,,,,,,,0.0,0.0,0,,,,100.0,7.6923076923076925,HARD
1942-02,-0.0245,FF_market_TR,133.6659872900648,144.4497994397223,-0.07465439337046298,False,-0.06770653927798975,8.06174422814321,1.44,-0.08999999999999941,,,,,,,,,0.0,0.0,0,,,,100.0,7.6923076923076925,HARD
1942-03,-0.0657,FF_market_TR,124.88413192510754,143.0799446230573,-0.1271723493176241,False,-0.136299672431756,9.348676911734644,1.44,-0.10999999999999988,,,,,,,,,0.0,0.0,0,,,,100.0,7.6923076923076925,HARD
1942-04,-0.0436,FF_market_TR,119.43918377317286,140.35765796626382,-0.14903692820322556,False,-0.12615784059423607,8.998046454647831,1.4299999999999995,-0.120000000000001,,,,,,,,,0.0,0.0,0,,,,100.0,7.6923076923076925,HARD
1942-05,0.0597,FF_market_TR,126.5697030444313,137.48311713958367,-0.07938003096098134,False,-0.0866845484541986,15.96533745337067,1.4199999999999997,-0.14000000000000035,,,,,,,,,0.0,0.0,0,,,,50.0,3.8461538461538463,HARD
1942-06,0.0271,FF_market_TR,129.99974199693537,134.9764306259637,-0.03687079741217447,False,-0.11361022367694162,16.19600568041393,1.48,-0.10000000000000009,,,,,,,,,0.0,0.0,0,,,,50.0,3.8461538461538463,HARD
1942-07,0.0353999999999999,FF_market_TR,134.60173286362684,133.06330048114745,0.011561658074890069,False,-0.13336357468848492,17.2141337278412,1.4699999999999998,0.009999999999999787,,,,,,,,,50.0,0.0,0,,,,50.0,26.923076923076923,HARD
1942-08,0.0183,FF_market_TR,137.06494457503123,132.20358993760846,0.036771729419125654,False,-0.11608987190032449,16.929330760546915,1.4700000000000002,0.03000000000000025,,,,,,,,,50.0,0.0,0,,,,50.0,26.923076923076923,HARD
1942-09,0.0263999999999999,FF_market_TR,140.68345911181203,131.9854019837676,0.06590166031478373,False,-0.08488465253025357,11.950553125274158,1.46,0.020000000000000018,,,,,,,,,50.0,0.0,0,,,,100.0,30.76923076923077,HARD
1942-10,0.0685,FF_market_TR,150.32027606097117,133.4252212706827,0.12662564565670165,True,0.03197968208065882,6.99754242573777,1.4400000000000004,0.010000000000000897,,,,,,,,,100.0,50.0,0,,,,100.0,61.53846153846154,UNCERTAIN
1942-11,0.0018,FF_market_TR,150.5908525578809,134.7820013199034,0.1172920054841402,True,0.054075495012646746,7.68978803348961,1.46,0.04000000000000026,,,,,,,,,100.0,100.0,0,,,,100.0,69.23076923076923,UNCERTAIN
1942-12,0.0515,FF_market_TR,158.3462814646118,137.2500307373581,0.15370671040229866,True,0.16497832983581895,8.25418439338497,1.4700000000000002,-0.009999999999999787,,,,,,,,,100.0,100.0,0,,,,100.0,69.23076923076923,UNCERTAIN
1943-01,0.0716,FF_market_TR,169.68387521747803,141.73000506659514,0.1972332544385933,True,0.23836006175187396,9.868189296927781,1.37,-0.09999999999999964,,,,,,,,,100.0,100.0,0,,,,100.0,69.23076923076923,UNCERTAIN
1943-02,0.0618,FF_market_TR,180.1703387059182,147.80312055986968,0.2189887332787248,True,0.34791462180229593,9.517234892551512,1.31,-0.16000000000000014,,,,,,,,,100.0,100.0,50,,,,100.0,84.61538461538461,EASY
1943-03,0.0604,FF_market_TR,191.05262716375563,154.25141297180213,0.238579430054757,True,0.5298390933952204,8.954739527200097,1.25,-0.20999999999999996,,,,,,,,,100.0,100.0,50,,,,100.0,84.61538461538461,EASY
1943-04,0.0084,FF_market_TR,192.6574692319312,160.51718569530172,0.20022954799144732,True,0.6130172958801134,10.322753508633241,1.2000000000000002,-0.2400000000000002,,,,,,,,,100.0,100.0,50,,,,100.0,84.61538461538461,EASY
1943-05,0.0577,FF_market_TR,203.77380520661364,167.4343929296004,0.2170367248997196,True,0.6099730054283248,7.721761457076994,1.17,-0.29000000000000004,,,,,,,,,100.0,100.0,50,,,,100.0,84.61538461538461,EASY
1943-06,0.0185,FF_market_TR,207.54362060293596,174.48226053239085,0.1894826440789239,True,0.5964925577146809,9.057549337431173,1.1599999999999997,-0.3100000000000005,,,,,,,,,100.0,100.0,50,,,,100.0,84.61538461538461,EASY
1943-07,-0.0473999999999999,FF_market_TR,197.7060529863568,180.18451991984534,0.09724216638757799,True,0.46882249418486155,14.876720068617264,1.12,-0.25,,,,,,,,,100.0,100.0,50,,,,100.0,84.61538461538461,EASY
1943-08,0.0133,FF_market_TR,200.33554349107536,185.18604666285574,0.08180690230835985,True,0.46161036370177744,13.650589730850452,1.12,-0.18999999999999995,,,,,,,,,100.0,100.0,50,,,,100.0,84.61538461538461,EASY
1943-09,0.0243,FF_market_TR,205.2036971979085,190.64733112685852,0.07635232019777938,True,0.4586199294034792,11.822419380143804,1.14,-0.1100000000000001,,,,,,,,,100.0,100.0,50,,,,100.0,84.61538461538461,EASY
1943-10,-0.0111999999999999,FF_market_TR,202.90541578929196,195.10324455932653,0.03998996145649936,True,0.34982067027998154,12.299541454867322,1.1199999999999997,-0.08000000000000052,,,,,,,,,100.0,100.0,50,,,,100.0,84.61538461538461,EASY
1943-11,-0.0588,FF_market_TR,190.97457734088158,197.2323147716669,-0.03172774926882449,True,0.2681685115467345,12.309009708339664,1.12,-0.04999999999999982,,,,,,,,,0.0,100.0,50,,,,100.0,38.46153846153846,HARD
1943-12,0.0639,FF_market_TR,203.17785283296394,199.53306618437148,0.018266579661661897,True,0.2831236133471904,15.978556881020262,1.0799999999999996,-0.08000000000000007,,,,,,,,,50.0,100.0,50,,,,50.0,57.69230769230769,UNCERTAIN
1944-01,0.0177,FF_market_TR,206.77410082810738,201.10521355080664,0.02818866391978725,True,0.2185842677337022,14.15060705411609,1.0399999999999996,-0.08000000000000052,,,,,,,,,100.0,100.0,50,,,,100.0,84.61538461538461,EASY
1944-02,0.004,FF_market_TR,207.60119723141983,202.5995863507555,0.02468717222356598,True,0.15224958071636574,14.131271704981124,0.98,-0.14000000000000012,,,,,,,,,100.0,100.0,50,,,,100.0,84.61538461538461,EASY
1944-03,0.0248,FF_market_TR,212.74970692275903,203.49717652237,0.04546761069862759,True,0.11356598483414904,14.146428524542868,0.96,-0.17999999999999994,,,,,,,,,100.0,100.0,50,,,,100.0,84.61538461538461,EASY
1944-04,-0.0166,FF_market_TR,209.21806178784124,203.66462064086053,0.02726757906948185,True,0.08595873610263993,14.330141660151172,0.94,-0.17999999999999972,,,,,,,,,100.0,100.0,100,,,,100.0,100.0,EASY
1944-05,0.051,FF_market_TR,219.88818293902114,205.882833636127,0.0680258235013751,True,0.07907973115616374,10.28738256312071,0.8999999999999999,-0.2200000000000002,,,,,,,,,100.0,100.0,100,,,,100.0,100.0,EASY
1944-06,0.0552,FF_market_TR,232.02601063725504,209.05188035074497,0.10989678852906914,True,0.11796262377612554,9.525622289383517,0.8599999999999999,-0.21999999999999975,,,,,,,,,100.0,100.0,100,,,,100.0,100.0,EASY
1944-07,-0.0146,FF_market_TR,228.63843088195114,211.39535371914923,0.08156790988751017,True,0.15645640296976082,10.923801536095395,0.8499999999999996,-0.18999999999999995,,,,,,,,,100.0,100.0,100,,,,100.0,100.0,EASY
1944-08,0.016,FF_market_TR,232.29664577606232,214.33447671782628,0.08380438524541911,True,0.1595378519858648,10.702739836135423,0.8399999999999999,-0.14000000000000012,,,,,,,,,100.0,100.0,100,,,,100.0,100.0,EASY
1944-09,0.0003,FF_market_TR,232.36633476979515,218.47365246071763,0.06358973795055434,True,0.13236914316260906,10.958359366255523,0.8399999999999999,-0.1200000000000001,,,,,,,,,100.0,100.0,100,,,,100.0,100.0,EASY
1944-10,0.0019,FF_market_TR,232.80783080585778,221.436650258007,0.05135184502927426,True,0.14737120199698417,9.933651896457823,0.8299999999999996,-0.11000000000000032,,,,,,,,,100.0,100.0,100,,,,100.0,100.0,EASY
1944-11,0.0174,FF_market_TR,236.85868706187972,224.44510888138424,0.05530785786495285,True,0.24026292064569899,8.277564859304949,0.8099999999999996,-0.0900000000000003,,,,,,,,,100.0,100.0,100,,,,100.0,100.0,EASY
1944-12,0.0405,FF_market_TR,246.45146388788586,228.33013554703084,0.07936459327823786,True,0.21298389785868022,6.546134737385125,0.79,-0.06999999999999984,,,,,,,,,100.0,100.0,100,,,,100.0,100.0,EASY
1945-01,0.0203999999999999,FF_market_TR,251.4790737511987,232.2030722298748,0.08301355075199512,True,0.21620199407978502,5.06002766790856,0.77,-0.07999999999999963,,,,,,,,,100.0,100.0,100,,,,100.0,100.0,EASY
1945-02,0.0625,FF_market_TR,267.1965158606486,238.00091763715554,0.12267010780186682,True,0.2870663532965849,8.28630677684577,0.7600000000000002,-0.07999999999999963,,,,,,,,,100.0,100.0,100,,,,100.0,100.0,EASY
1945-03,-0.0387,FF_market_TR,256.8560106968415,241.6977004129376,0.0627159888489055,True,0.20731546196722017,11.963999331327303,0.7599999999999998,-0.08000000000000007,,,,,,,,,100.0,100.0,100,,,,100.0,100.0,EASY
1945-04,0.0783,FF_market_TR,276.96783633440424,246.19188298265254,0.12500799367914284,True,0.3238237366679415,14.257607092355999,0.75,-0.07999999999999963,,,,,,,,,100.0,100.0,100,,,,100.0,100.0,EASY
1945-05,0.0176,FF_market_TR,281.84247025388976,251.5122869198464,0.12059125900162959,True,0.2817536007928614,14.253370127797849,0.6999999999999997,-0.10999999999999988,,,,,,,,,100.0,100.0,100,,,,100.0,100.0,EASY
1945-06,0.0041,FF_market_TR,282.9980243819307,256.5824247804332,0.10295171083562038,True,0.21968232615249472,14.542588490361682,0.6800000000000002,-0.10999999999999988,,,,,,,,,100.0,100.0,100,,,,100.0,100.0,EASY
1945-07,-0.0214,FF_market_TR,276.9418666601574,261.0399779694694,0.060917445727596053,True,0.21126560216443213,15.92864087108502,0.6599999999999997,-0.11000000000000032,,,,,,,,,100.0,100.0,100,,,,50.0,96.15384615384616,EASY
1945-08,0.0623,FF_market_TR,294.19534495308517,267.1787293841922,0.10111813777676959,True,0.2664640247827521,15.91496905432116,0.6499999999999999,-0.11000000000000032,,,,,,,,,100.0,100.0,100,,,,50.0,96.15384615384616,EASY
1945-09,0.048,FF_market_TR,308.3167215108333,274.32453282908756,0.12391231776169254,True,0.3268562410999942,13.102831755006244,0.6200000000000001,-0.13999999999999968,,,,,,,,,100.0,100.0,100,,,,100.0,100.0,EASY
1945-10,0.0392,FF_market_TR,320.40273699405793,281.71966013970473,0.13731053358210876,True,0.37625412291757043,10.695554216589253,0.5800000000000001,-0.16999999999999993,,,,,,,,,100.0,100.0,100,,,,100.0,100.0,EASY
1945-11,0.0540999999999999,FF_market_TR,337.7365250654364,290.34540527112847,0.16322324698079327,True,0.425898831302743,11.319606000210431,0.5299999999999998,-0.16999999999999993,,,,,,,,,100.0,100.0,100,,,,100.0,100.0,EASY
1945-12,0.0123,FF_market_TR,341.89068432374125,297.81482211743776,0.14799754388625752,True,0.3872536155000159,10.90278679971318,0.4900000000000002,-0.18999999999999995,,,,,,,,,100.0,100.0,100,,,,100.0,100.0,EASY
1946-01,0.0627,FF_market_TR,363.3272302308398,308.4619440708376,0.17786727735659502,True,0.44476128693832506,6.563523444004744,0.4699999999999997,-0.19,,,,,,,,,100.0,100.0,100,,,,100.0,100.0,EASY
1946-02,-0.0579999999999999,FF_market_TR,342.2542508774511,314.99058552514225,0.08655390543452524,True,0.28090835980790807,15.520990947745558,0.4700000000000002,-0.17999999999999972,,,,,,,,,100.0,100.0,100,,,,50.0,96.15384615384616,EASY
1946-03,0.059,FF_market_TR,362.4472516792207,323.05106366767535,0.12195034297138996,True,0.4110911817711167,15.960412275376838,0.4699999999999997,-0.1500000000000004,,,,,,,,,100.0,100.0,100,,,,50.0,96.15384615384616,EASY
1946-04,0.0426,FF_market_TR,377.8875046007555,332.5400116895579,0.13636702747677676,True,0.3643732413192675,16.02368372129204,0.5,-0.08000000000000007,,,,,,,,,100.0,100.0,100,,,,50.0,96.15384615384616,EASY
1946-05,0.0395999999999999,FF_market_TR,392.8518497829454,344.13101000183667,0.14157642980459295,True,0.39387030431948755,15.599456400785241,0.5100000000000002,-0.019999999999999574,,,,,,,,,100.0,100.0,100,,,,50.0,96.15384615384616,EASY
1946-06,-0.0386,FF_market_TR,377.68776838132374,352.48025234466047,0.07151469016770617,True,0.3345950707825469,18.152876356104002,0.5399999999999996,0.04999999999999938,,,,,,,,,100.0,100.0,100,,,,50.0,96.15384615384616,EASY
1946-07,-0.0266,FF_market_TR,367.6412737423806,358.41270756781523,0.025748434638911855,True,0.32750341498030977,17.2312088954896,0.5499999999999998,0.08000000000000013,,,,,,,,,100.0,100.0,100,,,,50.0,96.15384615384616,EASY
1946-08,-0.0641,FF_market_TR,344.075468095494,360.77998067795886,-0.04630110725953984,True,0.16954762880549024,17.7628702635582,0.52,0.04999999999999982,,,,,,,,,0.0,100.0,100,,,,50.0,50.0,UNCERTAIN
1946-09,-0.1014,FF_market_TR,309.18621563061083,357.9249497344763,-0.13617026178259406,False,0.002820132866997227,19.776249391631374,0.52,0.05000000000000032,,,,,,,,,0.0,50.0,100,,,,50.0,42.30769230769231,UNCERTAIN
1946-10,-0.0141,FF_market_TR,304.8266899902192,354.2185503011241,-0.1394389431861105,False,-0.04861396363205095,16.495395721230835,0.5499999999999998,0.04999999999999982,,,,,,,,,0.0,0.0,100,,,,50.0,34.61538461538461,HARD
1946-11,0.0001999999999999,FF_market_TR,304.88765532821725,348.3745928108618,-0.12482809705429443,False,-0.0972618218620408,12.789633302014595,0.5800000000000001,0.06999999999999984,,,,,,,,,0.0,0.0,100,,,,100.0,38.46153846153846,HARD
1946-12,0.0499,FF_market_TR,320.1015493290953,346.1593226560263,-0.07527682087829901,False,-0.06373129188279814,18.150033608784327,0.56,0.020000000000000462,,,,,,,,,0.0,0.0,100,,,,50.0,34.61538461538461,HARD
1947-01,0.0128,FF_market_TR,324.1988491605077,342.334482404155,-0.05297635551138158,False,-0.10769460093996241,18.956996597562615,0.56,0.010000000000000231,,,,,,,,,0.0,0.0,100,,,,50.0,34.61538461538461,HARD
1947-02,-0.0105,FF_market_TR,320.79476124432233,336.6252080685116,-0.047026920280335616,False,-0.06270043272833636,17.37674883285134,0.5700000000000003,0.050000000000000266,,,,,,,,,0.0,0.0,100,,,,50.0,34.61538461538461,HARD
1947-03,-0.0163999999999999,FF_market_TR,315.5337271599155,328.8933958062086,-0.04062005749171371,False,-0.12943545385419397,8.69755137955507,0.6000000000000001,0.08000000000000007,,,,,,,,,0.0,0.0,100,,,,100.0,38.46153846153846,HARD
1947-04,-0.0476999999999999,FF_market_TR,300.4827683743876,321.17289580551505,-0.06442052770124251,False,-0.20483539488331937,11.262939225619577,0.6300000000000003,0.08000000000000052,,,,,,,,,0.0,0.0,100,,,,100.0,38.46153846153846,HARD
1947-05,-0.0093999999999999,FF_market_TR,297.6582303516684,314.1745914664438,-0.0525706456326831,False,-0.24231429604791843,11.300720331023157,0.6400000000000001,0.06000000000000005,,,,,,,,,0.0,0.0,100,,,,100.0,38.46153846153846,HARD
1947-06,0.0532,FF_market_TR,313.49364820637715,311.1164094775321,0.007640994355897934,False,-0.1699661083811813,11.678636906762712,0.6600000000000001,0.10000000000000009,,,,,,,,,50.0,0.0,100,,,,100.0,61.53846153846154,UNCERTAIN
1947-07,0.0417,FF_market_TR,326.5663333365831,312.85442124812937,0.04382841077888622,True,-0.11172559595302711,13.229229758379738,0.6300000000000003,0.07000000000000028,,,,,,,,,100.0,0.0,100,,,,100.0,84.61538461538461,EASY
1947-08,-0.0171,FF_market_TR,320.98204903652754,314.46995715276023,0.02070815267292425,True,-0.06711730768482782,13.408416759632736,0.6099999999999999,0.03999999999999959,,,,,,,,,100.0,0.0,100,,,,100.0,84.61538461538461,EASY
1947-09,-0.0048,FF_market_TR,319.4413352011522,315.92532514005364,0.01112924410076932,True,0.0331681008146667,13.150904151426246,0.6200000000000001,0.020000000000000018,,,,,,,,,50.0,50.0,100,,,,100.0,69.23076923076923,UNCERTAIN
1947-10,0.0253,FF_market_TR,327.52320098174135,316.66749030531827,0.03428110244583826,True,0.07445709885919238,10.15381110716563,0.6499999999999999,0.019999999999999574,,,,,,,,,100.0,100.0,100,,,,100.0,100.0,EASY
1947-11,-0.0191,FF_market_TR,321.2675078429901,316.3743561735665,0.015466334656842884,False,0.05372422342629646,10.782252083864496,0.6699999999999999,0.029999999999999805,,,,,,,,,50.0,100.0,100,,,,100.0,76.92307692307692,EASY
1947-12,0.0308,FF_market_TR,331.16254708455415,317.4111347575897,0.04332366077033356,True,0.03455465235529709,9.126015559925388,0.6600000000000001,0.0,,,,,,,,,100.0,50.0,100,,,,100.0,92.3076923076923,EASY
1948-01,-0.0386,FF_market_TR,318.37967276709037,317.6957293183072,0.0021528254416600667,True,-0.017949404843618955,9.381140655591967,0.6600000000000001,0.029999999999999805,,,,,,,,,50.0,0.0,100,,,,100.0,61.53846153846154,UNCERTAIN
1948-02,-0.0431,FF_market_TR,304.6575088708288,318.1132033679513,-0.042298447076900336,True,-0.050303977256047405,10.861795431695466,0.6799999999999997,0.06999999999999984,,,,,,,,,0.0,0.0,100,,,,100.0,38.46153846153846,HARD
1948-03,0.0816,FF_market_TR,329.51756159468835,321.2991364922533,0.025578733862028802,True,0.04431803395674949,16.780513698930687,0.6999999999999997,0.07999999999999963,,,,,,,,,100.0,50.0,100,,,,50.0,88.46153846153847,EASY
1948-04,0.0373,FF_market_TR,341.80856664217026,324.1306283358326,0.05453954906113179,True,0.13753134161854041,17.18999825479922,0.6900000000000004,0.04000000000000048,,,,,,,,,100.0,100.0,100,,,,50.0,96.15384615384616,EASY
1948-05,0.0738,FF_market_TR,367.0340388603625,328.1773988882106,0.11840132837846018,True,0.2330720317282342,18.61695571246814,0.6200000000000001,-0.04999999999999982,,,,,,,,,100.0,100.0,100,,,,50.0,96.15384615384616,EASY
1948-06,-0.0001,FF_market_TR,366.99733545647643,332.7789275302054,0.10282624618160385,True,0.17066912697024428,18.842973226112704,0.5800000000000001,-0.08000000000000007,,,,,,,,,100.0,100.0,100,,,,50.0,96.15384615384616,EASY
1948-07,-0.0501,FF_market_TR,348.61076895010694,335.69587090510095,0.03847201936140876,True,0.06750369944229129,19.728472824828593,0.56,-0.10000000000000009,,,,,,,,,100.0,100.0,100,,,,50.0,96.15384615384616,EASY
1948-08,0.0034,FF_market_TR,349.79604556453734,337.9231553633805,0.035134882036685244,True,0.08976824907965741,17.2997583798156,0.6000000000000001,-0.07999999999999963,,,,,,,,,100.0,100.0,100,,,,50.0,96.15384615384616,EASY
1948-09,-0.0293,FF_market_TR,339.5470214294964,339.7511067220311,-0.0006006905893664038,True,0.06294015211175985,15.502490122557738,0.6100000000000003,-0.08999999999999941,,,,,,,,,50.0,100.0,100,,,,50.0,73.07692307692308,EASY
1948-10,0.06,FF_market_TR,359.9198427152662,342.6268362851024,0.05047183874346084,True,0.09891403612451533,16.879546202430927,0.6600000000000001,-0.03000000000000025,,,,,,,,,100.0,100.0,100,,,,50.0,96.15384615384616,EASY
1948-11,-0.0926,FF_market_TR,326.59126527983256,343.4479955363766,-0.04908088116868525,True,0.01657110447485488,18.056942155304164,0.69,0.06999999999999984,,,,,,,,,0.0,50.0,100,,,,50.0,42.30769230769231,UNCERTAIN
1948-12,0.033,FF_market_TR,337.36877703406697,346.71912235270037,-0.02696806929824236,True,0.018740736246143808,19.405933113354802,0.7399999999999998,0.1599999999999997,,,,,,,,,0.0,50.0,100,,,,50.0,42.30769230769231,UNCERTAIN
1949-01,0.0033,FF_market_TR,338.4820939982794,347.61557559305953,-0.026274661540115596,True,0.06313977603053478,18.371212262667928,0.75,0.18999999999999995,,,,,,,,,0.0,100.0,100,,,,50.0,50.0,UNCERTAIN
1949-02,-0.0284,FF_market_TR,328.8692025287283,346.32163918171534,-0.05039372270881903,False,0.07947184281666586,18.624951006646985,0.7400000000000002,0.14000000000000012,,,,,,,,,0.0,100.0,100,,,,50.0,50.0,UNCERTAIN
1949-03,0.0414,FF_market_TR,342.4843875134177,343.86667404702087,-0.004019832795469358,False,0.03935094037470077,19.44141250012458,0.77,0.1599999999999997,,,,,,,,,50.0,50.0,100,,,,50.0,65.38461538461539,UNCERTAIN
1949-04,-0.0178,FF_market_TR,336.3881654156788,340.8057570429411,-0.012962197779733065,False,-0.015858002857388587,16.892465776197405,0.75,0.08999999999999986,,,,,,,,,50.0,0.0,100,,,,50.0,57.69230769230769,UNCERTAIN
1949-05,-0.0283999999999999,FF_market_TR,326.8347415178736,338.6281542997177,-0.03482702968461926,False,-0.10952471184227852,10.668317580574751,0.7400000000000002,0.050000000000000266,,,,,,,,,0.0,0.0,100,,,,100.0,38.46153846153846,HARD
1949-06,0.002,FF_market_TR,327.48841100090937,336.3973908433549,-0.026483498638650405,False,-0.10765452671863496,9.203140768237787,0.7600000000000002,0.020000000000000462,,,,,,,,,0.0,0.0,100,,,,100.0,38.46153846153846,HARD
1949-07,0.0562999999999999,FF_market_TR,345.9260085402605,337.03528955443136,0.02637919310343695,True,-0.007701312320132825,12.692619902919963,0.79,0.040000000000000036,,,,,,,,,100.0,0.0,100,,,,100.0,84.61538461538461,EASY
1949-08,0.0269,FF_market_TR,355.23141816999345,336.5664470999041,0.055457016678043924,False,0.01553869082963466,11.652261583057596,0.7799999999999998,0.03999999999999959,,,,,,,,,50.0,50.0,100,,,,100.0,69.23076923076923,UNCERTAIN
1949-09,0.0317999999999999,FF_market_TR,366.5277772677992,340.5600982987007,0.07624991623746413,True,0.07946102935821253,11.167631799087927,0.77,0.0,,,,,,,,,100.0,100.0,100,,,,100.0,100.0,EASY
1949-10,0.0323,FF_market_TR,378.3666244735491,344.65988304264897,0.09779711271685532,True,0.051252472270266525,10.184994845359508,0.75,0.0,,,,,,,,,100.0,100.0,100,,,,100.0,100.0,EASY
1949-11,0.019,FF_market_TR,385.5555903385465,349.36723267667566,0.10358257523069314,True,0.18054470932709,6.181291127264592,0.75,0.009999999999999787,,,,,,,,,100.0,100.0,100,,,,100.0,100.0,EASY
1949-12,0.0521999999999999,FF_market_TR,405.6815921542185,357.04847163922466,0.13620873460602456,True,0.2024870698489487,5.083215517760377,0.73,-0.03000000000000025,,,,,,,,,100.0,100.0,100,,,,100.0,100.0,EASY
1950-01,0.0179,FF_market_TR,412.943292653779,364.09436215326076,0.1341655778782862,True,0.2199856358011012,4.322189260085681,0.6700000000000004,-0.11999999999999966,,,,,,,,,100.0,100.0,100,,,,100.0,100.0,EASY
1950-02,0.0157,FF_market_TR,419.42650234844336,372.3981958465373,0.12628500091146,True,0.2753596235932261,4.781803007234823,0.6600000000000001,-0.11999999999999966,,,,,,,,,100.0,100.0,100,,,,100.0,100.0,EASY
1950-03,0.0136,FF_market_TR,425.1307027803822,382.22779197278817,0.11224435195086069,True,0.24131411030736882,5.128528053935168,0.6600000000000001,-0.10999999999999988,,,,,,,,,100.0,100.0,100,,,,100.0,100.0,EASY
1950-04,0.0403,FF_market_TR,442.26347010243165,393.70529788294033,0.12333634441954855,True,0.3147414670665405,5.508193896369301,0.6299999999999999,-0.1200000000000001,,,,,,,,,100.0,100.0,100,,,,100.0,100.0,EASY
1950-05,0.0440999999999999,FF_market_TR,461.7672891339488,405.28942594230915,0.13935192871199886,True,0.4128464036271864,5.827919011105074,0.6400000000000001,-0.10999999999999988,,,,,,,,,100.0,100.0,100,,,,100.0,100.0,EASY
1950-06,-0.0584,FF_market_TR,434.8000794485262,413.24629207016244,0.05215724325169324,True,0.3276808120312962,12.810882873557158,0.6599999999999997,-0.07000000000000028,,,,,,,,,100.0,100.0,100,,,,100.0,100.0,EASY
1950-07,0.0146,FF_market_TR,441.1481606084747,420.70833040423,0.048584324880387886,True,0.27526739741262274,12.784116707852764,0.6699999999999999,-4.440892098500626e-16,,,,,,,,,100.0,100.0,100,,,,100.0,100.0,EASY
1950-08,0.0494999999999999,FF_market_TR,462.9849945585941,429.1701674127345,0.07879118753690029,True,0.3033334634185876,13.887158096601334,0.6200000000000001,-0.040000000000000036,,,,,,,,,100.0,100.0,100,,,,100.0,100.0,EASY
1950-09,0.0490999999999999,FF_market_TR,485.71755779142103,439.18636415802195,0.10594863008236954,True,0.3251862148405118,14.552723456453084,0.5699999999999998,-0.0900000000000003,,,,,,,,,100.0,100.0,100,,,,100.0,100.0,EASY
1950-10,-0.0006,FF_market_TR,485.4261272567462,447.1608176682747,0.08557393241207123,True,0.2829517612240702,14.548788265694151,0.5500000000000003,-0.07999999999999963,,,,,,,,,100.0,100.0,100,,,,100.0,100.0,EASY
1950-11,0.0286999999999999,FF_market_TR,499.3578571090148,455.80227411379826,0.09555806425033797,True,0.29516435404435826,13.99722401049579,0.5500000000000003,-0.08999999999999986,,,,,,,,,100.0,100.0,100,,,,100.0,100.0,EASY
1950-12,0.0565,FF_market_TR,527.5715760356741,466.6167814825214,0.13063138097924565,True,0.3004572705263875,7.853223541960329,0.5300000000000002,-0.12999999999999945,,,,,,,,,100.0,100.0,100,,,,100.0,100.0,EASY
1951-01,0.0583,FF_market_TR,558.3289989185539,479.9366110963386,0.16333904521920184,True,0.35207184340119446,7.832049540190611,0.5099999999999998,-0.16000000000000014,,,,,,,,,100.0,100.0,100,,,,100.0,100.0,EASY
1951-02,0.0151,FF_market_TR,566.7597668022241,492.3862407663179,0.1510471249565304,True,0.3512731399395024,8.350724519465363,0.5,-0.1200000000000001,,,,,,,,,100.0,100.0,100,,,,100.0,100.0,EASY
1951-03,-0.0204,FF_market_TR,555.1978675594587,501.7292986088688,0.10656856017545868,True,0.30594629822882435,10.8484837650245,0.4500000000000002,-0.11999999999999966,,,,,,,,,100.0,100.0,100,,,,100.0,100.0,EASY
1951-04,0.0499,FF_market_TR,582.9022411506758,516.5395147790838,0.1284756044268449,True,0.3179977107665508,10.566446895716652,0.48,-0.07000000000000028,,,,,,,,,100.0,100.0,100,,,,100.0,100.0,EASY
1951-05,-0.0221999999999999,FF_market_TR,569.9618113971308,529.4208798579493,0.07657599668161774,True,0.23430529794802557,13.036122122778687,0.5099999999999998,-0.04000000000000048,,,,,,,,,100.0,100.0,100,,,,100.0,100.0,EASY
1951-06,-0.025,FF_market_TR,555.7127661122025,538.6936570133101,0.03159329774412378,True,0.278088004990787,13.084795756908099,0.5500000000000003,0.020000000000000018,,,,,,,,,100.0,100.0,100,,,,100.0,100.0,EASY
1951-07,0.0707,FF_market_TR,595.0016586763352,549.6220671018016,0.08256508297387621,True,0.34875697510707204,14.26400364554076,0.5899999999999999,0.08000000000000007,,,,,,,,,100.0,100.0,100,,,,100.0,100.0,EASY
1951-08,0.044,FF_market_TR,621.181731658094,563.1976275419364,0.10295516401450033,True,0.3416886917692079,15.012261655060504,0.6200000000000001,0.1200000000000001,,,,,,,,,100.0,100.0,100,,,,50.0,96.15384615384616,EASY
1951-09,0.0081999999999999,FF_market_TR,626.2754218576904,575.889384016804,0.08749256235537084,True,0.28938188832496015,13.839381489069517,0.6200000000000001,0.16999999999999993,,,,,,,,,100.0,100.0,100,,,,100.0,100.0,EASY
1951-10,-0.0236999999999999,FF_market_TR,611.4326943596632,584.2754958492029,0.04648012573416116,True,0.2595792851427443,14.054687474291272,0.6099999999999999,0.1299999999999999,,,,,,,,,100.0,100.0,100,,,,100.0,100.0,EASY
1951-11,0.0068,FF_market_TR,615.5904366813088,590.0016396254783,0.04337072193913527,True,0.23276409476204418,13.091517864632813,0.6000000000000001,0.0900000000000003,,,,,,,,,100.0,100.0,100,,,,100.0,100.0,EASY
1951-12,0.0345,FF_market_TR,636.828306746814,597.0084936199373,0.0666989055472742,True,0.20709366401451468,11.499427811852204,0.6000000000000001,0.04999999999999982,,,,,,,,,100.0,100.0,100,,,,100.0,100.0,EASY
1952-01,0.016,FF_market_TR,647.017559654763,606.1904628294677,0.06735027904386648,True,0.15884641655366805,8.242057995428087,0.6099999999999999,0.020000000000000018,,,,,,,,,100.0,100.0,100,,,,100.0,100.0,EASY
1952-02,-0.025,FF_market_TR,630.842120663394,610.9844507807395,0.03250110515460669,True,0.11306793039092344,8.048920424504159,0.5999999999999996,-0.020000000000000462,,,,,,,,,100.0,100.0,100,,,,100.0,100.0,EASY
1952-03,0.0455,FF_market_TR,659.5454371535784,619.9428133563844,0.06388109184262425,True,0.18794663252726673,10.113312019313954,0.5499999999999998,-0.07000000000000028,,,,,,,,,100.0,100.0,100,,,,100.0,100.0,EASY
1952-04,-0.0484999999999999,FF_market_TR,627.55748345163,627.1272850903272,0.0006859825294331934,True,0.07660845875768585,12.390552852879487,0.5699999999999998,-0.040000000000000036,,,,,,,,,50.0,100.0,100,,,,100.0,76.92307692307692,EASY
1952-05,0.0333,FF_market_TR,648.4551476505692,632.4726339877504,0.02526988964257426,True,0.13771683415250235,13.038742270633314,0.56,-0.040000000000000036,,,,,,,,,100.0,100.0,100,,,,100.0,100.0,EASY
1952-06,0.0398,FF_market_TR,674.2636625270619,637.7808270746473,0.057202778609311444,True,0.2133312452838687,13.30343865322045,0.56,-0.040000000000000036,,,,,,,,,100.0,100.0,100,,,,100.0,100.0,EASY
1952-07,0.0106,FF_market_TR,681.4108573498488,643.2943706238632,0.05925201348959486,True,0.1452251391462387,13.268647255843376,0.5499999999999998,-0.06000000000000005,,,,,,,,,100.0,100.0,100,,,,100.0,100.0,EASY
1952-08,-0.0060999999999999,FF_market_TR,677.2542511200147,649.8765262998983,0.042127579181837405,True,0.09026749597456574,12.332856927735756,0.5699999999999998,-0.029999999999999805,,,,,,,,,100.0,100.0,100,,,,100.0,100.0,EASY
1952-09,-0.0186999999999999,FF_market_TR,664.5895966240705,654.7764422941744,0.014987030222885167,True,0.061177835548344994,11.516680077175018,0.5699999999999998,0.020000000000000018,,,,,,,,,50.0,100.0,100,,,,100.0,76.92307692307692,EASY
1952-10,-0.0052,FF_market_TR,661.1337307216254,657.2069846916555,0.005974900026073593,True,0.08128619359161471,8.107204203669726,0.5300000000000002,-0.03999999999999959,,,,,,,,,50.0,100.0,100,,,,100.0,76.92307692307692,EASY
1952-11,0.0604,FF_market_TR,701.0662080572116,662.6118495319005,0.05803451681776761,True,0.13885168820475613,10.587230043783876,0.5499999999999998,-0.010000000000000231,,,,,,,,,100.0,100.0,100,,,,100.0,100.0,EASY
1952-12,0.0309,FF_market_TR,722.7291538861793,671.800552854179,0.07580910854512934,True,0.13488855038210046,10.12047627337765,0.5399999999999996,-0.020000000000000462,,,,,,,,,100.0,100.0,100,,,,100.0,100.0,EASY
1953-01,-0.0018,FF_market_TR,721.4282414091842,677.9888332797395,0.06407097874947087,True,0.1150056604246188,10.311285079950027,0.4899999999999997,-0.06000000000000011,,,,,,,,,100.0,100.0,100,,,,100.0,100.0,EASY
1953-02,-0.0013,FF_market_TR,720.4903846953523,687.2821234041118,0.04831823811560798,True,0.1421088749395556,10.153480191540243,0.4599999999999999,-0.10999999999999993,,,,,,,,,100.0,100.0,100,,,,100.0,100.0,EASY
1953-03,-0.0125,FF_market_TR,711.4842548866604,693.5850341277209,0.02580681513904115,True,0.0787494155933155,9.752310495467228,0.4499999999999997,-0.12000000000000016,,,,,,,,,100.0,100.0,100,,,,100.0,100.0,EASY
1953-04,-0.0266999999999999,FF_market_TR,692.4876252811866,695.4074304031334,-0.004198697043334865,True,0.10346485149445472,11.038340454977828,0.4199999999999999,-0.11000000000000038,,,,,,,,,50.0,100.0,100,,,,100.0,76.92307692307692,EASY
1953-05,0.0069,FF_market_TR,697.2657898956268,696.9929236577111,0.000391490686137308,True,0.07527219488025416,6.704831094069428,0.4399999999999999,-0.10999999999999993,,,,,,,,,50.0,100.0,100,,,,100.0,76.92307692307692,EASY
1953-06,-0.0171,FF_market_TR,685.3425448884116,697.8017530345509,-0.01785493958987283,True,0.016431083235046717,4.255955826838478,0.4599999999999999,-0.07999999999999968,,,,,,,,,50.0,50.0,100,,,,100.0,69.23076923076923,UNCERTAIN
1953-07,0.0255,FF_market_TR,702.8187797830661,701.6246713504504,0.0017019191048646132,True,0.03141705507375869,6.490473018201394,0.5800000000000001,0.09000000000000036,,,,,,,,,50.0,50.0,100,,,,100.0,69.23076923076923,UNCERTAIN
1953-08,-0.0435,FF_market_TR,672.2461628625027,702.7359145645381,-0.04338721142625657,True,-0.007394694458144557,8.477546814969553,0.6099999999999999,0.14999999999999997,,,,,,,,,0.0,0.0,100,,,,100.0,38.46153846153846,HARD
1953-09,0.0036,FF_market_TR,674.6662490488078,700.0959186636977,-0.03632312221363698,False,0.01516221812066254,8.722047924656248,0.5899999999999999,0.14000000000000018,,,,,,,,,0.0,50.0,100,,,,100.0,46.15384615384615,UNCERTAIN
1953-10,0.0472999999999999,FF_market_TR,706.5779626288164,698.4807995379615,0.01159253496475654,False,0.06873682251484703,11.005694889465184,0.6599999999999997,0.23999999999999982,,,,,,,,,50.0,100.0,50,,,,100.0,61.53846153846154,UNCERTAIN
1953-11,0.0291,FF_market_TR,727.1393813413148,699.0519135311746,0.04017937332902766,True,0.03719074316298454,11.588927474102167,0.6400000000000001,0.20000000000000023,,,,,,,,,100.0,50.0,50,,,,100.0,76.92307692307692,EASY
1953-12,0.0016,FF_market_TR,728.302804351461,699.8331554967854,0.04068062313290377,True,0.00771194912411044,10.919296680647525,0.6100000000000003,0.1500000000000004,,,,,,,,,100.0,50.0,100,,,,100.0,92.3076923076923,EASY
1954-01,0.0524,FF_market_TR,766.4658712994775,705.3313171380671,0.08667494647688168,True,0.06242842642578017,12.366976995207843,0.6499999999999999,0.06999999999999984,,,,,,,,,100.0,100.0,100,,,,100.0,100.0,EASY
1954-02,0.0174,FF_market_TR,779.8023774600886,714.0627923559574,0.09206415151142644,True,0.08232169925462007,7.474457839870389,0.6599999999999997,0.04999999999999982,,,,,,,,,100.0,100.0,100,,,,100.0,100.0,EASY
1954-03,0.0373,FF_market_TR,808.8890061393499,725.2251139803296,0.11536265160460157,True,0.1369035935562708,6.602063313843627,0.6499999999999999,0.06000000000000005,,,,,,,,,100.0,100.0,100,,,,100.0,100.0,EASY
1954-04,0.0435999999999999,FF_market_TR,844.1565668070255,741.106516172191,0.13904890644746604,True,0.2190204358731367,6.398399799949979,0.6200000000000001,-0.03999999999999959,,,,,,,,,100.0,100.0,100,,,,100.0,100.0,EASY
1954-05,0.0314,FF_market_TR,870.6630830047661,757.8909464943611,0.14879731316495426,True,0.2486817733236204,6.39688986930367,0.5900000000000003,-0.04999999999999982,,,,,,,,,100.0,100.0,100,,,,100.0,100.0,EASY
1954-06,0.0113,FF_market_TR,880.5015758427201,778.7164877923827,0.130708787660182,True,0.28476129551549234,5.412193640290405,0.5900000000000003,-0.020000000000000018,,,,,,,,,100.0,100.0,100,,,,100.0,100.0,EASY
1954-07,0.0504,FF_market_TR,924.8788552651932,803.7377484140213,0.15072218157006323,True,0.31595637719110004,5.237923252587795,0.6099999999999999,-0.040000000000000036,,,,,,,,,100.0,100.0,100,,,,100.0,100.0,EASY
1954-08,-0.0229,FF_market_TR,903.6991294796202,823.4498650991015,0.09745494872460836,True,0.3442979363862244,9.379042595062675,0.6200000000000001,-0.03999999999999959,,,,,,,,,100.0,100.0,100,,,,100.0,100.0,EASY
1954-09,0.0648,FF_market_TR,962.2588330698995,846.9618102719602,0.13613013172449584,True,0.4262738567796449,10.912627547937294,0.5800000000000001,-0.06999999999999984,,,,,,,,,100.0,100.0,100,,,,100.0,100.0,EASY
1954-10,-0.016,FF_market_TR,946.8626917407812,868.8177990108921,0.0898288373220939,True,0.3400682469886094,12.270054604605479,0.5899999999999999,-0.03000000000000025,,,,,,,,,100.0,100.0,100,,,,100.0,100.0,EASY
1954-11,0.0944,FF_market_TR,1036.246529841111,895.7958648650554,0.15678869537672324,True,0.4251002716007526,16.276112557978944,0.56,-0.03000000000000025,,,,,,,,,100.0,100.0,100,,,,50.0,96.15384615384616,EASY
1954-12,0.0556,FF_market_TR,1093.8618369002768,927.2018108090745,0.17974514733289304,True,0.5019327542948826,16.23850855220392,0.5500000000000003,-0.040000000000000036,,,,,,,,,100.0,100.0,100,,,,50.0,96.15384615384616,EASY
1955-01,0.0068,FF_market_TR,1101.3000973911985,956.4429199342592,0.1514540747156099,True,0.43685471020912936,16.588088497473116,0.52,-0.08999999999999986,,,,,,,,,100.0,100.0,100,,,,50.0,96.15384615384616,EASY
1955-02,0.0311,FF_market_TR,1135.5505304200647,985.5823162955633,0.1521620382640143,True,0.45620296018933826,13.971452322503906,0.54,-0.08000000000000007,,,,,,,,,100.0,100.0,100,,,,100.0,100.0,EASY
1955-03,-0.0006,FF_market_TR,1134.8692001018128,1012.0029280052677,0.12140900850823,True,0.4029974341205289,14.183298629021385,0.4599999999999999,-0.12000000000000016,,,,,,,,,100.0,100.0,100,,,,100.0,100.0,EASY
1955-04,0.0321,FF_market_TR,1171.298501425081,1041.0826205635037,0.1250773745421816,True,0.3875370369449964,12.0241889539378,0.4800000000000004,-0.10999999999999943,,,,,,,,,100.0,100.0,100,,,,100.0,100.0,EASY
1955-05,0.0107,FF_market_TR,1183.8313953903294,1066.9778745760175,0.10951822300977487,True,0.3596894349818769,7.234895990959374,0.4599999999999999,-0.10000000000000014,,,,,,,,,100.0,100.0,100,,,,100.0,100.0,EASY
1955-06,0.0664999999999999,FF_market_TR,1262.5561831837863,1102.8635799464341,0.1447981474237352,True,0.4339056485792263,8.483914190985185,0.4599999999999999,-0.09000000000000036,,,,,,,,,100.0,100.0,100,,,,100.0,100.0,EASY
1955-07,0.02,FF_market_TR,1287.807306847462,1135.4184273241904,0.13421385090816473,True,0.3924064752006957,8.018049638160129,0.4599999999999999,-0.06000000000000011,,,,,,,,,100.0,100.0,100,,,,100.0,100.0,EASY
1955-08,0.0037,FF_market_TR,1292.5721938827976,1169.989377538392,0.10477258913436849,True,0.43031253623880694,8.569116640587863,0.4500000000000002,-0.08999999999999986,,,,,,,,,100.0,100.0,100,,,,100.0,100.0,EASY
1955-09,-0.002,FF_market_TR,1289.9870494950321,1195.3634295037841,0.07915887139907563,True,0.3405821855431346,8.659801383403654,0.4599999999999999,0.0,,,,,,,,,100.0,100.0,100,,,,100.0,100.0,EASY
1955-10,-0.025,FF_market_TR,1257.7373732576564,1211.750983139522,0.03795036336507707,True,0.3283207631143863,10.585909502730502,0.4899999999999997,0.009999999999999287,,,,,,,,,100.0,100.0,100,,,,100.0,100.0,EASY
1955-11,0.072,FF_market_TR,1348.2944641322076,1236.450419813623,0.09045574535487111,True,0.3011329112377761,13.50771631327812,0.48,0.020000000000000073,,,,,,,,,100.0,100.0,100,,,,100.0,100.0,EASY
1955-12,0.0167,FF_market_TR,1370.8109816832155,1259.976464939938,0.08796554525211775,True,0.25318475829428455,11.267709616421616,0.4700000000000002,0.010000000000000286,,,,,,,,,100.0,100.0,100,,,,100.0,100.0,EASY
1956-01,-0.0280999999999999,FF_market_TR,1332.2911930979171,1279.7186642395486,0.04108131757975797,True,0.20974400733632836,12.645924244593596,0.4900000000000002,0.030000000000000304,,,,,,,,,100.0,100.0,100,,,,100.0,100.0,EASY
1956-02,0.0395999999999999,FF_market_TR,1385.0499243445945,1301.0938065315,0.06452733645463082,True,0.21971668124027444,13.466955112422403,0.5,0.04999999999999982,,,,,,,,,100.0,100.0,100,,,,100.0,100.0,EASY
1956-03,0.0679,FF_market_TR,1479.0948142075927,1330.6201484132262,0.11158305844941818,True,0.30331743435710323,15.212995760204487,0.5,0.04000000000000009,,,,,,,,,100.0,100.0,100,,,,50.0,96.15384615384616,EASY
1956-04,0.0047,FF_market_TR,1486.0465598343683,1352.9691860782843,0.09835950081156097,True,0.26871720404862076,13.395390251873948,0.4399999999999999,-0.04999999999999982,,,,,,,,,100.0,100.0,100,,,,100.0,100.0,EASY
1956-05,-0.0496999999999999,FF_market_TR,1412.1900458106004,1365.4074599745982,0.034262729044173046,True,0.19289795093242756,14.943130863376645,0.4500000000000002,-0.029999999999999805,,,,,,,,,100.0,100.0,100,,,,100.0,100.0,EASY
1956-06,0.0368,FF_market_TR,1464.1586394964304,1382.5661045359616,0.05901528664183053,True,0.15967800799506882,15.468440128209421,0.5,0.029999999999999805,,,,,,,,,100.0,100.0,100,,,,50.0,96.15384615384616,EASY
1956-07,0.0506,FF_market_TR,1538.2450666549496,1407.3919062519533,0.09297563800226283,True,0.19446834823492054,14.566000137306037,0.52,0.029999999999999805,,,,,,,,,100.0,100.0,100,,,,100.0,100.0,EASY
1956-08,-0.0301,FF_market_TR,1491.9438901486358,1430.8125579410512,0.04272490611597157,True,0.15424414760690408,16.13780158509826,0.5,0.0,,,,,,,,,100.0,100.0,100,,,,50.0,96.15384615384616,EASY
1956-09,-0.0496,FF_market_TR,1417.9434731972633,1437.7774588475568,-0.013794892615851206,True,0.09919202192946042,15.13227147522804,0.5100000000000002,0.010000000000000231,,,,,,,,,50.0,100.0,100,,,,50.0,73.07692307692308,EASY
1956-10,0.0077,FF_market_TR,1428.8616379408825,1443.5825244733235,-0.01019746795411769,True,0.13605723128032565,15.190050691159666,0.5800000000000001,0.14000000000000018,,,,,,,,,50.0,100.0,100,,,,50.0,73.07692307692308,EASY
1956-11,0.0056,FF_market_TR,1436.8632631133514,1454.0397314748668,-0.011812929172226205,True,0.06568950725326062,13.234427830473077,0.5500000000000003,0.10000000000000009,,,,,,,,,50.0,100.0,100,,,,100.0,76.92307692307692,EASY
1956-12,0.034,FF_market_TR,1485.7166140592053,1464.1064004463278,0.014760002146216866,True,0.08382310465218001,13.070247128497622,0.6200000000000001,0.1200000000000001,,,,,,,,,50.0,100.0,100,,,,100.0,76.92307692307692,EASY
1957-01,-0.0331,FF_market_TR,1436.5393941338455,1459.8508584389533,-0.0159683875721629,False,0.07824730927893064,10.947206036245072,0.7200000000000002,0.20000000000000018,,,,,,,,,50.0,100.0,50,,,,100.0,61.53846153846154,UNCERTAIN
1957-02,-0.0182,FF_market_TR,1410.3943771606096,1452.2856401715776,-0.028845057647212458,False,0.018298584311325916,10.569578988777202,0.7999999999999998,0.2999999999999998,,,,,,,,,0.0,50.0,50,,,,100.0,30.76923076923077,HARD
1957-03,0.0236,FF_market_TR,1443.6796844616,1455.4346040366775,-0.008076570079119327,True,-0.023943786027649572,8.717476699137219,0.7699999999999996,0.25999999999999934,,,,,,,,,50.0,0.0,50,,,,100.0,46.15384615384615,UNCERTAIN
1957-04,0.0451,FF_market_TR,1508.7896382308181,1459.897703910116,0.033489972749291,True,0.01530441845576136,10.57961814055688,0.7700000000000005,0.1900000000000004,,,,,,,,,100.0,50.0,100,,,,100.0,92.3076923076923,EASY
1957-05,0.0371,FF_market_TR,1564.7657338091813,1462.5497706255392,0.06988887847551606,True,0.1080418945390611,11.219470575744657,0.7799999999999994,0.2299999999999991,,,,,,,,,100.0,100.0,50,,,,100.0,84.61538461538461,EASY
1957-06,-0.005,FF_market_TR,1556.9419051401355,1469.0495721246891,0.05982938539529847,True,0.0633696808124673,10.96633575995192,0.7199999999999998,0.09999999999999964,,,,,,,,,100.0,100.0,100,,,,100.0,100.0,EASY
1957-07,0.0096,FF_market_TR,1571.8885474294807,1484.4440795479109,0.05890721589741599,True,0.02187133994695123,8.483829324072952,0.7400000000000002,0.020000000000000018,,,,,,,,,100.0,50.0,100,,,,100.0,92.3076923076923,EASY
1957-08,-0.0486,FF_market_TR,1495.4947640244081,1491.1073921562636,0.0029423580697296448,True,0.002380031782172942,11.8084308864472,0.7200000000000006,-0.07999999999999918,,,,,,,,,50.0,50.0,100,,,,100.0,69.23076923076923,UNCERTAIN
1957-09,-0.0572,FF_market_TR,1409.952463522212,1488.4163121971496,-0.05271633213903171,False,-0.005635633455142397,14.779347752861097,0.8099999999999996,0.040000000000000036,,,,,,,,,0.0,0.0,100,,,,100.0,38.46153846153846,HARD
1957-10,-0.0403,FF_market_TR,1353.1313792422668,1475.1577887154558,-0.0827209200308312,False,-0.05300041423727331,12.901069723088881,0.8900000000000006,0.1200000000000001,,,,,,,,,0.0,0.0,100,,,,100.0,38.46153846153846,HARD
1957-11,0.0258,FF_market_TR,1388.0421688267172,1470.308066184743,-0.05595146979741128,False,-0.03397755064100538,11.808073509256314,1.0099999999999998,0.23000000000000043,,,,,,,,,0.0,0.0,50,,,,100.0,23.076923076923077,HARD
1957-12,-0.0366999999999999,FF_market_TR,1337.1010212307767,1462.9787305917596,-0.08604206385834923,False,-0.10002956918034867,11.738606390879657,1.2200000000000002,0.5000000000000004,,,,,,,,,0.0,0.0,0,,,,100.0,7.6923076923076925,HARD
1958-01,0.0494,FF_market_TR,1403.153811679577,1458.9261433135575,-0.038228344792909597,False,-0.023240283274234885,15.321477735518874,1.23,0.48999999999999977,2.807017543859658,,,,,,,,0.0,0.0,0,,,100.0,50.0,16.666666666666668,HARD
1958-02,-0.0139999999999999,FF_market_TR,1383.509658316063,1446.3981453220817,-0.04347937475543073,False,-0.019061844885308266,14.413871096967688,1.0700000000000005,0.34999999999999987,2.7972027972027917,,,,,,,,0.0,0.0,50,,,100.0,100.0,33.333333333333336,HARD
1958-03,0.0336,FF_market_TR,1429.995582835483,1432.921130224712,-0.002041666723673896,False,-0.009478627269885131,13.2807831094405,1.0499999999999998,0.2400000000000002,2.7874564459930307,,,,,,,,50.0,0.0,50,,,100.0,100.0,53.333333333333336,UNCERTAIN
1958-04,0.0317,FF_market_TR,1475.3264428113678,1424.7595839918354,0.035491502838574496,False,-0.022178834326227692,11.424955142143872,1.0699999999999998,0.17999999999999927,2.430555555555558,,,,,,,,50.0,0.0,50,,,100.0,100.0,53.333333333333336,UNCERTAIN
1958-05,0.0242,FF_market_TR,1511.0293427274028,1418.6736635216273,0.06510001671315835,False,-0.03434149273640186,11.390733075618956,1.0500000000000005,0.0400000000000007,2.430555555555558,,,,,,,,50.0,0.0,50,,,100.0,100.0,53.333333333333336,UNCERTAIN
1958-06,0.0296,FF_market_TR,1555.755811272134,1424.6997682464,0.09198853396813922,True,-0.0007618099712556337,7.354402762971289,0.98,-0.2400000000000002,2.422145328719738,,,,,,,,100.0,0.0,50,,,100.0,100.0,73.33333333333333,EASY
1958-07,0.0446,FF_market_TR,1625.142520454871,1446.2187739396659,0.12371831270575773,True,0.0338789751426567,7.0070735689016255,0.8600000000000003,-0.36999999999999966,2.0689655172413834,-0.7380520266182744,,,,,,,100.0,50.0,100,,,100.0,100.0,93.33333333333333,EASY
1958-08,0.0195,FF_market_TR,1656.832799603741,1476.5889159758135,0.12206774795462438,True,0.1078827151124011,2.9853776980475764,0.8199999999999998,-0.25000000000000067,2.0689655172413834,-0.7282372799614083,,,,,,,100.0,100.0,100,,,100.0,100.0,100.0,EASY
1958-09,0.0485,FF_market_TR,1737.1891903845224,1511.5036181315938,0.14931196296566185,True,0.23209060966838413,3.9428365423892227,0.7800000000000002,-0.2699999999999996,2.061855670103085,-0.7256007758899456,,,,,,,100.0,100.0,100,,,100.0,100.0,100.0,EASY
1958-10,0.0271,FF_market_TR,1784.2670174439427,1556.2202177529102,0.14653890052933405,True,0.3186206785353727,4.0323541511131955,0.8099999999999996,-0.26000000000000023,1.7123287671232834,-0.7182267884322746,,,,,,,100.0,100.0,100,,,100.0,100.0,100.0,EASY
1958-11,0.0311999999999999,FF_market_TR,1839.9361483881937,1599.8984514237723,0.15003308288148443,True,0.3255621404812601,3.8124899999868602,0.7800000000000002,-0.27000000000000024,1.7064846416382284,-0.7240709139173296,,,,,,,100.0,100.0,100,,,100.0,100.0,100.0,EASY
1958-12,0.0537,FF_market_TR,1938.7407195566398,1655.4215575478297,0.17114623203801327,True,0.4499582969221465,4.662205486676853,0.7699999999999996,-0.2100000000000004,2.0477815699658564,-0.3743637587538817,,,,,,,100.0,100.0,100,,,100.0,100.0,100.0,EASY
1959-01,0.0092,FF_market_TR,1956.5771341765608,1708.0797126819375,0.14548350387257147,True,0.39441386816640955,5.884025832710105,0.75,-0.11000000000000032,2.0477815699658564,-0.021183947275527082,,,,,,,100.0,100.0,100,,,100.0,100.0,100.0,EASY
1959-02,0.0113999999999999,FF_market_TR,1978.882113506173,1758.435279751418,0.12536533831709673,True,0.43033487450659846,6.372795305044714,0.75,-0.06999999999999984,1.7006802721088343,-0.3682852451325491,,,,,,,100.0,100.0,100,,,100.0,100.0,100.0,EASY
1959-03,0.005,FF_market_TR,1988.776524073704,1806.2099978860483,0.10107713189569756,True,0.39075710998367974,6.34131847489148,0.7199999999999998,-0.0600000000000005,1.6949152542372836,-0.3669404158658014,,,,,,,100.0,100.0,100,,,100.0,100.0,100.0,EASY
1959-04,0.0386,FF_market_TR,2065.543297902949,1857.1887465491297,0.11218814013436473,True,0.4000584805942131,6.719919642376686,0.6299999999999999,-0.17999999999999972,1.6949152542372836,-0.017413512885999793,,,,,,,100.0,100.0,100,,,100.0,100.0,100.0,EASY
1959-05,0.0195,FF_market_TR,2105.8213922120567,1905.2566337248481,0.10526915636299194,True,0.3936336857701628,6.657999699609489,0.5899999999999999,-0.1900000000000004,2.033898305084758,0.32741366344652967,,,,,,,100.0,100.0,100,,,100.0,100.0,100.0,EASY
1959-06,0.0,FF_market_TR,2105.8213922120567,1950.1554929856798,0.07982230124022216,True,0.3535680708723412,4.7552791716155,0.5800000000000001,-0.1899999999999995,2.027027027027017,-0.020754542938839382,,,,,,,100.0,100.0,100,,,100.0,100.0,100.0,EASY
1959-07,0.0342,FF_market_TR,2177.840483825709,1994.2206223297985,0.09207600174217023,True,0.34009199587993044,5.423345830757995,0.6100000000000003,-0.13999999999999968,2.027027027027017,-0.020754542938839382,,,,,,,100.0,100.0,100,,,100.0,100.0,100.0,EASY
1959-08,-0.012,FF_market_TR,2151.7063980198004,2030.964560387384,0.0594504896773711,True,0.29868650508030536,6.9215634072079535,0.6600000000000001,-0.08999999999999986,2.027027027027017,0.32634675491818266,,,,,,,100.0,100.0,100,,,100.0,100.0,100.0,EASY
1959-09,-0.0449,FF_market_TR,2055.0947807487114,2052.4804236234363,0.0012737549626220535,True,0.18299998188097266,10.944587703518135,0.6600000000000001,-0.05999999999999961,2.020202020202033,0.3252867659647496,,,,,,,50.0,100.0,100,,,100.0,100.0,80.0,EASY
1959-10,0.0158,FF_market_TR,2087.565278284541,2067.362879496226,0.00977206226767402,True,0.16998479368580677,9.715653349106296,0.71,0.08000000000000007,2.3569023569023573,0.6619871026650737,,,,,,,50.0,100.0,100,,,100.0,100.0,80.0,EASY
1959-11,0.0186,FF_market_TR,2126.3939924606334,2084.3445653246335,0.020173932772699077,True,0.15568901362331533,9.677729072463249,0.7000000000000002,0.11000000000000032,2.0134228187919323,-0.020475486292825806,,,,,,,100.0,100.0,100,,,100.0,100.0,100.0,EASY
1959-12,0.0279,FF_market_TR,2185.7203848502854,2105.028392459045,0.03833297103274602,True,0.12739179757369823,10.325463669976292,0.7000000000000002,0.1200000000000001,2.006688963210701,-0.020338063816315977,,,,,,,100.0,100.0,100,,,100.0,100.0,100.0,EASY
1960-01,-0.0665,FF_market_TR,2040.3699792577413,2110.1877379774483,-0.03308604133328208,True,0.04282624161221493,13.267163977278662,0.7299999999999995,0.11999999999999922,2.006688963210701,-0.020338063816315977,,,,,,,0.0,50.0,100,,,100.0,100.0,53.333333333333336,UNCERTAIN
1960-02,0.0146,FF_market_TR,2070.159380954904,2110.649346282644,-0.019183653314584048,True,0.046125672078063396,13.705813365138184,0.7800000000000002,0.1200000000000001,2.34113712374584,0.31411009671882306,,,,,,,50.0,50.0,100,,,100.0,100.0,73.33333333333333,EASY
1960-03,-0.0127999999999999,FF_market_TR,2043.6613408786816,2104.433341149306,-0.02887808279897086,False,0.02759727709001436,12.171080477919793,0.7599999999999998,0.09999999999999964,2.0000000000000018,-0.020202020202031434,,,,,,,0.0,50.0,100,,,100.0,100.0,53.333333333333336,UNCERTAIN
1960-04,-0.0152,FF_market_TR,2012.5976884973256,2095.1109707778332,-0.039383728800710505,False,-0.025632776354471143,11.968692493334451,0.75,0.040000000000000036,2.0000000000000018,-0.3569023569023555,,,,,,,0.0,0.0,100,,,100.0,100.0,46.666666666666664,UNCERTAIN
1960-05,0.0339,FF_market_TR,2080.824750137385,2085.409397409001,-0.0021984399213470507,False,-0.011870257452563093,12.871651020751004,0.8200000000000003,0.1200000000000001,1.661129568106312,-0.35229325068562023,,,,,,,50.0,0.0,100,,,100.0,100.0,66.66666666666667,UNCERTAIN
1960-06,0.0232,FF_market_TR,2129.0998843405723,2083.148746041078,0.022058500808846304,False,0.011054352574537463,12.615324014863843,0.8099999999999996,0.10999999999999943,1.655629139072845,-0.35105982413785597,,,,,,,50.0,50.0,100,,,100.0,100.0,73.33333333333333,EASY
1960-07,-0.0224,FF_market_TR,2081.4080469313435,2085.7800726593414,-0.0020961106040405797,True,-0.04427892566537617,8.082031922728355,0.8099999999999996,0.08000000000000007,1.324503311258285,-0.6821856519524161,,,,,,,50.0,0.0,100,,,100.0,100.0,66.66666666666667,UNCERTAIN
1960-08,0.0317999999999999,FF_market_TR,2147.59682282376,2091.7832271132634,0.026682303876927715,True,-0.0019099144752381392,8.964313693752578,0.7999999999999998,0.019999999999999574,1.324503311258285,-1.0166338124875551,,,,,,,100.0,0.0,100,,,100.0,100.0,86.66666666666667,EASY
1960-09,-0.0583,FF_market_TR,2022.3919280531345,2081.3830206725133,-0.028342257063439624,False,-0.015913062989563187,12.795824318894041,0.7599999999999998,0.0,0.990099009900991,-1.0099009900990108,,,,,,,0.0,0.0,100,,,100.0,100.0,46.666666666666664,UNCERTAIN
1960-10,-0.0049,FF_market_TR,2012.4822076056741,2064.059202948052,-0.024988137582832803,False,-0.03596681333029561,12.606222273147502,0.8100000000000005,0.0600000000000005,1.3157894736842255,-0.6842105263157763,,,,,,,0.0,0.0,100,,,100.0,100.0,46.666666666666664,UNCERTAIN
1960-11,0.0482,FF_market_TR,2109.483850012268,2070.970590023505,0.018596719902393977,True,-0.007952497283345572,13.634444616485123,0.7700000000000005,-0.04999999999999982,1.3157894736842255,-0.3453400944220866,,,,,,,50.0,0.0,100,,,100.0,100.0,66.66666666666667,UNCERTAIN
1960-12,0.0487,FF_market_TR,2212.215713507865,2085.176223278801,0.06092506178173407,True,0.012122011965128188,14.95692080610177,0.75,-0.05999999999999961,0.6557377049180246,-0.9998914341548204,,,,,,,100.0,50.0,100,,,100.0,100.0,93.33333333333333,EASY
1961-01,0.0639,FF_market_TR,2353.576297601018,2116.1677189510347,0.11218797854437756,True,0.15350466901949655,15.815096585225138,0.7799999999999994,-0.03000000000000025,0.9836065573770592,-0.34089675388122576,,,,,,,100.0,100.0,100,,,100.0,50.0,96.66666666666667,EASY
1961-02,0.0371,FF_market_TR,2440.8939782420157,2158.997347925503,0.13056830782463713,True,0.17908505050277945,15.914849669412522,0.8000000000000007,8.881784197001252e-16,0.6535947712418277,-0.6709085400164572,,,,,,,100.0,100.0,100,,,100.0,50.0,96.66666666666667,EASY
1961-03,0.0309,FF_market_TR,2516.3176021696936,2202.5466331287344,0.14245826368508951,True,0.23127915170514068,8.165539786199046,0.7999999999999998,0.040000000000000036,0.9803921568627416,-0.009706853038249363,,,,,,,100.0,100.0,100,,,100.0,100.0,100.0,EASY
1961-04,0.0046,FF_market_TR,2527.8926631396744,2242.4259110086446,0.1273026460894875,True,0.256034764219115,7.016426440860014,0.7599999999999998,-0.05000000000000071,0.9803921568627416,-0.3353973168214839,,,,,,,100.0,100.0,100,,,100.0,100.0,100.0,EASY
1961-05,0.0258,FF_market_TR,2593.112293848678,2293.596335700378,0.13058791274046877,True,0.2461944686487747,7.018979982874976,0.7400000000000002,-0.03000000000000025,0.9803921568627416,-0.3353973168214839,,,,,,,100.0,100.0,100,,,100.0,100.0,100.0,EASY
1961-06,-0.0288,FF_market_TR,2518.430659785836,2330.679719396586,0.0805563024497673,True,0.18286167704426304,10.910869809506474,0.7000000000000002,-0.04999999999999982,0.9771986970684045,0.3214609921503798,,,,,,,100.0,100.0,100,,,100.0,100.0,100.0,EASY
1961-07,0.0301,FF_market_TR,2594.23542264539,2387.864068855811,0.0864250844431298,True,0.24638483380042508,8.621074179010408,0.6799999999999997,-0.09999999999999964,1.3071895424836557,0.32358298510659655,,,,,,,100.0,100.0,100,,,100.0,100.0,100.0,EASY
1961-08,0.0271,FF_market_TR,2664.5392025990795,2453.0697683551516,0.08620604149621225,True,0.24070736847879104,8.154196465624313,0.6600000000000001,-0.14000000000000057,1.6339869281045694,0.9803921568627416,,,,,,,100.0,100.0,100,,,100.0,100.0,100.0,EASY
1961-09,-0.0197999999999999,FF_market_TR,2611.781326387618,2503.299515992687,0.04333552964872145,True,0.29143183878401935,8.892963510551478,0.6699999999999999,-0.1299999999999999,1.6339869281045694,0.6535947712418277,,,,,,,100.0,100.0,100,,,100.0,100.0,100.0,EASY
1961-10,0.0276,FF_market_TR,2683.866490995916,2550.464593741492,0.05230493988498219,True,0.33361004676360007,9.35773476862857,0.71,-0.04999999999999982,0.9740259740259828,-0.006366182836758827,,,,,,,100.0,100.0,100,,,100.0,100.0,100.0,EASY
1961-11,0.046,FF_market_TR,2807.3243495817287,2595.8393989395627,0.08147073764600399,True,0.33081101785415545,10.522570028277306,0.7200000000000006,-0.019999999999999574,1.298701298701288,0.3183091418385464,,,,,,,100.0,100.0,100,,,100.0,100.0,100.0,EASY
1961-12,0.0001,FF_market_TR,2807.605082016687,2632.5105093170305,0.06651239266850362,True,0.26913712115566035,8.274822052467337,0.6799999999999997,-0.020000000000000462,1.6286644951140072,0.6514657980456028,,,,,,,100.0,100.0,100,,,100.0,100.0,100.0,EASY
1962-01,-0.0363,FF_market_TR,2705.689017539481,2651.4476508540088,0.020457264795705754,True,0.14960752294173307,10.942279470019033,0.6600000000000001,-0.019999999999999574,1.298701298701288,-0.008488243782367677,,,,,,,100.0,100.0,100,,,100.0,100.0,100.0,EASY
1962-02,0.0201,FF_market_TR,2760.073366792025,2674.665721219244,0.031932082164588316,True,0.13076331516041062,10.682278783106161,0.6500000000000004,-0.009999999999999787,1.298701298701288,-0.3352856294032813,,,,,,,100.0,100.0,100,,,100.0,100.0,100.0,EASY
1962-03,-0.0048,FF_market_TR,2746.825014631423,2690.036993297518,0.021110498285115575,True,0.0916050550466978,9.991550430238547,0.6500000000000004,-0.019999999999999574,1.2944983818770297,-0.33948854622753966,,,,,,,100.0,100.0,100,,,100.0,100.0,100.0,EASY
1962-04,-0.0637,FF_market_TR,2571.8522611994013,2695.379153438875,-0.04582913393905019,True,0.017389819868826484,13.56770872328856,0.6899999999999995,-0.020000000000000462,1.2944983818770297,0.3204724078510469,,,,,,,0.0,50.0,100,,,100.0,100.0,53.333333333333336,UNCERTAIN
1962-05,-0.0841,FF_market_TR,2355.559486032532,2671.511559777589,-0.11826715575633184,False,-0.09160914796465369,13.970226912974637,0.7199999999999998,-8.881784197001252e-16,1.6181229773462702,0.31942167864498217,,,,,,,0.0,0.0,100,,,100.0,100.0,46.666666666666664,UNCERTAIN
1962-06,-0.0827,FF_market_TR,2160.7547165376413,2621.1331111714453,-0.17564098239484305,False,-0.14202334372732373,14.83710618685467,0.7399999999999993,0.05999999999999961,1.2903225806451646,-0.33834191446884265,,,,,,,0.0,0.0,100,,,100.0,100.0,46.666666666666664,UNCERTAIN
1962-07,0.0655,FF_market_TR,2302.284150470857,2590.1833935797695,-0.11115013856645128,False,-0.11253846494657171,21.32720797479128,0.71,0.04999999999999982,1.2903225806451646,-0.008378718056123446,,,,,,,0.0,0.0,100,,,100.0,50.0,43.333333333333336,UNCERTAIN
1962-08,0.0236,FF_market_TR,2356.6180564219694,2557.4585501223746,-0.078531280083032,False,-0.11556262556645958,21.509607155873415,0.71,0.05999999999999961,1.2861736334405016,-0.012527665260786414,,,,,,,0.0,0.0,100,,,100.0,50.0,43.333333333333336,UNCERTAIN
1962-09,-0.0501,FF_market_TR,2238.5514917952287,2500.581264343725,-0.10478754531389545,False,-0.14290240565760048,21.474618506506722,0.71,0.05999999999999961,1.2861736334405016,-0.008324748436528084,,,,,,,0.0,0.0,100,,,100.0,50.0,43.333333333333336,UNCERTAIN
1962-10,0.002,FF_market_TR,2243.028594778819,2444.1236156199375,-0.08227694358663284,False,-0.16425477858010484,21.148454317041722,0.71,0.020000000000000462,1.2861736334405016,-0.008324748436528084,,,,,,,0.0,0.0,100,,,100.0,50.0,43.333333333333336,UNCERTAIN
1962-11,0.1106999999999999,FF_market_TR,2491.3318602208337,2422.687899888073,0.02833380244146677,False,-0.11256002157640799,24.81684911506696,0.71,-0.009999999999999787,0.961538461538458,-0.6565845158078122,,,,,,,50.0,0.0,100,,,100.0,50.0,63.333333333333336,UNCERTAIN
1962-12,0.0124,FF_market_TR,2522.224375287572,2398.9030007376277,0.05140740351403328,False,-0.10164560128382716,19.150771263842074,0.6799999999999997,-0.05999999999999961,1.2820512820512997,-0.008271298593864884,,,,,,,50.0,0.0,100,,,100.0,50.0,63.333333333333336,UNCERTAIN
1963-01,0.0518,FF_market_TR,2652.8755979274683,2389.5080590672324,0.11021830952227218,False,-0.019519397561823526,18.585435157671167,0.7000000000000002,-0.009999999999999787,0.961538461538458,-0.3287841191067066,,,,,,,50.0,0.0,100,,,100.0,50.0,63.333333333333336,UNCERTAIN
1963-02,-0.0215,FF_market_TR,2595.8387725720277,2391.9067102044946,0.08525920408915022,True,-0.05950370602317856,19.73001875315884,0.6999999999999993,-0.010000000000000675,1.2820512820512997,-0.004122351389201917,,,,,,,100.0,0.0,100,,,100.0,50.0,83.33333333333333,EASY
1963-03,0.0331,FF_market_TR,2681.7610359441614,2424.5268651956576,0.10609664691331244,True,-0.023686976178201147,16.04840802073525,0.6899999999999995,-0.020000000000000462,1.2779552715654896,-0.008218361875012015,,,,,,,100.0,0.0,100,,,100.0,50.0,83.33333333333333,EASY
1963-04,0.0475999999999999,FF_market_TR,2809.4128612551035,2489.392679667404,0.12855351596456677,True,0.09236945824598575,15.321599133249741,0.6600000000000001,-0.04999999999999982,1.2779552715654896,-0.008218361875012015,,,,,,,100.0,100.0,100,,,100.0,50.0,96.66666666666667,EASY
1963-05,0.02,FF_market_TR,2865.601118480206,2545.724376468339,0.12565254313023044,True,0.21652674681832695,9.338128292115066,0.6299999999999999,-0.08000000000000007,0.9554140127388644,-0.006124448799593618,,,,,,,100.0,100.0,100,,,100.0,100.0,100.0,EASY
1963-06,-0.0177,FF_market_TR,2814.879978683106,2591.5505686944525,0.08617598000457316,True,0.3027299938947372,11.042465304450811,0.6099999999999994,-0.07000000000000028,1.273885350318471,-0.008165931732828646,,,,,,,100.0,100.0,100,,,100.0,100.0,100.0,EASY
1963-07,-0.0012,FF_market_TR,2811.5021227086863,2648.8456317857986,0.061406557245553106,True,0.22117946307091807,9.714733140956579,0.5800000000000001,-0.1200000000000001,1.273885350318471,0.31234688878001304,,,,,,,100.0,100.0,100,,,100.0,100.0,100.0,EASY
1963-08,0.0532,FF_market_TR,2961.0740356367883,2720.6501758715954,0.08837000136857731,True,0.2564929762664039,9.635982565364047,0.54,-0.15999999999999925,1.269841269841265,-0.012210012210034593,,,,,,,100.0,100.0,100,,,100.0,100.0,100.0,EASY
1963-09,-0.013,FF_market_TR,2922.58007317351,2763.7749971668627,0.05745948066301998,True,0.30556749928933624,10.578311774569702,0.5300000000000002,-0.15999999999999925,1.269841269841265,-0.008114001724224496,,,,,,,100.0,100.0,100,,,100.0,100.0,100.0,EASY
1963-10,0.0282,FF_market_TR,3004.996831237003,2812.052242761806,0.06861344378356904,True,0.3397050925841274,9.428681774246082,0.5099999999999998,-0.15000000000000036,1.5873015873015817,0.30934631573609206,,,,,,,100.0,100.0,100,,,100.0,100.0,100.0,EASY
1963-11,-0.0058,FF_market_TR,2987.5678496158284,2845.521467930642,0.04991927957179931,True,0.19918502120026993,9.580690998043947,0.5099999999999998,-0.1200000000000001,1.5873015873015817,0.6318875745627173,,,,,,,100.0,100.0,100,,,100.0,100.0,100.0,EASY
1963-12,0.0212,FF_market_TR,3050.9042880276843,2891.0280194762076,0.05530083675233377,True,0.20960859704634127,8.68360293887279,0.5,-0.10999999999999943,1.5822784810126669,0.3083931306941958,,,,,,,100.0,100.0,100,,,100.0,100.0,100.0,EASY
1964-01,0.0254,FF_market_TR,3128.3972569435873,2935.6916415761507,0.06564232177463114,True,0.17924762826708318,8.393254434365733,0.4400000000000004,-0.13999999999999968,2.2222222222222365,0.9483368719037655,,,,,,,100.0,100.0,100,,,100.0,100.0,100.0,EASY
1964-02,0.018,FF_market_TR,3184.708407568572,2973.221196207497,0.07113066852571825,True,0.22685139047101766,6.007621825647834,0.4699999999999997,-0.07000000000000034,1.8987341772152,0.6288929073739349,,,,,,,100.0,100.0,100,,,100.0,100.0,100.0,EASY
1964-03,0.0172,FF_market_TR,3239.485392178752,3010.6096235773516,0.07602306416912308,True,0.20796944573334586,4.19632219925974,0.4500000000000002,-0.08000000000000007,1.5772870662460692,0.3074457964048041,,,,,,,100.0,100.0,100,,,100.0,100.0,100.0,EASY
1964-04,0.0039,FF_market_TR,3252.1193852082497,3054.333564229866,0.06475580247511514,True,0.15757973135901682,4.096696229890641,0.4499999999999993,-0.0600000000000005,1.5772870662460692,-0.010014521055512482,,,,,,,100.0,100.0,100,,,100.0,100.0,100.0,EASY
1964-05,0.0168,FF_market_TR,3306.754990879748,3103.858851046972,0.06536899697108867,True,0.15394810867240016,2.5020711420741226,0.4399999999999995,-0.07000000000000028,1.5772870662460692,-0.010014521055512482,,,,,,,100.0,100.0,100,,,100.0,100.0,100.0,EASY
1964-06,0.0157,FF_market_TR,3358.67104423656,3143.6185519069495,0.06840921975064629,True,0.19318445890110647,2.403863556860107,0.4399999999999995,-0.0600000000000005,1.5723270440251458,-0.0099514369875211,,,,,,,100.0,100.0,100,,,100.0,100.0,100.0,EASY
1964-07,0.0204,FF_market_TR,3427.1879335389854,3194.079337943497,0.07298146693675256,True,0.21898820771194316,2.015579321187868,0.4299999999999997,-0.010000000000000675,1.5723270440251458,-0.6498951781970908,,,,,,,100.0,100.0,100,,,100.0,100.0,100.0,EASY
1964-08,-0.0116,FF_market_TR,3387.4325535099333,3232.3229101707902,0.04798705069072051,True,0.14398779386867155,4.218644332010019,0.4100000000000001,-0.05999999999999961,1.2539184952978122,-0.6448156819173878,,,,,,,100.0,100.0,100,,,100.0,100.0,100.0,EASY
1964-09,0.0296999999999999,FF_market_TR,3488.0393003491777,3282.370055244125,0.06265876231001499,True,0.19347946438355712,5.000195996158563,0.4000000000000003,-0.04999999999999988,1.2539184952978122,-0.323368570948257,,,,,,,100.0,100.0,100,,,100.0,100.0,100.0,EASY
1964-10,0.0087999999999999,FF_market_TR,3518.7340461922504,3329.153031060582,0.05694571963586559,True,0.17096098392349002,4.84389925576494,0.3899999999999997,-0.05999999999999961,1.2499999999999956,-0.3272870662460736,,,,,,,100.0,100.0,100,,,100.0,100.0,100.0,EASY
1964-11,0.0029,FF_market_TR,3528.938374926207,3369.2071428588433,0.04740914562226295,True,0.1812077758769539,4.999235941621496,0.3799999999999999,-0.05999999999999961,1.5625,-0.01478706624606918,,,,,,,100.0,100.0,100,,,100.0,100.0,100.0,EASY
1964-12,0.0034,FF_market_TR,3540.9367654009566,3404.829978642082,0.039974620645568004,True,0.16061876450737933,5.023289758713923,0.3699999999999992,-0.07000000000000028,1.2461059190031154,-0.3262211250220304,,,,,,,100.0,100.0,100,,,100.0,100.0,100.0,EASY
1965-01,0.0382,FF_market_TR,3676.200549839273,3448.501494408134,0.06602840561338352,True,0.1751066913512398,6.431746263651898,0.3700000000000001,-0.05999999999999961,1.2422360248447228,-0.33009101918042294,,,,,,,100.0,100.0,100,,,100.0,100.0,100.0,EASY
1965-02,0.0074,FF_market_TR,3703.4044339080842,3493.629999278118,0.06004483436234276,True,0.16287080635288698,5.211080502160767,0.3700000000000001,-0.03999999999999998,1.2422360248447228,-0.011682470453089344,,,,,,,100.0,100.0,100,,,100.0,100.0,100.0,EASY
1965-03,-0.0098,FF_market_TR,3667.1110704557846,3529.665607235721,0.03894008059525644,True,0.13200420020706694,5.533132928097814,0.3600000000000003,-0.03999999999999998,1.2422360248447228,-0.011682470453089344,,,,,,,100.0,100.0,100,,,100.0,100.0,100.0,EASY
1965-04,0.0342,FF_market_TR,3792.5262690653726,3573.051129718602,0.061425132576833574,True,0.16617067820913278,6.626072743337503,0.3700000000000001,-0.019999999999999574,1.552795031055898,0.30279503105590244,,,,,,,100.0,100.0,100,,,100.0,100.0,100.0,EASY
1965-05,-0.0046,FF_market_TR,3775.0806482276716,3607.8404011874713,0.04635466884431905,True,0.14162696015870457,6.9687760761844135,0.3699999999999992,-0.010000000000000675,1.552795031055898,-0.009704968944102,,,,,,,100.0,100.0,100,,,100.0,100.0,100.0,EASY
1965-06,-0.0516,FF_market_TR,3580.2864867791236,3627.1257945143902,-0.012913615459961614,True,0.06598307474108034,11.417523374182355,0.3899999999999997,0.020000000000000462,1.2383900928792713,-0.007715826123844138,,,,,,,50.0,100.0,100,,,100.0,100.0,80.0,EASY
1965-07,0.0174,FF_market_TR,3642.5834716490804,3642.58021164438,8.949712870798265e-07,True,0.06284905942921926,10.157267349046224,0.3999999999999994,0.029999999999999305,1.2383900928792713,-0.0038459319654515767,,,,,,,50.0,100.0,100,,,100.0,100.0,80.0,EASY
1965-08,0.0306,FF_market_TR,3754.0465258815425,3666.1114596133098,0.023985922751379674,True,0.10822768175612452,11.111917926262793,0.3899999999999997,0.019999999999999574,1.2383900928792713,-0.0038459319654515767,,,,,,,100.0,100.0,100,,,100.0,100.0,100.0,EASY
1965-09,0.0317,FF_market_TR,3873.0498007519877,3700.522602195888,0.04662238745784775,True,0.1103802071164357,11.533417533411347,0.3900000000000005,0.030000000000000193,1.5479876160990669,0.30575159125434404,,,,,,,100.0,100.0,100,,,100.0,100.0,100.0,EASY
1965-10,0.0291,FF_market_TR,3985.7555499538703,3745.0044806511787,0.06428592289983848,True,0.13272429732704594,11.292560382836138,0.3700000000000001,0.0,1.2345679012345734,-0.3182271298213246,,,,,,,100.0,100.0,100,,,100.0,100.0,100.0,EASY
1965-11,0.0031999999999999,FF_market_TR,3998.5099677137223,3777.235422438624,0.05858108392201866,True,0.1330631319957052,11.123589348766895,0.3500000000000005,-0.01999999999999874,1.2307692307692353,-0.3220258002866627,,,,,,,100.0,100.0,100,,,100.0,100.0,100.0,EASY
1965-12,0.0134,FF_market_TR,4052.090001281086,3812.103979175924,0.06295369261072481,True,0.14435536970744223,3.979226055403252,0.3399999999999998,-0.04999999999999988,1.538461538461533,0.30007144558226173,,,,,,,100.0,100.0,100,,,100.0,100.0,100.0,EASY
1966-01,0.011,FF_market_TR,4096.6629912951785,3855.059171259863,0.06267188369935117,True,0.11437418491063767,4.21053915787517,0.3199999999999994,-0.08000000000000002,1.2269938650306678,-0.011396227848603502,,,,,,,100.0,100.0,100,,,100.0,100.0,100.0,EASY
1966-02,-0.0086,FF_market_TR,4061.431689570039,3881.94971331033,0.04623500805389247,True,0.09667517065754017,5.310638379705424,0.3399999999999998,-0.04999999999999988,1.5337423312883347,0.29535223840906344,,,,,,,100.0,100.0,100,,,100.0,100.0,100.0,EASY
1966-03,-0.0213,FF_market_TR,3974.9231945821975,3901.933967945783,0.018705910257840852,True,0.08393858768181661,6.129704723720419,0.4000000000000003,0.009999999999999787,1.5337423312883347,-0.014245284810732173,,,,,,,50.0,100.0,100,,,100.0,100.0,80.0,EASY
1966-04,0.0248,FF_market_TR,4073.5012898078357,3951.2554482486544,0.030938480986686168,True,0.07408650614612777,5.732256100350056,0.4500000000000002,0.08000000000000007,1.83486238532109,0.6002944840865165,,,,,,,100.0,100.0,100,,,100.0,100.0,100.0,EASY
1966-05,-0.0525,FF_market_TR,3859.642472092925,3972.9613482930386,-0.028522521682422197,True,0.02240000459459157,9.817282719775397,0.5,0.14999999999999952,2.140672782874597,0.9099035521053618,,,,,,,0.0,50.0,100,,,100.0,100.0,53.333333333333336,UNCERTAIN
1966-06,-0.0106,FF_market_TR,3818.73026188874,3979.429721893758,-0.040382534995125674,True,0.0665990769146867,9.278353302176022,0.5099999999999998,0.16999999999999998,2.4464831804281277,0.9080216419665947,,,,,,,0.0,100.0,100,,,100.0,100.0,60.0,UNCERTAIN
1966-07,-0.0127999999999999,FF_market_TR,3769.8505145365643,3969.109793272216,-0.05020251117099439,False,0.03493867577175025,8.599962790617226,0.5199999999999996,0.20000000000000018,2.752293577981657,1.5252997129509893,,,,,,,0.0,50.0,50,,,100.0,100.0,40.0,HARD
1966-08,-0.075,FF_market_TR,3487.1117259463217,3919.2454108714614,-0.110259409560437,False,-0.07110588483517477,12.104597473687473,0.5200000000000005,0.18000000000000066,3.0581039755351647,1.52436164424683,,,,,,,0.0,0.0,100,,,100.0,100.0,46.666666666666664,UNCERTAIN
1966-09,-0.0066,FF_market_TR,3464.096788555076,3865.8040929555964,-0.10391300095432299,False,-0.10558940195334177,12.37529959233315,0.5999999999999996,0.19999999999999934,3.0487804878048808,1.515038156516546,,,,,,,0.0,0.0,100,,,100.0,100.0,46.666666666666664,UNCERTAIN
1966-10,0.0431,FF_market_TR,3613.399360141799,3821.935028841668,-0.054562850264639584,False,-0.09342173275437837,14.179472486661867,0.6899999999999995,0.23999999999999932,3.658536585365857,1.823674200044767,,,,,,,0.0,0.0,50,,,100.0,100.0,33.333333333333336,HARD
1966-11,0.018,FF_market_TR,3678.4405486243513,3780.1127845745855,-0.02689661439868296,False,-0.080047172990388,13.686637278747494,0.7800000000000002,0.28000000000000025,3.3434650455927084,1.2027922627181113,,,,,,,0.0,0.0,50,,,100.0,100.0,33.333333333333336,HARD
1966-12,0.0053,FF_market_TR,3697.9362835320608,3743.7632439707872,-0.01224088102059584,False,-0.08740025952954111,13.779492008053145,0.79,0.28000000000000025,3.333333333333344,0.8868501529052164,,,,,,,50.0,0.0,50,,,100.0,100.0,53.333333333333336,UNCERTAIN
1967-01,0.0858,FF_market_TR,4015.219216659112,3747.792846178478,0.07135569692794563,True,-0.019880516119857194,18.59624048026913,0.7699999999999996,0.25,3.6363636363636376,0.8840700583819805,,,,,,,100.0,0.0,50,,,100.0,50.0,70.0,EASY
1967-02,0.0114,FF_market_TR,4060.9927157290267,3746.5419887705975,0.08393092294198845,False,-0.00010808352191160608,11.631020591504422,0.79,0.2699999999999996,3.32326283987916,0.2651588643439955,,,,,,,50.0,0.0,50,,,100.0,100.0,53.333333333333336,UNCERTAIN
1967-03,0.0438,FF_market_TR,4238.864196677958,3784.4641612291016,0.12006984769576423,True,0.06640153511783842,10.335120705632797,0.7199999999999998,0.1200000000000001,3.625377643504524,0.5765971556996434,,,,,,,100.0,100.0,100,,,100.0,100.0,100.0,EASY
1967-04,0.0421,FF_market_TR,4417.320379358101,3844.3231729760373,0.14905021784068273,True,0.0844038248890513,10.316255134495254,0.7199999999999998,0.03000000000000025,3.3033033033033066,-0.35523328206255034,,,,,,,100.0,100.0,100,,,100.0,100.0,100.0,EASY
1967-05,-0.04,FF_market_TR,4240.627564183776,3891.400877940758,0.08974317917814223,True,0.0987099439509116,14.810898689816224,0.7199999999999998,-0.0600000000000005,3.293413173652704,-0.05005187194000449,,,,,,,100.0,100.0,100,,,100.0,100.0,100.0,EASY
1967-06,0.0268,FF_market_TR,4354.276382903901,3978.1173436365157,0.09455704967303147,True,0.14024193495936532,14.441347582549207,0.71,-0.08000000000000007,3.2835820895522394,-0.04975124378110474,,,,,,,100.0,100.0,100,,,100.0,100.0,100.0,EASY
1967-07,0.0489,FF_market_TR,4567.200498027902,4088.4277145837987,0.11710437773823812,True,0.21150705589432572,11.574551395194545,0.6799999999999997,-0.08999999999999986,3.2738095238095344,-0.3625541125541032,,,,,,,100.0,100.0,100,,,100.0,100.0,100.0,EASY
1967-08,-0.0058,FF_market_TR,4540.710735139339,4181.158852083552,0.08599335633388216,True,0.3021408810487982,12.197376767157769,0.71,-0.08000000000000007,3.5608308605341144,0.2375680206549542,,,,,,,100.0,100.0,100,,,100.0,100.0,100.0,EASY
1967-09,0.0343,FF_market_TR,4696.457113354619,4282.96050855658,0.09654457564386765,True,0.3557522783055891,11.807158845378515,0.75,0.03000000000000025,3.550295857988184,-0.07508178551634037,,,,,,,100.0,100.0,100,,,100.0,100.0,100.0,EASY
1967-10,-0.0269999999999999,FF_market_TR,4569.652771294044,4370.132157332779,0.04565551035487192,True,0.26464094218324075,12.41090488240081,0.6999999999999993,-0.020000000000000462,3.235294117647069,-0.06800918565623748,,,,,,,100.0,100.0,100,,,100.0,100.0,100.0,EASY
1967-11,0.0073,FF_market_TR,4603.011236524491,4428.911359319316,0.0393098581299971,True,0.2513485472113739,9.68936943252759,0.6499999999999995,-0.07000000000000028,3.529411764705892,0.2359985910531881,,,,,,,100.0,100.0,100,,,100.0,100.0,100.0,EASY
1967-12,0.0338,FF_market_TR,4758.593016319019,4498.671389378314,0.05777742014106613,True,0.2868239611132182,9.956740430482256,0.7399999999999993,0.02999999999999936,3.812316715542519,0.5287346259902796,,,,,,,100.0,100.0,100,,,100.0,100.0,100.0,EASY
1968-01,-0.0365999999999999,FF_market_TR,4584.428511921744,4533.227820902694,0.011294532955737235,True,0.14176294357752295,10.355775200341125,0.6699999999999999,-0.009999999999999787,3.801169590643272,0.5273600668337375,,,,,,,50.0,100.0,100,,,100.0,100.0,80.0,EASY
1968-02,-0.0336,FF_market_TR,4430.3917139211735,4534.534954359,-0.02296668599670071,True,0.09096273351128947,11.47923342388334,0.7000000000000002,-0.009999999999999787,4.385964912280693,0.8251340517465788,,,,,,,0.0,100.0,100,,,50.0,100.0,53.333333333333336,UNCERTAIN
1968-03,0.0058,FF_market_TR,4456.0879858619155,4556.0809965268145,-0.021947153867792446,True,0.05124575336813053,9.80433577556382,0.7399999999999993,-0.010000000000000675,4.37317784256559,0.822881984577406,,,,,,,0.0,100.0,100,,,50.0,100.0,53.333333333333336,UNCERTAIN
1968-04,0.0948,FF_market_TR,4878.525126921625,4608.505870928588,0.058591496583822344,True,0.10440826291855787,16.851982672670893,0.7599999999999998,0.0600000000000005,4.3604651162790775,1.1251709986320084,,,,,,,100.0,100.0,100,,,50.0,50.0,90.0,EASY
1968-05,0.0273,FF_market_TR,5011.708862886587,4652.956707414456,0.07710197580400036,True,0.18183188385024485,16.95751514815776,0.7600000000000007,0.11000000000000121,4.347826086956519,0.8184143222506268,,,,,,,100.0,100.0,100,,,50.0,50.0,90.0,EASY
1968-06,0.0111999999999999,FF_market_TR,5067.840002150915,4705.669634115613,0.07696468222282427,True,0.16387651046880314,16.66281728880204,0.79,0.05000000000000071,4.6242774566473965,0.8119607411048775,,,,,,,100.0,100.0,100,,,50.0,50.0,90.0,EASY
1968-07,-0.0224,FF_market_TR,4954.320386102735,4731.455961390425,0.047102715639947945,True,0.08476087008704569,15.776839987779562,0.7400000000000002,0.07000000000000028,4.899135446685876,1.0979658560426042,,,,,,,100.0,100.0,100,,,50.0,50.0,90.0,EASY
1968-08,0.0176,FF_market_TR,5041.516424898144,4778.642326750834,0.055010205864485906,True,0.11029235707159324,13.591334003695152,0.8000000000000007,0.10000000000000053,4.5845272206303855,0.19856230834969235,,,,,,,100.0,100.0,100,,,50.0,100.0,93.33333333333333,EASY
1968-09,0.0446,FF_market_TR,5266.3680574486,4844.978008843246,0.08697460501084131,True,0.12134912133518894,13.562756357024183,0.8200000000000003,0.08000000000000096,4.857142857142871,0.48396501457728114,,,,,,,100.0,100.0,100,,,50.0,100.0,93.33333333333333,EASY
1968-10,0.0086,FF_market_TR,5311.658822742657,4900.284589485609,0.08394904943678605,True,0.1623769000808546,7.725441087730866,0.75,-0.009999999999999787,5.12820512820511,0.7677400119260325,,,,,,,100.0,100.0,100,,,50.0,100.0,93.33333333333333,EASY
1968-11,0.0584999999999999,FF_market_TR,5622.390863873104,5004.0808246807455,0.12356116155094399,True,0.22145929587569202,9.916928960116632,0.8199999999999994,0.05999999999999872,5.397727272727271,1.0499011857707519,,,,,,,100.0,100.0,100,,,50.0,100.0,93.33333333333333,EASY
1968-12,-0.0351,FF_market_TR,5425.044944551157,5103.546147743744,0.06299517776468933,True,0.14005230662648005,12.6519816629649,0.7800000000000002,-0.009999999999999787,5.084745762711873,0.46046830606447653,,,,,,,100.0,100.0,100,,,50.0,100.0,93.33333333333333,EASY
1969-01,-0.0072,FF_market_TR,5385.9846209503885,5196.535811252592,0.03645675053129893,True,0.17484319080212707,11.816070412789527,0.7300000000000004,-0.009999999999999787,5.070422535211261,0.17128708852538477,,,,,,,100.0,100.0,100,,,50.0,100.0,93.33333333333333,EASY
1969-02,-0.0538,FF_market_TR,5096.218648343258,5218.305163394754,-0.02339581745964303,True,0.1502862449678939,15.197183949666474,0.6399999999999997,-0.16000000000000103,5.32212885154062,0.7376016309102349,,,,,,,0.0,100.0,100,,,50.0,50.0,50.0,UNCERTAIN
1969-03,0.031,FF_market_TR,5254.201426441899,5242.554419750286,0.0022216281909701596,True,0.17910630201023925,14.395693800578016,0.6600000000000001,-0.16000000000000014,5.586592178770955,0.729449321628084,,,,,,,50.0,100.0,100,,,50.0,100.0,73.33333333333333,EASY
1969-04,0.0199,FF_market_TR,5358.760034828093,5271.646423018004,0.01652493449289749,True,0.09843854349675119,14.63808867304746,0.6500000000000004,-0.09999999999999964,6.1281337047353945,0.9999285765302846,,,,,,,50.0,100.0,100,,,0.0,100.0,66.66666666666667,UNCERTAIN
1969-05,0.0038,FF_market_TR,5379.12332296044,5314.126716703774,0.012230910123457228,True,0.07331121382462635,11.240014234866468,0.7299999999999995,-0.08999999999999986,5.833333333333335,0.4356060606060641,,,,,,,50.0,100.0,100,,,50.0,100.0,73.33333333333333,EASY
1969-06,-0.0667,FF_market_TR,5020.335797318979,5312.008653945857,-0.054908204340032185,False,-0.009373659154940706,13.750741070938721,0.7199999999999998,-0.0600000000000005,5.80110497237567,0.7163592096637972,,,,,,,0.0,0.0,100,,,50.0,100.0,40.0,HARD
1969-07,-0.0647,FF_market_TR,4695.520071232441,5254.923855324241,-0.10645326164431801,False,-0.05223729890304418,15.5402664069829,0.7599999999999998,0.02999999999999936,5.769230769230771,0.6988082340195101,,,,,,,0.0,0.0,100,,,50.0,50.0,36.666666666666664,HARD
1969-08,0.0518,FF_market_TR,4938.748010922282,5217.632774142205,-0.0534504391727284,False,-0.02038442510438465,17.380219791475618,0.8900000000000006,0.2500000000000009,6.02739726027397,0.7052684087333496,,,,,,,0.0,0.0,50,,,0.0,50.0,16.666666666666668,HARD
1969-09,-0.0236,FF_market_TR,4822.193557864516,5137.613043541345,-0.06139416943308973,False,-0.08434171230319842,16.418712495198914,0.910000000000001,0.2500000000000009,5.994550408719324,0.4079582299483695,,,,,,,0.0,0.0,50,,,50.0,50.0,23.333333333333332,HARD
1969-10,0.0565999999999999,FF_market_TR,5095.1297132396485,5104.6215204101945,-0.0018594536602947187,False,-0.04076487529204764,18.83902757575349,0.8900000000000006,0.2400000000000002,5.962059620596216,-0.16607408413917835,,,,,,,50.0,0.0,50,,,50.0,50.0,43.333333333333336,UNCERTAIN
1969-11,-0.0327,FF_market_TR,4928.5189716167115,5058.874955476827,-0.025767781375776067,False,-0.12341224739725831,19.03677388634956,0.9000000000000004,0.17000000000000082,5.660377358490565,-0.17295597484277003,,,,,,,0.0,0.0,100,,,50.0,50.0,36.666666666666664,HARD
1969-12,-0.0198999999999999,FF_market_TR,4830.441444081539,5032.297235050655,-0.040112056490455794,False,-0.1096034238512309,16.913266981869604,0.9300000000000006,0.21000000000000085,5.913978494623651,0.11287352224798042,,,,,,,0.0,0.0,50,,,50.0,50.0,23.333333333333332,HARD
1970-01,-0.075,FF_market_TR,4468.158335775424,4953.692925984007,-0.0980146725812916,False,-0.17041011992585453,17.81825131711865,0.9499999999999992,0.1899999999999994,6.166219839142095,0.3969890699113243,0.0,,,,,,0.0,0.0,100,,100.0,0.0,50.0,38.23529411764706,HARD
1970-02,0.0575,FF_market_TR,4725.077440082511,4890.324666509449,-0.03379064534479792,False,-0.07282678273260546,18.282889268384263,0.8499999999999996,-0.040000000000000924,5.8510638297872175,-0.17633343048675254,0.0,,,,,1.0,0.0,0.0,100,100.0,100.0,50.0,50.0,52.5,UNCERTAIN
1970-03,-0.0049,FF_market_TR,4701.924560626107,4822.6047902760165,-0.025023868821521633,False,-0.1051114757489966,18.045072457599066,0.7900000000000009,-0.1200000000000001,6.084656084656093,0.09010567593676821,0.0,,,,,1.0,0.0,0.0,100,100.0,100.0,0.0,50.0,47.5,UNCERTAIN
1970-04,-0.105,FF_market_TR,4208.222481760366,4741.393458720155,-0.11245027049573486,False,-0.21470219707358784,19.62379779757225,0.8699999999999992,-0.02000000000000135,6.036745406824129,0.07468578622791266,0.0,,,,,1.0,0.0,0.0,100,100.0,100.0,0.0,50.0,47.5,UNCERTAIN
1970-05,-0.0639,FF_market_TR,3939.3170651758787,4665.773158114498,-0.1556989738507112,False,-0.26766559741042595,20.21399910952807,0.870000000000001,-0.02999999999999936,6.299212598425186,0.6388352399346209,0.0,,,,,1.0,0.0,0.0,100,100.0,100.0,0.0,50.0,47.5,UNCERTAIN
1970-06,-0.0521,FF_market_TR,3734.078646080215,4545.3062216302915,-0.17847589051087265,False,-0.2562093858195036,20.14186883087073,0.7699999999999996,-0.16000000000000103,6.5274151436031325,0.6134366489794818,0.0,,,,,1.0,0.0,0.0,100,100.0,100.0,0.0,50.0,47.5,UNCERTAIN
1970-07,0.0745,FF_market_TR,4012.267505213191,4464.31361636516,-0.1012576960307785,False,-0.1455115845857552,24.609069060003083,0.9600000000000009,0.010000000000001674,6.233766233766236,0.06754639462414058,0.0,,,,,1.0,0.0,0.0,50,100.0,100.0,0.0,50.0,37.5,HARD
1970-08,0.0502,FF_market_TR,4213.683333974894,4376.168978438684,-0.03712965501660337,False,-0.1468114338581099,24.104777949609932,1.3099999999999987,0.4599999999999991,6.201550387596888,0.35048655780967053,0.0,,,,,1.0,0.0,0.0,0,100.0,100.0,0.0,50.0,27.5,HARD
1970-09,0.0472,FF_market_TR,4412.569187338508,4324.574000010863,0.020347712243431237,False,-0.08494565089739126,25.79253302799089,1.3000000000000007,0.5099999999999998,6.169665809768632,0.08500972511253924,0.0,,,,,1.0,50.0,0.0,0,100.0,100.0,0.0,0.0,40.0,HARD
1970-10,-0.0181999999999999,FF_market_TR,4332.260428128948,4274.755898415604,0.01345212009290564,False,-0.14972519406687368,20.311637058592797,1.3000000000000007,0.4300000000000015,6.13810741687979,0.10136201005566114,0.0,,,,,1.0,50.0,0.0,0,100.0,100.0,0.0,50.0,42.5,UNCERTAIN
1970-11,0.0504999999999999,FF_market_TR,4551.039579749459,4283.044022813008,0.0625712823657687,True,-0.07659083672826505,16.99761983337666,1.33,0.4599999999999991,6.632653061224469,0.33344046279928374,0.0,,,,,1.0,100.0,0.0,0,100.0,100.0,0.0,50.0,57.5,UNCERTAIN
1970-12,0.0613999999999999,FF_market_TR,4830.473409946076,4293.583619799365,0.12504468008283465,True,6.617586592705393e-06,11.163175175549252,1.4799999999999995,0.71,6.598984771573613,0.07156962797048028,0.0,,,,,1.0,100.0,50.0,0,100.0,100.0,0.0,100.0,65.0,UNCERTAIN
1971-01,0.0521999999999999,FF_market_TR,5082.62412194526,4331.653575931279,0.17336809900651562,True,0.13752104110768926,10.10942728348145,1.38,0.41999999999999904,6.313131313131315,0.07936507936507908,0.0,,,,,1.0,100.0,100.0,0,100.0,100.0,0.0,100.0,70.0,EASY
1971-02,0.0174,FF_market_TR,5171.061781667108,4427.937505921955,0.16782627910879366,True,0.09438667349689167,10.417502579793258,1.3100000000000005,1.7763568394002505e-15,6.030150753768848,-0.1713996338280399,0.0,,,,,1.0,100.0,100.0,50,100.0,100.0,0.0,100.0,80.0,EASY
1971-03,0.0443,FF_market_TR,5400.139818594961,4574.019781263863,0.18061138273058153,True,0.1484956317282724,10.34436658283141,1.2500000000000009,-0.04999999999999982,5.2369077306733125,-0.9327580790953194,0.0,,,,,1.0,100.0,100.0,50,100.0,100.0,100.0,100.0,90.0,EASY
1971-04,0.0343,FF_market_TR,5585.364614372768,4759.148378093118,0.17360589976198582,True,0.3272503149682149,5.392116467584814,1.1999999999999993,-0.10000000000000142,4.950495049504955,-1.187612367374835,0.0,,,,,1.0,100.0,100.0,50,100.0,100.0,100.0,100.0,90.0,EASY
1971-05,-0.0369,FF_market_TR,5379.264660102413,4895.848093582039,0.09874010738896977,True,0.36553229179135505,12.322923354464217,1.089999999999999,-0.2400000000000011,5.185185185185182,-1.4474678760392878,0.0,,,,,1.0,100.0,100.0,50,100.0,100.0,100.0,100.0,90.0,EASY
1971-06,0.0027,FF_market_TR,5393.788674684689,5013.8586276530195,0.07577597919020596,True,0.44447645213544873,11.35198308666816,1.1100000000000003,-0.3699999999999992,4.90196078431373,-1.6970239872598825,0.0,,,,,1.0,100.0,100.0,50,100.0,100.0,100.0,100.0,90.0,EASY
1971-07,-0.0409999999999999,FF_market_TR,5172.643339022617,5089.86604282143,0.01626315810765444,True,0.28920699636844605,12.412445367452793,1.12,-0.2599999999999998,4.88997555012225,-1.4231557630090652,0.0,,,,,1.0,50.0,100.0,50,100.0,100.0,100.0,100.0,75.0,EASY
1971-08,0.0426,FF_market_TR,5392.99794526498,5195.939794535033,0.03792541070957145,True,0.27987737041872207,13.550769719835113,1.17,-0.14000000000000057,4.622871046228716,-1.4072797075401322,0.0,,,,,1.0,100.0,100.0,50,100.0,100.0,100.0,100.0,90.0,EASY
1971-09,-0.0048,FF_market_TR,5367.111555127708,5277.546992072858,0.016970869835811975,True,0.21632349029861753,12.062425958322,1.1499999999999997,-0.1000000000000012,4.1162227602905554,-1.120684970382757,0.0,,,,,1.0,50.0,100.0,50,100.0,100.0,100.0,100.0,75.0,EASY
1971-10,-0.0405,FF_market_TR,5149.7435371450365,5309.4740047927535,-0.030084047403477587,True,0.18869666830466847,11.506396481957365,1.0900000000000007,-0.10999999999999854,3.855421686746996,-1.095073362757959,0.0,,,,,1.0,0.0,100.0,50,100.0,100.0,100.0,100.0,60.0,UNCERTAIN
1971-11,-0.0009,FF_market_TR,5145.108767961606,5315.722469394389,-0.03209605136744864,True,0.13053483227338813,10.81615273560801,1.120000000000001,0.030000000000002025,3.349282296650724,-1.8359028885344575,0.0,,,,,1.0,0.0,100.0,50,100.0,100.0,100.0,100.0,60.0,UNCERTAIN
1971-12,0.0908,FF_market_TR,5612.28464409252,5359.84475563693,0.047098358248174765,True,0.16184981632166173,17.69661662578472,1.1300000000000008,0.020000000000000462,3.095238095238084,-1.8067226890756465,0.0,,,,,1.0,100.0,100.0,50,100.0,100.0,100.0,50.0,87.5,EASY
1972-01,0.0278,FF_market_TR,5768.306157198292,5396.661389497263,0.06886568210936983,True,0.1349070910619694,15.716620501876355,1.04,-0.08000000000000007,3.325415676959609,-1.564559873162641,0.0,,,,,1.0,100.0,100.0,50,100.0,100.0,100.0,50.0,87.5,EASY
1972-02,0.0312,FF_market_TR,5948.277309302878,5432.952658990273,0.09485167323515364,True,0.15030095567436863,15.387938133486248,0.9600000000000009,-0.20999999999999908,3.3175355450236976,-1.3053355012050183,0.0,,,,,1.0,100.0,100.0,50,100.0,100.0,100.0,50.0,87.5,EASY
1972-03,0.009,FF_market_TR,6001.811805086603,5495.207373488693,0.09219022998877069,True,0.11141785337109811,15.03264713881092,1.0,-0.1499999999999997,3.3175355450236976,-0.7986872152668578,0.0,,,,,-1.0,100.0,100.0,50,0.0,100.0,100.0,50.0,72.5,EASY
1972-04,0.0058,FF_market_TR,6036.622313556106,5559.490737375834,0.08582289254887487,True,0.08079288109895644,11.634522766319206,0.9400000000000004,-0.15000000000000036,3.301886792452824,-0.553534894294172,0.0,,,,,-1.0,100.0,100.0,100,0.0,100.0,100.0,100.0,85.0,EASY
1972-05,0.0155,FF_market_TR,6130.189959416226,5655.245399415196,0.08398301514027029,True,0.13959627323849078,10.888314837475994,0.9300000000000006,-0.1900000000000004,3.0516431924882514,-0.29763910416247263,0.0,,,,,-1.0,100.0,100.0,100,0.0,100.0,100.0,100.0,85.0,EASY
1972-06,-0.0214,FF_market_TR,5999.003894284719,5715.845994317169,0.04953910589072419,True,0.11220595690753665,6.555721165516451,0.9699999999999988,-0.16000000000000203,2.8037383177570208,-0.29149977748106304,0.0,,,,,-1.0,100.0,100.0,50,0.0,100.0,100.0,100.0,75.0,EASY
1972-07,-0.0049,FF_market_TR,5969.608775202723,5776.09571632467,0.03350239822569723,True,0.1540731467348173,6.204114763606531,1.0200000000000005,-0.019999999999999574,2.797202797202813,-0.5282128797567958,0.0,,,,,-1.0,100.0,100.0,50,0.0,100.0,100.0,100.0,75.0,EASY
1972-08,0.0355,FF_market_TR,6181.529886722421,5879.27435128241,0.051410347158588054,True,0.14621402593890598,6.640003012047548,0.9999999999999992,0.03999999999999837,3.023255813953485,-0.29427973107021277,0.0,,,,,-1.0,100.0,100.0,50,0.0,100.0,100.0,100.0,75.0,EASY
1972-09,-0.0079999999999999,FF_market_TR,6132.077647628642,5977.971239249113,0.025779048143912853,True,0.14252845029280037,6.920812091077211,0.8700000000000001,-0.1299999999999999,3.023255813953485,-0.29427973107021277,0.0,,,,,-1.0,100.0,100.0,100,0.0,100.0,100.0,100.0,85.0,EASY
1972-10,0.0092,FF_market_TR,6188.492761986826,6035.592051038543,0.02533317521385059,True,0.20170892343459523,6.961565915798004,0.8500000000000005,-0.08999999999999986,3.0162412993039345,-0.28564549314888943,0.0,,,,,-1.0,100.0,100.0,100,0.0,100.0,100.0,100.0,85.0,EASY
1972-11,0.0496999999999999,FF_market_TR,6496.060852257569,6108.3675205444715,0.06346922158975477,True,0.2625701700823684,9.498145082067348,0.8700000000000001,-0.0600000000000005,2.777777777777768,-0.27386541471048353,0.0,,,,,-1.0,100.0,100.0,100,0.0,100.0,100.0,100.0,85.0,EASY
1972-12,0.0098999999999999,FF_market_TR,6560.3718546949185,6169.576975083675,0.06334224877807659,True,0.16893070660632903,7.912531832479414,0.8499999999999996,-0.11999999999999911,3.002309468822184,0.19857115106516332,0.0,,,,,-1.0,100.0,100.0,100,0.0,100.0,100.0,100.0,85.0,EASY
1973-01,-0.0285,FF_market_TR,6373.401256836113,6206.735920258627,0.026852332485017616,True,0.10489996251026334,9.826209849173795,0.75,-0.27000000000000046,2.5287356321839205,-0.26846716501889256,0.0,,,,,-1.0,100.0,100.0,100,0.0,100.0,100.0,100.0,85.0,EASY
1973-02,-0.0443999999999999,FF_market_TR,6090.42224103259,6212.115913006275,-0.019589729760015495,True,0.023896823288215296,11.463976622446513,0.75,-0.24999999999999922,2.752293577981635,-0.27096223597185,0.0,,,,,-1.0,50.0,50.0,100,0.0,100.0,100.0,100.0,65.0,UNCERTAIN
1973-03,-0.0084,FF_market_TR,6039.262694207917,6203.023186485444,-0.026400109648842318,False,0.006239930597219612,11.46912551156365,0.7399999999999993,-0.13000000000000078,3.2110091743119185,0.1877533603584336,0.0,,,,,-1.0,0.0,50.0,100,0.0,100.0,100.0,100.0,50.0,UNCERTAIN
1973-04,-0.0516,FF_market_TR,5727.636739186789,6175.886470975651,-0.07258063014847627,False,-0.05118517580194559,13.135614184346329,0.8300000000000001,-0.020000000000000462,2.968036529680385,-0.04820476962354947,0.0,,,,,-1.0,0.0,0.0,100,0.0,100.0,100.0,100.0,45.0,UNCERTAIN
1973-05,-0.0243,FF_market_TR,5588.45516642455,6137.771110097834,-0.08949762606323841,False,-0.08837161598223375,7.882661986917938,0.7700000000000005,-0.09999999999999964,3.1890660592255093,0.41128828144774143,0.0,,,,,-1.0,0.0,0.0,100,0.0,100.0,100.0,100.0,45.0,UNCERTAIN
1973-06,-0.0105,FF_market_TR,5529.776387177092,6072.5957601433,-0.08938835950993695,False,-0.07821757001269192,6.060207917225393,0.7600000000000007,-0.08999999999999897,3.1818181818181746,0.17950871299599047,1.0,,,,,-1.0,0.0,0.0,100,0.0,0.0,100.0,100.0,35.0,HARD
1973-07,0.0568999999999999,FF_market_TR,5844.420663607469,6043.830061741183,-0.032993879062884535,False,-0.020970907191653176,13.428877838449518,0.79,0.040000000000000036,3.1746031746031638,0.6458675424192433,1.0,,,,,-1.0,0.0,0.0,100,0.0,0.0,100.0,100.0,35.0,HARD
1973-08,-0.0312,FF_market_TR,5662.074738902916,5991.188259432793,-0.05493292920844306,False,-0.08403342818664772,12.821021800153087,0.8499999999999996,0.09999999999999964,3.1602708803611934,0.40797730237955854,1.0,,,,,-1.0,0.0,0.0,100,0.0,0.0,100.0,100.0,35.0,HARD
1973-09,0.0542999999999999,FF_market_TR,5969.525397225342,5938.534713929569,0.005218574074018711,False,-0.02650851142861199,15.88660819684303,1.0000000000000009,0.26000000000000156,3.8374717832957206,0.6264626089838021,1.0,,,,,-1.0,50.0,0.0,50,0.0,0.0,100.0,50.0,37.5,HARD
1973-10,-0.0017999999999999,FF_market_TR,5958.780251510338,5878.375553611111,0.013678047134949356,False,-0.037119298561276604,13.460692404181888,0.8100000000000005,-0.019999999999999574,4.279279279279269,1.3112427495988839,1.0,,,,,-1.0,50.0,0.0,100,0.0,0.0,50.0,100.0,45.0,UNCERTAIN
1973-11,-0.1219,FF_market_TR,5232.404938851228,5764.275921812623,-0.09227021575229244,False,-0.1945264895366836,22.79106842603041,0.75,-0.020000000000000462,4.729729729729737,1.5406636705042276,1.0,,,,,-1.0,0.0,0.0,100,0.0,0.0,50.0,50.0,27.5,HARD
1973-12,0.0125,FF_market_TR,5297.810000586867,5685.014697768051,-0.06810970908011915,False,-0.192452788054156,22.98681361128593,0.8000000000000007,0.040000000000000036,4.7085201793722,1.5267019975540252,1.0,,,,,-1.0,0.0,0.0,100,0.0,0.0,50.0,50.0,27.5,HARD
1974-01,0.0046,FF_market_TR,5322.179926589567,5613.306421006216,-0.05186363839451025,False,-0.16493882746186828,20.668903212313914,0.6500000000000004,-0.13999999999999968,5.156950672645744,1.98234749804258,1.0,,,,,-1.0,0.0,0.0,100,0.0,0.0,50.0,50.0,27.5,HARD
1974-02,0.0010999999999999,FF_market_TR,5328.034324508815,5573.346179538418,-0.044015183540944136,False,-0.1251781709628259,20.524942874463754,0.6799999999999997,-0.16999999999999993,5.35714285714286,2.196871976781667,1.0,,,,,-1.0,0.0,0.0,100,0.0,0.0,50.0,50.0,27.5,HARD
1974-03,-0.0225,FF_market_TR,5208.153552207366,5535.3160181166995,-0.05910456870728853,False,-0.13761765037934903,17.538793573105337,0.6099999999999994,-0.39000000000000146,5.777777777777771,1.94030599448205,1.0,,,,,-1.0,0.0,0.0,100,0.0,0.0,50.0,50.0,27.5,HARD
1974-04,-0.0454,FF_market_TR,4971.703380937152,5479.508717492706,-0.0926735155899,False,-0.1319799758035919,17.457065045419323,0.6199999999999992,-0.19000000000000128,6.208425720620836,1.929146441341567,1.0,,,,,-1.0,0.0,0.0,100,0.0,0.0,0.0,50.0,22.5,HARD
1974-05,-0.0392999999999999,FF_market_TR,4776.315438066323,5372.698194938591,-0.11100246751885245,False,-0.145324549302563,8.443250558878425,0.6800000000000015,-0.06999999999999851,7.064017660044164,2.334287930314427,1.0,,,,,-1.0,0.0,0.0,100,0.0,0.0,0.0,100.0,25.0,HARD
1974-06,-0.0223,FF_market_TR,4669.803603797443,5273.471081428044,-0.11447251123772717,False,-0.15551673759789375,7.060572214771332,0.7999999999999989,-1.7763568394002505e-15,7.929515418502198,3.220995239129998,1.0,,,,,-1.0,0.0,0.0,100,0.0,0.0,0.0,100.0,25.0,HARD
1974-07,-0.0735,FF_market_TR,4326.573038918331,5109.175845597343,-0.15317593880691993,False,-0.2597088252289229,8.789150129563225,0.7599999999999998,0.10999999999999943,8.791208791208781,3.6342581185630376,1.0,,,,,-1.0,0.0,0.0,100,0.0,0.0,0.0,100.0,25.0,HARD
1974-08,-0.0875,FF_market_TR,3947.997898012977,4908.097610247607,-0.19561544787333474,False,-0.3027294622433857,9.29857838596857,0.7699999999999996,0.08999999999999986,9.84682713347922,4.48968427633636,1.0,,,,,-1.0,0.0,0.0,100,0.0,0.0,0.0,100.0,25.0,HARD
1974-09,-0.1095999999999999,FF_market_TR,3515.297328390755,4736.386849201559,-0.25781034355685084,False,-0.4111261625547856,11.394707543416903,0.9399999999999996,0.3300000000000002,10.217391304347824,4.439613526570054,1.0,,,,,1.0,0.0,0.0,50,100.0,0.0,0.0,100.0,30.0,HARD
1974-10,0.1661,FF_market_TR,4099.188214636459,4616.524670606519,-0.11206188483383384,False,-0.3120759548739088,34.67683318874434,1.2100000000000009,0.5900000000000016,10.583153347732187,4.374727627111351,1.0,,,,,1.0,0.0,0.0,0,100.0,0.0,0.0,0.0,15.0,HARD
1974-11,-0.0397,FF_market_TR,3936.450442515392,4477.951722199102,-0.12092610936363135,False,-0.24767855536432581,34.68009515557881,1.709999999999999,1.0299999999999976,10.967741935483865,3.903724275439701,1.0,,,,,1.0,0.0,0.0,0,100.0,0.0,0.0,0.0,15.0,HARD
1974-12,-0.0275,FF_market_TR,3828.1980553462186,4327.968095282842,-0.11547452036010508,False,-0.2773998963869697,34.66827771897532,1.7400000000000002,0.9400000000000013,11.34903640256959,3.4195209840673924,1.0,,,,,1.0,0.0,0.0,0,100.0,0.0,0.0,0.0,15.0,HARD
1975-01,0.1424,FF_market_TR,4373.33345842752,4244.486085904857,0.030356412982608383,False,-0.17828154651848915,40.85352763226206,1.9800000000000004,1.2200000000000006,11.513859275053306,2.722650483844525,0.0,,,,,1.0,50.0,0.0,0,100.0,100.0,0.0,0.0,40.0,HARD
1975-02,0.0598999999999999,FF_market_TR,4635.2961325873275,4210.845361069875,0.10079942033530509,False,-0.13001759180396244,37.84633773563829,2.030000000000001,1.2600000000000016,11.864406779661008,2.0175796461817885,0.0,,,,,1.0,50.0,0.0,0,100.0,100.0,0.0,0.0,40.0,HARD
1975-03,0.0307,FF_market_TR,4777.599723857758,4210.973789649018,0.13455935907308714,True,-0.08266918861620864,29.544627261145113,1.8100000000000005,0.8700000000000009,11.344537815126056,1.127146510778232,0.0,,,,,1.0,100.0,0.0,0,100.0,100.0,0.0,0.0,55.0,UNCERTAIN
1975-04,0.0467,FF_market_TR,5000.7136309619145,4244.064792365465,0.17828399791576333,True,0.005835072570096411,22.87117749482959,1.6300000000000008,0.41999999999999993,11.27348643006263,0.6903330823304419,0.0,,,,,1.0,100.0,50.0,0,100.0,100.0,0.0,50.0,62.5,UNCERTAIN
1975-05,0.0563,FF_market_TR,5282.253808385071,4339.6328693121395,0.21721213924309302,True,0.10592649854875913,19.007187061740595,1.7899999999999991,0.08000000000000007,10.309278350515472,-0.6584635849683931,0.0,,,,,1.0,100.0,100.0,0,100.0,100.0,50.0,50.0,72.5,EASY
1975-06,0.0524,FF_market_TR,5559.043907944449,4500.7374703052865,0.23514067297228447,True,0.19042349092023536,13.648888599442774,1.85,0.10999999999999988,9.795918367346925,-1.5531180352226652,0.0,,,,,1.0,100.0,100.0,0,100.0,100.0,50.0,100.0,75.0,EASY
1975-07,-0.0610999999999999,FF_market_TR,5219.386325169043,4671.146369983116,0.11736732522640025,True,0.2063557643011431,15.996535874994908,1.7100000000000009,-0.2699999999999996,9.090909090909085,-2.422950184144222,0.0,,,,,1.0,100.0,100.0,0,100.0,100.0,50.0,50.0,72.5,EASY
1975-08,-0.0237,FF_market_TR,5095.686869262537,4770.796235445723,0.06809987636926595,True,0.2907015152736505,16.70217830104803,1.6400000000000006,-0.39000000000000057,7.968127490039834,-3.896279289621175,0.0,,,,,1.0,100.0,100.0,0,100.0,100.0,50.0,50.0,72.5,EASY
1975-09,-0.0372999999999999,FF_market_TR,4905.617749039045,4867.712966098088,0.007786979882534073,True,0.395505782517906,18.065025878752557,1.66,-0.15000000000000058,7.495069033530566,-3.8494687815954904,0.0,,,,,1.0,50.0,100.0,0,100.0,100.0,50.0,50.0,57.5,UNCERTAIN
1975-10,0.0586999999999999,FF_market_TR,5193.577510907637,5004.25091165423,0.03783315477097493,True,0.2669770791113175,18.786366333061842,1.7599999999999998,0.129999999999999,7.031249999999978,-4.242236430062651,0.0,,,,,1.0,100.0,100.0,0,100.0,100.0,50.0,50.0,72.5,EASY
1975-11,0.0305,FF_market_TR,5351.98162499032,5102.115728310509,0.0489729966910315,True,0.35959583466022327,17.48909260081836,1.7800000000000011,-0.00999999999999801,6.976744186046524,-3.3325341644689477,0.0,,,,,1.0,100.0,100.0,0,100.0,100.0,50.0,50.0,72.5,EASY
1975-12,-0.0112,FF_market_TR,5292.039430790428,5167.7900581308195,0.024043037983735305,True,0.38238391908691916,15.385786947699485,1.7700000000000014,-0.07999999999999874,6.730769230769229,-3.0651491365776957,0.0,,,,,1.0,100.0,100.0,0,100.0,100.0,50.0,50.0,72.5,EASY
1976-01,0.1263,FF_market_TR,5960.42401089926,5286.07248683497,0.12757137283754072,True,0.3629017927762581,21.34492070727833,1.8100000000000005,0.09999999999999964,6.883365200764824,-2.207543890144261,0.0,,,,,1.0,100.0,100.0,0,100.0,100.0,50.0,50.0,72.5,EASY
1976-02,0.0066,FF_market_TR,5999.762809371195,5385.9774046758985,0.11395989224953507,True,0.29436451043360834,20.11870373557897,1.6899999999999995,0.049999999999998934,6.439393939393945,-1.5287335506458888,0.0,,,,,1.0,100.0,100.0,0,100.0,100.0,50.0,50.0,72.5,EASY
1976-03,0.0272,FF_market_TR,6162.956357786091,5474.047659616,0.1258499635018555,True,0.28996917155079327,16.81989417326992,1.5999999999999996,-0.060000000000000275,6.60377358490567,-0.8912954486248958,0.0,,,,,1.0,100.0,100.0,0,100.0,100.0,50.0,50.0,72.5,EASY
1976-04,-0.0107,FF_market_TR,6097.012724757779,5527.844541297333,0.10296385493628013,True,0.21922852910595192,17.773230432310264,1.5399999999999991,-0.22000000000000064,6.378986866791747,-0.6522631332082307,0.0,,,,,1.0,100.0,100.0,0,100.0,100.0,50.0,50.0,72.5,EASY
1976-05,-0.0097,FF_market_TR,6037.871701327629,5609.693078913192,0.07632835101513091,True,0.14304838812233656,18.536710603556386,1.2799999999999994,-0.5000000000000018,6.542056074766345,-0.43468811128017926,0.0,,,,,1.0,100.0,100.0,50,100.0,100.0,50.0,50.0,82.5,EASY
1976-06,0.0447999999999999,FF_market_TR,6308.368353547106,5730.961227341649,0.10075223043749193,True,0.13479376274250976,17.850939471075453,1.2700000000000014,-0.5,6.3197026022304925,-0.41106662853873654,0.0,,,,,1.0,100.0,100.0,50,100.0,100.0,50.0,50.0,82.5,EASY
1976-07,-0.006,FF_market_TR,6270.518143425824,5867.4512667803265,0.06869539401674052,True,0.20138992455645388,7.870268102167799,1.2599999999999998,-0.5500000000000007,6.666666666666665,-0.21669853409815865,0.0,,,,,1.0,100.0,100.0,50,100.0,100.0,0.0,100.0,80.0,EASY
1976-08,-0.0014,FF_market_TR,6261.739418025028,5974.267457492066,0.04811836138545411,True,0.2288312799980281,8.00171981513974,1.1900000000000013,-0.4999999999999982,6.826568265682642,0.3871743262886973,0.0,,,,,1.0,100.0,100.0,50,100.0,100.0,0.0,100.0,80.0,EASY
1976-09,0.0250999999999999,FF_market_TR,6418.909077417456,6080.96020273478,0.055574919653427424,True,0.3084812975236091,7.8814034283241625,1.0199999999999996,-0.5800000000000001,6.788990825688068,0.1852172407823982,0.0,,,,,1.0,100.0,100.0,50,100.0,100.0,0.0,100.0,80.0,EASY
1976-10,-0.0200999999999999,FF_market_TR,6289.889004961366,6180.745160151873,0.017658687097011905,True,0.21108984929005836,8.478058740065428,0.9699999999999988,-0.5700000000000004,6.751824817518259,0.37283795072651227,0.0,,,,,1.0,50.0,100.0,50,100.0,100.0,0.0,100.0,65.0,UNCERTAIN
1976-11,0.0076,FF_market_TR,6337.692161399073,6218.4719752018555,0.019171942347355753,True,0.18417674152805708,8.079772274018602,0.9800000000000004,-0.29999999999999893,6.340579710144922,-0.20147636462142238,0.0,,,,,1.0,50.0,100.0,50,100.0,100.0,0.0,100.0,65.0,UNCERTAIN
1976-12,0.0605,FF_market_TR,6721.122537163717,6290.607947981107,0.06843767609468943,True,0.27004392636580166,9.88401740184627,1.1399999999999988,-0.13000000000000256,6.12612612612613,-0.19357647610436235,0.0,,,,,1.0,100.0,100.0,50,100.0,100.0,0.0,100.0,80.0,EASY
1977-01,-0.0369,FF_market_TR,6473.113115542375,6321.6236237567355,0.02396369996093095,True,0.08601554246906096,11.913447863653913,1.12,-0.13999999999999968,6.082289803220031,-0.584376863446634,0.0,,,,,-1.0,100.0,100.0,50,0.0,100.0,50.0,100.0,70.0,EASY
1977-02,-0.0158999999999999,FF_market_TR,6370.1906170052525,6348.941412981483,0.003346889290917421,True,0.06174040864673458,12.29416284258509,1.08,-0.11000000000000121,6.227758007117434,-0.5988102585652078,0.0,,,,,-1.0,50.0,100.0,50,0.0,100.0,50.0,100.0,55.0,UNCERTAIN
1977-03,-0.0099,FF_market_TR,6307.1257298969,6375.86681583841,-0.010781449476132132,True,0.02339289194035432,11.79671310153808,1.0199999999999996,0.0,6.194690265486735,-0.5943005602013329,0.0,,,,,-1.0,50.0,50.0,50,0.0,100.0,50.0,100.0,50.0,UNCERTAIN
1977-04,0.0053,FF_market_TR,6340.553496265354,6379.085330110234,-0.006040338363715647,True,0.03994427804269507,11.425706105094783,1.0300000000000011,0.060000000000002385,6.349206349206349,-0.4026184683119105,0.0,,,,,-1.0,50.0,50.0,50,0.0,100.0,50.0,100.0,50.0,UNCERTAIN
1977-05,-0.0108,FF_market_TR,6272.075518505688,6379.241067618221,-0.016799106347699877,True,0.038789134443940165,11.496985691910739,0.9599999999999992,-0.02000000000000124,6.315789473684208,-0.024790236460714432,0.0,,,,,-1.0,50.0,50.0,50,0.0,100.0,0.0,100.0,45.0,UNCERTAIN
1977-06,0.0511,FF_market_TR,6592.578577501328,6412.324983565851,0.02811048947104977,True,0.04505288975308708,10.29908928012571,0.96,-0.17999999999999883,6.643356643356646,0.5172305172305158,0.0,,,,,-1.0,100.0,50.0,50,0.0,100.0,0.0,100.0,60.0,UNCERTAIN
1977-07,-0.0127,FF_market_TR,6508.852829567061,6421.319358780811,0.01363169559018318,True,0.038008770677286696,8.844860654640081,0.9299999999999988,-0.19000000000000128,6.25,0.1677101967799688,0.0,,,,,-1.0,50.0,50.0,100,0.0,100.0,0.0,100.0,55.0,UNCERTAIN
1977-08,-0.0131,FF_market_TR,6423.586857499733,6434.689144034649,-0.0017253804008867668,True,0.025847041639709856,8.723093487977774,0.8399999999999999,-0.2400000000000002,6.217616580310881,-0.01014142680655361,0.0,,,,,-1.0,50.0,50.0,100,0.0,100.0,0.0,100.0,55.0,UNCERTAIN
1977-09,0.0015999999999999,FF_market_TR,6433.864596471732,6444.306387541914,-0.001620312636029908,True,0.0023299160143726017,8.50657157731599,0.8800000000000008,-0.1399999999999988,6.185567010309279,-0.009123255177456713,0.0,,,,,-1.0,50.0,50.0,100,0.0,100.0,0.0,100.0,55.0,UNCERTAIN
1977-10,-0.0389,FF_market_TR,6183.587263668981,6390.552860192441,-0.032386180202447656,False,-0.01690041608183157,10.380612698680187,0.8500000000000014,-0.17999999999999972,5.982905982905984,-0.366300366300365,0.0,,,,,-1.0,0.0,0.0,100,0.0,100.0,100.0,100.0,45.0,UNCERTAIN
1977-11,0.045,FF_market_TR,6461.848690534084,6389.426417691611,0.011334706452201138,False,0.01959017982779443,12.29963901909321,0.8699999999999992,-0.08999999999999997,6.132879045996575,-0.18291042768763255,0.0,,,,,-1.0,50.0,50.0,100,0.0,100.0,0.0,100.0,55.0,UNCERTAIN
1977-12,0.0076,FF_market_TR,6510.958740582144,6403.5032300493,0.016780738085458324,True,-0.031269151160315145,9.690888504156897,0.8000000000000007,-0.15999999999999925,6.451612903225823,-0.19174374013082307,0.0,,,,,-1.0,50.0,0.0,100,0.0,100.0,0.0,100.0,50.0,UNCERTAIN
1978-01,-0.0552,FF_market_TR,6151.55381810201,6387.946038869812,-0.037005982725806685,False,-0.049676143719515786,12.344080362667784,0.7599999999999998,-0.16999999999999904,6.408094435075884,0.15809443507588394,0.0,,,,,-1.0,0.0,0.0,100,0.0,100.0,0.0,100.0,35.0,HARD
1978-02,-0.0092,FF_market_TR,6094.959522975471,6363.386641540823,-0.042183059695450886,False,-0.04320610019032245,12.324033430658991,0.7299999999999986,-0.11000000000000121,6.1976549413735205,-0.01996163893736025,0.0,,,,,-1.0,0.0,0.0,100,0.0,100.0,0.0,100.0,35.0,HARD
1978-03,0.0338,FF_market_TR,6300.969154852043,6366.2760051754585,-0.010258249920412577,True,-0.0009761300643926774,13.701814478382063,0.75,-0.13000000000000078,6.333333333333324,0.14776632302404558,0.0,,,,,-1.0,50.0,0.0,100,0.0,100.0,0.0,100.0,50.0,UNCERTAIN
1978-04,0.0842,FF_market_TR,6831.510757690586,6390.169223194384,0.06906570375229881,True,0.07743129392637571,16.661414105651414,0.7599999999999998,-0.09000000000000163,6.633499170812596,0.6505931879066118,0.0,,,,,-1.0,100.0,100.0,100,0.0,100.0,0.0,50.0,72.5,EASY
1978-05,0.0227,FF_market_TR,6986.586051890161,6437.942545426695,0.08522031729736468,True,0.11391931287758217,16.07254180271434,0.8000000000000007,-0.06999999999999851,6.765676567656764,0.6327975216601889,0.0,,,,,-1.0,100.0,100.0,100,0.0,100.0,0.0,50.0,72.5,EASY
1978-06,-0.0115,FF_market_TR,6906.240312293424,6486.207890906064,0.06475777965369622,True,0.047578004737408364,16.476499628258424,0.8399999999999999,0.03999999999999915,6.885245901639348,0.43363299841352543,0.0,,,,,-1.0,100.0,50.0,100,0.0,100.0,0.0,50.0,67.5,UNCERTAIN
1978-07,0.0567,FF_market_TR,7297.824138000462,6572.603845058936,0.11033987595140426,True,0.12121510949662673,12.938625893038239,0.7199999999999989,-0.040000000000000924,7.189542483660127,0.7814480485842434,0.0,,,,,-1.0,100.0,100.0,100,0.0,100.0,0.0,100.0,75.0,EASY
1978-08,0.0431,FF_market_TR,7612.36035834828,6715.481154526866,0.13355397523777324,True,0.18506381671489636,11.184224604325479,0.7900000000000009,0.060000000000002274,7.479674796747959,1.2820198553744389,0.0,,,,,-1.0,100.0,100.0,100,0.0,100.0,0.0,100.0,75.0,EASY
1978-09,-0.0081,FF_market_TR,7550.7002394456595,6824.366309418025,0.1064324359355171,True,0.17358706050270145,12.999281518607079,0.7300000000000004,-0.019999999999999574,7.928802588996775,1.5954692556634509,0.0,,,,,-1.0,100.0,100.0,100,0.0,100.0,0.0,100.0,75.0,EASY
1978-10,-0.1123,FF_market_TR,6702.756602555913,6843.546095615401,-0.02057259366597841,True,0.08395924836983482,21.00412150031513,0.6999999999999993,-0.0600000000000005,8.387096774193559,1.753597603380963,0.0,,,,,-1.0,0.0,100.0,100,0.0,100.0,0.0,50.0,42.5,UNCERTAIN
1978-11,0.0341,FF_market_TR,6931.320602703069,6921.522774075507,0.0014155596893012934,True,0.07265287917631236,21.378752068350483,0.8000000000000007,0.0,8.50722311396468,1.741546546307915,1.0,,,,,-1.0,50.0,100.0,100,0.0,0.0,0.0,50.0,47.5,UNCERTAIN
1978-12,0.0166,FF_market_TR,7046.380524707939,7016.664874248754,0.004235010648469428,True,0.08223393903398057,21.3748085371542,0.7799999999999994,-0.0600000000000005,8.452950558213711,1.5677046565743629,1.0,,,,,-1.0,50.0,100.0,100,0.0,0.0,0.0,50.0,47.5,UNCERTAIN
1979-01,0.05,FF_market_TR,7398.699550943337,7126.437913857883,0.03820444945658208,True,0.20273670193234516,21.003782516489743,0.8800000000000008,0.16000000000000192,8.557844690966721,1.368302207306594,1.0,,,,,-1.0,100.0,100.0,100,0.0,0.0,0.0,50.0,62.5,UNCERTAIN
1979-02,-0.0283,FF_market_TR,7189.316353651641,7162.218473453989,0.003783447865781886,True,0.1795511236048244,20.218106736289638,0.8200000000000003,0.02999999999999936,9.14826498422714,1.6685901874791806,1.0,,,,,-1.0,50.0,100.0,100,0.0,0.0,0.0,50.0,47.5,UNCERTAIN
1979-03,0.0649,FF_market_TR,7655.902985003632,7229.150166765336,0.05903222486651516,True,0.21503578209206542,22.693643162789005,0.8900000000000006,0.16000000000000014,9.404388714733546,1.475586125736771,1.0,,,,,-1.0,100.0,100.0,100,0.0,0.0,0.0,50.0,62.5,UNCERTAIN
1979-04,0.0074,FF_market_TR,7712.55666709266,7309.781802245258,0.05510080543357487,True,0.12896794583983273,11.506187900429913,0.9499999999999992,0.2499999999999999,9.331259720062214,0.9441629458686549,1.0,,,,,-1.0,100.0,100.0,50,0.0,0.0,0.0,100.0,55.0,UNCERTAIN
1979-05,-0.0139,FF_market_TR,7605.352129420072,7340.53460138722,0.036076054730783014,True,0.08856486886932546,12.468791441033886,0.9700000000000006,0.16999999999999993,9.428129829984533,0.9209067160198536,1.0,,,,,-1.0,100.0,100.0,50,0.0,0.0,0.0,100.0,55.0,UNCERTAIN
1979-06,0.0466,FF_market_TR,7959.761538651047,7375.274719417497,0.07924949801459236,True,0.15254627390858477,13.197225465983365,1.0900000000000016,0.3100000000000023,9.355828220858896,0.9028776626451851,1.0,,,,,-1.0,100.0,100.0,50,0.0,0.0,0.0,100.0,55.0,UNCERTAIN
1979-07,0.0158999999999999,FF_market_TR,8086.321747115598,7428.836870184491,0.08850441710059775,True,0.10804557553111671,12.253437068839087,1.09,0.2099999999999993,9.60365853658538,1.0458138456186585,1.0,,,,,-1.0,100.0,100.0,50,0.0,0.0,0.0,100.0,55.0,UNCERTAIN
1979-08,0.063,FF_market_TR,8595.76001718388,7618.137211647288,0.1283283273031517,True,0.12918459092088708,11.189439664254849,1.1199999999999992,0.29999999999999893,9.984871406959162,0.8366064227320216,1.0,,,,,-1.0,100.0,100.0,50,0.0,0.0,0.0,100.0,55.0,UNCERTAIN
1979-09,0.0001,FF_market_TR,8596.6195931856,7784.667110695542,0.10430150331983978,True,0.13851951747149838,10.131789575390906,1.0999999999999996,0.20999999999999908,9.8950524737631,0.4906637590295535,1.0,,,,,-1.0,100.0,100.0,50,0.0,0.0,0.0,100.0,55.0,UNCERTAIN
1979-10,-0.0722999999999999,FF_market_TR,7975.0839965982805,7877.537457884575,0.012382872088544827,True,0.18982151217563237,16.653038161248528,1.2699999999999996,0.3200000000000004,10.119047619047606,0.7877878989853926,1.0,,,,,-1.0,50.0,100.0,50,0.0,0.0,0.0,50.0,37.5,HARD
1979-11,0.062,FF_market_TR,8469.539204387374,7984.6214232289785,0.06073146808785013,True,0.22192287586357384,17.831873709736715,1.2300000000000004,0.2599999999999998,10.650887573964509,1.222757743979976,1.0,,,,,-1.0,100.0,100.0,50,0.0,0.0,0.0,50.0,52.5,UNCERTAIN
1979-12,0.0274,FF_market_TR,8701.604578587589,8135.850245722572,0.06953843984068686,True,0.23490415371063933,17.32374208997581,1.3200000000000005,0.22999999999999887,11.32352941176471,1.9677011909058137,1.0,,,,,-1.0,100.0,100.0,50,0.0,0.0,0.0,50.0,52.5,UNCERTAIN
1980-01,0.0630999999999999,FF_market_TR,9250.675827496465,8295.327529971855,0.11516703759710989,True,0.25031105315217195,18.5581389153115,1.33,0.24,11.970802919708024,2.3671443831226444,1.0,,,,,-1.0,100.0,100.0,50,0.0,0.0,0.0,50.0,52.5,UNCERTAIN
1980-02,-0.0032999999999999,FF_market_TR,9220.148597265728,8446.086722989163,0.0916473983353343,True,0.2824791876883501,17.54518281466452,1.1899999999999995,0.07000000000000028,11.994219653179194,2.009348246220032,1.0,,,,,-1.0,100.0,100.0,50,0.0,0.0,0.0,50.0,52.5,UNCERTAIN
1980-03,-0.1169,FF_market_TR,8142.313226245365,8499.782832671694,-0.042056322315939365,True,0.06353401319145657,25.556287680334165,1.4899999999999984,0.3899999999999988,12.60744985673352,2.712397382970421,1.0,,,,,-1.0,0.0,100.0,0,0.0,0.0,0.0,0.0,10.0,HARD
1980-04,0.0523,FF_market_TR,8568.156207977998,8560.622299604389,0.0008800655034104654,True,0.11093591630074418,23.89743082425388,2.1500000000000004,0.8800000000000008,13.086770981507833,2.9677233624602266,1.0,,,,,-1.0,50.0,100.0,0,0.0,0.0,0.0,50.0,27.5,HARD
1980-05,0.0607,FF_market_TR,9088.243289802263,8660.814453873052,0.04935203706368152,True,0.1949799476931342,23.83552055231854,2.18,0.9499999999999997,13.13559322033897,2.4847056463744615,0.0,,,,,1.0,100.0,100.0,0,100.0,100.0,0.0,50.0,67.5,UNCERTAIN
1980-06,0.0366999999999999,FF_market_TR,9421.781818538006,8743.416634008467,0.07758582404628456,True,0.18367639191044538,23.99782656825404,2.130000000000001,0.8100000000000003,13.604488078541376,2.280958666776666,0.0,,,,,1.0,100.0,100.0,0,100.0,100.0,0.0,50.0,67.5,UNCERTAIN
1980-07,0.0702,FF_market_TR,10083.190902199374,8892.073764909845,0.13395268289270712,True,0.24694406400488123,24.354643910351058,1.58,0.25,12.37830319888733,0.4075002791793061,0.0,,,,,1.0,100.0,100.0,0,100.0,100.0,0.0,50.0,67.5,UNCERTAIN
1980-08,0.0243999999999999,FF_market_TR,10329.220760213038,9127.487441271322,0.13166091179790596,True,0.20166462762615267,24.12495139891477,1.5099999999999998,0.3200000000000003,11.82943603851443,-0.16478361466476343,0.0,,,,,-1.0,100.0,100.0,0,0.0,100.0,0.0,50.0,52.5,UNCERTAIN
1980-09,0.0294,FF_market_TR,10632.899850563304,9343.823505888915,0.13796026261219008,True,0.23686988069029247,6.329262200288394,1.6799999999999995,0.19000000000000106,12.005457025920862,-0.6019928308126588,1.0,,,,,-1.0,100.0,100.0,0,0.0,0.0,50.0,100.0,50.0,UNCERTAIN
1980-10,0.0200999999999999,FF_market_TR,10846.621137559627,9558.325161786117,0.13478260615406512,True,0.36006356073317614,7.103984797281004,1.92,-0.23000000000000043,12.162162162162172,-0.9246088193456607,1.0,,,,,-1.0,100.0,100.0,0,0.0,0.0,50.0,100.0,50.0,UNCERTAIN
1980-11,0.1055,FF_market_TR,11990.939667572165,9832.351545793686,0.21953935553717363,True,0.41577237889880037,11.600994784931144,1.67,-0.5100000000000002,12.165775401069537,-0.9698178192694336,1.0,,,,,-1.0,100.0,100.0,0,0.0,0.0,50.0,100.0,50.0,UNCERTAIN
1980-12,-0.0321,FF_market_TR,11606.0305042431,10070.939736491424,0.1524277582745699,True,0.3337804998405185,16.298261256956202,1.93,-0.20000000000000084,12.153236459709383,-1.4512516188319928,1.0,,,,,-1.0,100.0,100.0,0,0.0,0.0,50.0,50.0,47.5,UNCERTAIN
1981-01,-0.04,FF_market_TR,11141.789284073375,10370.887342274224,0.07433326738173784,True,0.20442976187272865,18.136488083419007,2.219999999999999,0.6399999999999988,11.342894393741854,-1.035408805145476,1.0,,,,,-1.0,100.0,100.0,0,0.0,0.0,50.0,50.0,47.5,UNCERTAIN
1981-02,0.0164,FF_market_TR,11324.514628332177,10646.523184309643,0.06368195816468303,True,0.22823558740588057,18.102756696149893,2.02,0.5100000000000002,10.838709677419356,-0.9907263610950743,1.0,,,,,-1.0,100.0,100.0,0,0.0,0.0,50.0,50.0,47.5,UNCERTAIN
1981-03,0.0476999999999999,FF_market_TR,11864.693976103621,10924.168252939777,0.08609586573428518,True,0.45716501520228836,18.59287605509163,2.01,0.3300000000000003,9.92366412213741,-2.0817929037834517,1.0,,,,,-1.0,100.0,100.0,0,0.0,0.0,50.0,50.0,47.5,UNCERTAIN
1981-04,-0.0102999999999999,FF_market_TR,11742.487628149755,11156.238833900952,0.05254896412466015,True,0.37048010600181014,19.064328994223732,1.6799999999999995,-0.24000000000000044,9.433962264150942,-2.72819989801123,1.0,,,,,-1.0,100.0,100.0,0,0.0,0.0,50.0,50.0,47.5,UNCERTAIN
1981-05,0.0126,FF_market_TR,11890.442972264442,11336.96404090746,0.048820736253537556,True,0.30833237987879025,11.420082311437163,1.629999999999999,-0.040000000000000924,9.612983770287142,-2.5527916307823943,1.0,,,,,-1.0,100.0,100.0,0,0.0,0.0,50.0,100.0,50.0,UNCERTAIN
1981-06,-0.0100999999999999,FF_market_TR,11770.349498244572,11481.076914710613,0.025195596692094036,True,0.2492700133519965,10.353930654587165,2.0500000000000007,0.12000000000000077,9.3827160493827,-2.7705204103266823,1.0,,,,,-1.0,100.0,100.0,0,0.0,0.0,50.0,100.0,50.0,UNCERTAIN
1981-07,-0.003,FF_market_TR,11735.038449749838,11591.290774629268,0.012401351835224617,True,0.16382190554283338,7.662837594520693,1.790000000000001,-0.42999999999999794,11.138613861386148,-0.20428053235570687,1.0,,,,,-1.0,50.0,100.0,0,0.0,0.0,0.0,100.0,30.0,HARD
1981-08,-0.0576,FF_market_TR,11059.100235044249,11612.538684377729,-0.04765869586105376,True,0.0706616202494792,11.897053416707854,1.4499999999999993,-0.5700000000000007,11.56211562115621,0.7234059437368536,1.0,,,,,1.0,0.0,100.0,0,100.0,0.0,0.0,100.0,30.0,HARD
1981-09,-0.0593,FF_market_TR,10403.295591106124,11453.774276731125,-0.09171463137344149,False,-0.021593757364790522,10.383327019794798,1.4300000000000015,-0.5799999999999983,11.814859926918398,1.8911958047809883,1.0,,,,,1.0,0.0,0.0,0,100.0,0.0,0.0,100.0,20.0,HARD
1981-10,0.0613,FF_market_TR,11041.017610840927,11397.272987390908,-0.031257948892170595,False,0.01792230693926844,15.750942828922987,1.709999999999999,0.029999999999999583,10.96385542168674,1.5298931575357972,1.0,,,,,1.0,0.0,50.0,0,100.0,0.0,0.0,50.0,22.5,HARD
1981-11,0.0443,FF_market_TR,11530.13469100118,11436.107528083687,0.008221955126479052,True,-0.03842942999848198,17.36632142970987,2.17,0.5400000000000009,10.2502979737783,0.6373142034911581,0.0,,,,,1.0,50.0,0.0,0,100.0,100.0,0.0,50.0,42.5,UNCERTAIN
1981-12,-0.0278,FF_market_TR,11209.596946591348,11424.615759909606,-0.01882066039129171,False,-0.03415754917297675,17.69126451105178,2.3200000000000003,0.2699999999999996,9.540636042402827,0.15791999302012627,0.0,,,,,1.0,50.0,0.0,0,100.0,100.0,0.0,50.0,42.5,UNCERTAIN
1982-01,-0.0244,FF_market_TR,10936.082781094517,11331.754640408695,-0.03491708670634497,False,-0.018462609347037695,17.83295040087311,1.9200000000000017,0.13000000000000078,9.250585480093676,-1.8880283812924716,0.0,,,,,1.0,0.0,0.0,0,100.0,100.0,50.0,50.0,32.5,HARD
1982-02,-0.0494,FF_market_TR,10395.840291708448,11197.089906764564,-0.0715587372904859,False,-0.0820056635628631,17.345119198206753,1.91,0.46000000000000063,9.196740395809066,-2.365375225347144,0.0,,,,,1.0,0.0,0.0,0,100.0,100.0,50.0,50.0,32.5,HARD
1982-03,-0.0089,FF_market_TR,10303.317313112242,11038.377340849345,-0.06659131184226619,False,-0.13159856176114682,15.182053879498659,2.24,0.8099999999999987,8.680555555555557,-3.134304371362841,0.0,,,,,1.0,0.0,0.0,0,100.0,100.0,50.0,50.0,32.5,HARD
1982-04,0.044,FF_market_TR,10756.663274889183,10937.008718513807,-0.016489466934349384,False,-0.08395362077259494,13.597752755510752,2.3200000000000003,0.6100000000000012,8.850574712643677,-2.113280709043062,0.0,,,,,1.0,50.0,0.0,0,100.0,100.0,50.0,100.0,50.0,UNCERTAIN
1982-05,-0.0293,FF_market_TR,10441.493040934929,10807.654177632314,-0.03387979765814464,False,-0.12185836429385533,11.120417258358634,2.380000000000001,0.21000000000000085,8.656036446469262,-1.5942615273090386,0.0,,,,,1.0,0.0,0.0,0,100.0,100.0,50.0,100.0,35.0,HARD
1982-06,-0.0213,FF_market_TR,10219.089239163015,10723.653078044192,-0.047051488444197265,False,-0.13179389951954368,10.991664114227678,2.110000000000001,-0.20999999999999908,8.465011286681712,-1.0756247557211154,0.0,,,,,1.0,0.0,0.0,0,100.0,100.0,50.0,100.0,35.0,HARD
1982-07,-0.0213999999999999,FF_market_TR,10000.400729444927,10683.363591878071,-0.063927699975723,False,-0.14781696095268348,10.937379942198245,2.1900000000000013,0.2699999999999996,7.683741648106901,-1.566843831986775,0.0,,,,,1.0,0.0,0.0,0,100.0,100.0,50.0,100.0,35.0,HARD
1982-08,0.119,FF_market_TR,11190.448416248873,10698.306672418867,0.04600183551466053,True,0.011876931975750349,20.09355020896008,2.6099999999999994,0.6999999999999995,7.056229327453134,-2.1405110683559316,0.0,,,,,1.0,100.0,50.0,0,100.0,100.0,50.0,50.0,67.5,UNCERTAIN
1982-09,0.018,FF_market_TR,11391.876487741354,10684.480852092884,0.0662077685795941,False,0.09502574333083236,19.72468909767654,2.6900000000000013,0.45000000000000107,5.882352941176472,-2.7982026143790852,0.0,,,,,1.0,50.0,100.0,0,100.0,100.0,100.0,50.0,62.5,UNCERTAIN
1982-10,0.1189,FF_market_TR,12746.370602133802,10838.15821764713,0.17606426720913193,True,0.15445614266735963,24.37497815383635,2.610000000000001,0.2900000000000009,5.863192182410426,-2.9873825302332513,0.0,,,,,1.0,100.0,100.0,0,100.0,100.0,100.0,50.0,77.5,EASY
1982-11,0.053,FF_market_TR,13421.928244046892,11086.742763942366,0.21062863365958995,True,0.1640738468148324,22.198623380741402,2.620000000000001,0.2400000000000002,5.189189189189181,-3.4668472572800813,0.0,,,,,1.0,100.0,100.0,0,100.0,100.0,100.0,50.0,77.5,EASY
1982-12,0.0122,FF_market_TR,13585.675768624264,11405.726311633949,0.1911276316324324,True,0.2119682655276416,20.23936461453271,2.3100000000000005,0.1999999999999993,4.516129032258065,-3.948882254423647,0.0,,,,,1.0,100.0,100.0,0,100.0,100.0,100.0,50.0,77.5,EASY
1983-01,0.0429,FF_market_TR,14168.501259098244,11792.244706232548,0.2015101121171421,True,0.2955737024587717,16.4956673099332,2.1500000000000004,-0.040000000000000924,4.608788853161849,-3.0749527949450517,0.0,,,,,1.0,100.0,100.0,0,100.0,100.0,100.0,50.0,77.5,EASY
1983-02,0.0321,FF_market_TR,14623.310149515297,12178.90939369516,0.20070768874309608,True,0.4066501349754872,13.409669645446126,1.9399999999999995,-0.6699999999999999,4.47761194029852,-2.5786173871546136,0.0,,,,,1.0,100.0,100.0,0,100.0,100.0,100.0,100.0,80.0,EASY
1983-03,0.0344999999999999,FF_market_TR,15127.814349673574,12647.541524569026,0.19610711064173114,True,0.4682469625992751,12.764914414127471,1.879999999999999,-0.8100000000000023,4.579339723109688,-1.3030132180667842,0.0,,,,,-1.0,100.0,100.0,0,0.0,100.0,100.0,100.0,65.0,UNCERTAIN
1983-04,0.0738,FF_market_TR,16244.247048679486,13250.057305520671,0.22597560705728248,True,0.5101566939071855,7.222146495329443,1.7799999999999994,-0.8300000000000018,4.118268215417098,-1.744923966993328,0.0,,,,,-1.0,100.0,100.0,0,0.0,100.0,100.0,100.0,65.0,UNCERTAIN
1983-05,0.0121,FF_market_TR,16440.80243796851,13894.09747637303,0.18329401862381922,True,0.5745643246146723,7.929388374900012,1.629999999999999,-0.990000000000002,3.6687631027253698,-1.5204260864638108,0.0,,,,,-1.0,100.0,100.0,0,0.0,100.0,100.0,100.0,65.0,UNCERTAIN
1983-06,0.0373999999999999,FF_market_TR,17055.68844914853,14480.621479662994,0.17782848430241982,True,0.6690027897775221,6.9628270120691225,1.629999999999999,-0.6800000000000015,3.2258064516129226,-1.2903225806451424,0.0,,,,,-1.0,100.0,100.0,0,0.0,100.0,100.0,100.0,65.0,UNCERTAIN
1983-07,-0.0333,FF_market_TR,16487.734023791883,14990.207233268045,0.09990033941627896,True,0.6487073338217153,12.23166382795078,1.2400000000000002,-0.9100000000000001,3.205791106514999,-1.4029977466468502,0.0,,,,,-1.0,100.0,100.0,50,0.0,100.0,100.0,100.0,75.0,EASY
1983-08,0.0026,FF_market_TR,16530.602132253738,15368.630386280041,0.0756067207531399,True,0.47720641008905407,12.590575840683362,1.1300000000000008,-0.8099999999999987,3.0895983522142068,-1.3880135880843136,0.0,,,,,-1.0,100.0,100.0,50,0.0,100.0,100.0,100.0,75.0,EASY
1983-09,0.0167,FF_market_TR,16806.663187862374,15707.103880661592,0.07000394952213607,True,0.4753199971881541,12.38877072190779,1.1800000000000015,-0.6999999999999975,3.3950617283950546,-1.1842779947146331,0.0,,,,,-1.0,100.0,100.0,50,0.0,100.0,100.0,100.0,75.0,EASY
1983-10,-0.0267999999999999,FF_market_TR,16356.244614427664,15984.160765241928,0.02327828496287676,True,0.2832079911194134,9.35350415619728,1.2100000000000009,-0.5699999999999985,3.589743589743599,-0.5285246256734988,0.0,,,,,-1.0,100.0,100.0,50,0.0,100.0,100.0,100.0,75.0,EASY
1983-11,0.0286,FF_market_TR,16824.033210400292,16249.713960372133,0.0353433452077212,True,0.25347363690923874,10.068159712678368,1.1999999999999993,-0.4299999999999997,4.316546762589923,0.6477836598645537,0.0,,,,,-1.0,100.0,100.0,50,0.0,100.0,50.0,100.0,70.0,EASY
1983-12,-0.0105,FF_market_TR,16647.38086169109,16452.121031589715,0.011868368201671808,True,0.22536273831425802,8.421555675764433,1.1799999999999995,-0.4499999999999995,4.732510288065828,1.506703836452905,0.0,,,,,-1.0,50.0,100.0,50,0.0,100.0,50.0,100.0,55.0,UNCERTAIN
1984-01,-0.0116,FF_market_TR,16454.27124369547,16584.766720991905,-0.00786839389976235,True,0.16132757747608828,7.04243139831692,1.450000000000001,0.21000000000000085,5.020491803278704,1.8147006967637047,0.0,,,,,-1.0,50.0,100.0,0,0.0,100.0,50.0,100.0,45.0,UNCERTAIN
1984-02,-0.0411,FF_market_TR,15778.00069557959,16538.142085681913,-0.04596292534942137,False,0.07896232345879417,9.05462754617771,1.5099999999999998,0.379999999999999,4.8979591836734615,1.8083608314592547,0.0,,,,,-1.0,0.0,100.0,0,0.0,100.0,50.0,100.0,30.0,HARD
1984-03,0.0136,FF_market_TR,15992.581505039474,16493.319992389013,-0.03036007835782062,False,0.05716405128838464,8.864815846931068,1.42,0.23999999999999844,5.0916496945010215,1.6965879661059668,0.0,,,,,-1.0,0.0,100.0,0,0.0,100.0,50.0,100.0,30.0,HARD
1984-04,0.003,FF_market_TR,16040.55924955459,16391.80707242962,-0.02142825506199464,False,-0.012539072972388432,8.331059956572163,1.5,0.28999999999999915,5.172413793103448,1.5826702033598492,0.0,,,,,-1.0,0.0,0.0,0,0.0,100.0,50.0,100.0,20.0,HARD
1984-05,-0.0518999999999999,FF_market_TR,15208.054224502708,16263.8390925007,-0.0649160915816499,False,-0.07498102468641565,8.769786770497916,1.4600000000000009,0.26000000000000156,5.257836198179966,0.9412894355900425,0.0,,,,,-1.0,0.0,0.0,0,0.0,100.0,50.0,100.0,20.0,HARD
1984-06,0.0257,FF_market_TR,15598.90121807243,16170.669001082566,-0.035358325804075164,False,-0.08541356952077928,10.648885387682604,1.5,0.3200000000000005,5.3427419354838745,0.6102316474180469,0.0,,,,,-1.0,0.0,0.0,0,0.0,100.0,50.0,100.0,20.0,HARD
1984-07,-0.0192,FF_market_TR,15299.40231468544,16019.942913764875,-0.044977725760827925,False,-0.07207368261713076,10.723702718744125,1.7100000000000009,0.2599999999999998,5.210420841683372,0.18992903840466813,0.0,,,,,-1.0,0.0,0.0,0,0.0,100.0,50.0,100.0,20.0,HARD
1984-08,0.1110999999999999,FF_market_TR,16999.165911846994,16084.235043506807,0.05688370419018107,True,0.0283452336366512,19.056355370321974,1.7600000000000016,0.2500000000000018,5.294705294705304,0.39674611103184265,0.0,,,,,-1.0,100.0,50.0,0,0.0,100.0,50.0,50.0,52.5,UNCERTAIN
1984-09,0.0005999999999999,FF_market_TR,17009.3654113941,16102.768263606185,0.056300701404050635,True,0.012060824999344133,19.146735491983982,1.6899999999999995,0.2699999999999996,5.273631840796011,0.18198214629499,0.0,,,,,-1.0,100.0,50.0,0,0.0,100.0,50.0,50.0,52.5,UNCERTAIN
1984-10,0.0016,FF_market_TR,17036.580396052334,16141.68821704231,0.05543981317054558,True,0.041594864693118794,19.162756586670902,1.3099999999999987,-0.19000000000000128,5.148514851485153,-0.02389894161829531,0.0,,,,,1.0,100.0,50.0,50,100.0,100.0,50.0,50.0,77.5,EASY
1984-11,-0.0103,FF_market_TR,16861.103617972996,16182.371454470067,0.041942688400929296,True,0.002203419781042104,16.600945756191106,1.1900000000000013,-0.2699999999999996,4.827586206896561,-0.4302499912834046,0.0,,,,,1.0,100.0,50.0,50,100.0,100.0,100.0,50.0,82.5,EASY
1984-12,0.0248,FF_market_TR,17279.258987698726,16332.49728368198,0.05796796947657645,True,0.037956608985964424,16.591737702844732,1.2699999999999996,-0.23000000000000043,4.911591355599221,-0.4311505798846538,0.0,,,,,1.0,100.0,50.0,50,100.0,100.0,100.0,50.0,82.5,EASY
1985-01,0.0864,FF_market_TR,18772.186964235898,16610.45782960162,0.13014265812600567,True,0.14087015378627266,17.58541213619969,1.1799999999999995,-0.5300000000000014,4.4878048780487845,-0.7226159636345875,0.0,,,,,1.0,100.0,100.0,50,100.0,100.0,100.0,50.0,87.5,EASY
1985-02,0.018,FF_market_TR,19110.086329592144,16917.410537605378,0.12961060365076027,True,0.21118554234479658,12.06861218201993,1.0999999999999996,-0.6600000000000019,4.76653696498055,-0.5281683297247541,0.0,,,,,1.0,100.0,100.0,50,100.0,100.0,100.0,100.0,90.0,EASY
1985-03,-0.0021999999999999,FF_market_TR,19068.044139667043,17303.40952912181,0.10198190175036514,True,0.19230557828693584,12.183603736169347,1.129999999999999,-0.5600000000000005,4.748062015503862,-0.5255698252921492,0.0,,,,,1.0,100.0,100.0,50,100.0,100.0,100.0,100.0,90.0,EASY
1985-04,-0.0024,FF_market_TR,19022.280833731846,17645.747490687754,0.07800935289199473,True,0.18588638574182204,12.338500719293236,1.2799999999999994,-0.02999999999999936,4.532304725168768,-0.6162101263163855,0.0,,,,,1.0,100.0,100.0,50,100.0,100.0,100.0,100.0,90.0,EASY
1985-05,0.0575,FF_market_TR,20116.061981671428,18127.41345738635,0.10970393150462221,True,0.3227242410315123,12.192569868571574,1.4299999999999995,0.23999999999999821,4.514889529298749,-0.3126966775978124,0.0,,,,,1.0,100.0,100.0,0,100.0,100.0,100.0,100.0,80.0,EASY
1985-06,0.0182,FF_market_TR,20482.174309737846,18475.714297175433,0.10859986143372868,True,0.31305237615119963,12.29992682905063,1.4600000000000009,0.19000000000000128,4.401913875598074,-0.5096774800011472,0.0,,,,,1.0,100.0,100.0,0,100.0,100.0,100.0,100.0,80.0,EASY
1985-07,-0.0012,FF_market_TR,20457.595700566162,18820.537326092643,0.08698255241649844,True,0.33714999316865635,8.0286412299965,1.459999999999999,0.2799999999999996,4.190476190476189,-0.29732868757259556,0.0,,,,,1.0,100.0,100.0,0,100.0,100.0,50.0,100.0,75.0,EASY
1985-08,-0.0046999999999999,FF_market_TR,20361.445000773503,19153.023786564758,0.06309297308221451,True,0.19779082728896014,8.43295440518919,1.4499999999999993,0.34999999999999964,4.174573055028463,-0.5919639099520868,0.0,,,,,1.0,100.0,100.0,0,100.0,100.0,100.0,100.0,80.0,EASY
1985-09,-0.0394,FF_market_TR,19559.204067743027,19422.83383154176,0.0070211297375055715,True,0.14990792393941166,11.050943851092535,1.41,0.2800000000000009,3.969754253308122,-0.7783077621957402,0.0,,,,,1.0,50.0,100.0,0,100.0,100.0,100.0,100.0,65.0,UNCERTAIN
1985-10,0.0467,FF_market_TR,20472.618897706627,19742.16982254255,0.03699943226757241,True,0.2016859265049742,12.39696898439291,1.34,0.06000000000000072,4.048964218455731,-0.48334050671303697,0.0,,,,,1.0,100.0,100.0,50,100.0,100.0,100.0,100.0,90.0,EASY
1985-11,0.0709,FF_market_TR,21924.127577554027,20057.36388387437,0.09307123829869246,True,0.3002783254462733,13.6379954538781,1.4399999999999995,0.010000000000000009,4.417293233082686,-0.09759629621606258,0.0,,,,,1.0,100.0,100.0,0,100.0,100.0,50.0,100.0,75.0,EASY
1985-12,0.0453,FF_market_TR,22917.29055681722,20438.084306596873,0.12130325978840029,True,0.32628896720237055,14.308643541580022,1.42,-0.040000000000000924,4.307116104868913,-0.09479777072916029,0.0,,,,,1.0,100.0,100.0,0,100.0,100.0,50.0,100.0,75.0,EASY
1986-01,0.0121,FF_market_TR,23194.58977255471,20850.73886988564,0.11241092784746609,True,0.2355827169601612,13.964109710253625,1.3899999999999988,-0.07000000000000028,4.481792717086841,0.2913165266106521,0.0,,,,,1.0,100.0,100.0,0,100.0,100.0,50.0,100.0,75.0,EASY
1986-02,0.0766,FF_market_TR,24971.2953491324,21445.640321425693,0.16439961571976625,True,0.306707615991463,14.956989001801112,1.4399999999999995,-0.009999999999999787,4.178272980501396,0.0036999254729330744,0.0,,,,,1.0,100.0,100.0,0,100.0,100.0,50.0,100.0,75.0,EASY
1986-03,0.0547999999999999,FF_market_TR,26339.722334264854,22068.006356685037,0.19357054318981515,True,0.38135417252735526,7.944769348445509,1.5,0.09000000000000008,4.070305272895469,0.10055101958734713,0.0,,,,,1.0,100.0,100.0,0,100.0,100.0,50.0,100.0,75.0,EASY
1986-04,-0.0079,FF_market_TR,26131.63852782416,22632.952778493673,0.15458370737445337,True,0.37373844683679724,11.583899170831874,1.4000000000000004,0.060000000000000275,4.151291512915134,0.10232729445940336,0.0,,,,,1.0,100.0,100.0,0,100.0,100.0,50.0,100.0,75.0,EASY
1986-05,0.0511,FF_market_TR,27466.965256595977,23333.88973409665,0.1771275843675506,True,0.3654245687661064,10.701835356610536,1.1999999999999993,-0.2400000000000002,3.952205882352944,-0.4650873507297426,0.0,,,,,1.0,100.0,100.0,50,100.0,100.0,100.0,100.0,90.0,EASY
1986-06,0.0155,FF_market_TR,27892.703218073217,24087.01555582662,0.15799747600221092,True,0.3618038200569449,11.081595552987817,1.209999999999999,-0.21000000000000085,3.9413382218148607,-0.36577788305405257,0.0,,,,,1.0,100.0,100.0,50,100.0,100.0,100.0,100.0,90.0,EASY
1986-07,-0.0593,FF_market_TR,26238.665917241473,24754.961740776467,0.05993562793599638,True,0.2825879590784619,17.285499124989116,1.2799999999999994,-0.10999999999999943,4.021937842778778,-0.45985487430806327,0.0,,,,,1.0,100.0,100.0,50,100.0,100.0,100.0,50.0,87.5,EASY
1986-08,0.0653,FF_market_TR,27952.050801637342,25502.904931169534,0.0960339960125276,True,0.37279308028361857,16.480860414432236,1.459999999999999,0.019999999999999574,4.007285974499086,-0.17098700600230998,0.0,,,,,1.0,100.0,100.0,0,100.0,100.0,50.0,50.0,72.5,EASY
1986-09,-0.0815,FF_market_TR,25673.958661303895,25877.888039544527,-0.007880449050904126,True,0.31262798692536276,20.37036671245758,1.3099999999999987,-0.19000000000000128,4.181818181818175,0.11151290892270627,0.0,,,,,1.0,50.0,100.0,50,100.0,100.0,50.0,50.0,67.5,UNCERTAIN
1986-10,0.0512,FF_market_TR,26988.465344762655,26285.00551833907,0.0267627802449113,True,0.31827127147792234,21.687331786091157,1.3800000000000008,-0.019999999999999574,4.072398190045257,-0.07889332286987738,0.0,,,,,1.0,100.0,100.0,0,100.0,100.0,50.0,50.0,72.5,EASY
1986-11,0.0156,FF_market_TR,27409.485404140953,26706.495081497695,0.0263228222384857,True,0.25019731376690446,20.50571042417209,1.3900000000000006,0.19000000000000128,3.7803780378037777,-0.1718278445491661,0.0,,,,,1.0,100.0,100.0,0,100.0,100.0,100.0,50.0,77.5,EASY
1986-12,-0.0278,FF_market_TR,26647.501709905835,26874.115717575034,-0.008432426579193408,True,0.16276841906073347,20.691115967970408,1.4800000000000004,0.27000000000000135,3.7701974865349994,-0.1711407352798613,0.0,,,,,1.0,50.0,100.0,0,100.0,100.0,100.0,50.0,62.5,UNCERTAIN
1987-01,0.1289,FF_market_TR,30082.364680312698,27248.37995217982,0.10400562283359394,True,0.2969560994740261,25.60798703529818,1.3600000000000012,0.08000000000000185,3.574620196604106,-0.44731764617467196,0.0,,,,,1.0,100.0,100.0,0,100.0,100.0,100.0,0.0,75.0,EASY
1987-02,0.0481999999999999,FF_market_TR,31532.33465790376,27788.449565187777,0.13472810290956883,True,0.2627432504817704,25.075316947149428,1.2699999999999996,-0.1899999999999995,3.5650623885918,-0.4422235859072865,0.0,,,,,1.0,100.0,100.0,50,100.0,100.0,100.0,0.0,85.0,EASY
1987-03,0.0210999999999999,FF_market_TR,32197.666919185525,28261.519731446733,0.1392758501716036,True,0.22239963316926015,18.095740935369275,1.25,-0.05999999999999872,3.64444444444445,-0.5373737373737253,0.0,,,,,1.0,100.0,100.0,50,100.0,100.0,100.0,50.0,87.5,EASY
1987-04,-0.0167,FF_market_TR,31659.96588163513,28638.245997802926,0.10551344115362449,True,0.2115568584773042,19.535609537457475,1.1899999999999995,-0.19000000000000128,3.8972542072630567,-0.1751439827821999,0.0,,,,,-1.0,100.0,100.0,50,0.0,100.0,100.0,50.0,72.5,EASY
1987-05,0.0049,FF_market_TR,31815.099714455137,29195.88937752429,0.08971161327070853,True,0.15830414526100545,19.758789436602623,1.1799999999999995,-0.21000000000000107,4.0671971706454535,0.2868191328416758,0.0,,,,,-1.0,100.0,100.0,50,0.0,100.0,50.0,50.0,67.5,UNCERTAIN
1987-06,0.0441999999999999,FF_market_TR,33221.327121834045,29722.81700954396,0.11770452683427401,True,0.1910400674362791,17.511692094140972,1.1999999999999993,-0.28000000000000114,3.968253968253976,0.1980564817189765,0.0,,,,,-1.0,100.0,100.0,50,0.0,100.0,100.0,50.0,72.5,EASY
1987-07,0.0431,FF_market_TR,34653.166320785094,30620.737775492085,0.13168946401155757,True,0.32069086248834155,9.017440878652847,1.1899999999999995,-0.1700000000000017,3.954305799648506,0.3796856030444,0.0,,,,,-1.0,100.0,100.0,50,0.0,100.0,100.0,100.0,75.0,EASY
1987-08,0.0399,FF_market_TR,36035.827656984424,31525.474006714263,0.1430701295501393,True,0.28920156566378163,8.550080701373501,1.1300000000000008,-0.1399999999999988,3.9404553415061327,0.37539295291433294,0.0,,,,,-1.0,100.0,100.0,50,0.0,100.0,100.0,100.0,75.0,EASY
1987-09,-0.0213999999999999,FF_market_TR,35264.66094512496,32310.99156081266,0.09141376484077202,True,0.37355759625321383,10.611073461247898,1.1300000000000008,-0.11999999999999922,4.013961605584648,0.36951716114019817,0.0,,,,,-1.0,100.0,100.0,50,0.0,100.0,50.0,100.0,70.0,EASY
1987-10,-0.2263999999999999,FF_market_TR,27280.74170714867,32374.315560536943,-0.15733379270563308,True,0.010829676999130733,36.30243242538989,1.0999999999999996,-0.08999999999999986,4.17391304347825,0.2766588362151934,0.0,,,,,-1.0,0.0,50.0,50,0.0,100.0,50.0,0.0,30.0,HARD
1987-11,-0.0742,FF_market_TR,25256.510672478238,31891.730159753497,-0.2080545474967278,False,-0.0785485279974446,36.75844828063338,1.2200000000000006,0.040000000000001146,4.163052905464015,0.0958557348185618,0.0,,,,,1.0,0.0,0.0,50,100.0,100.0,50.0,0.0,40.0,HARD
1987-12,0.072,FF_market_TR,27074.979440896674,31445.994638052787,-0.1390006977825643,False,0.016041944030795507,38.326809415864496,1.1799999999999995,-0.019999999999999796,4.152249134948116,0.18399516669414018,0.0,,,,,1.0,0.0,50.0,50,100.0,100.0,50.0,0.0,45.0,UNCERTAIN
1988-01,0.045,FF_market_TR,28293.35351573702,31055.563297707944,-0.08894412107394578,False,-0.05947043005387431,38.412050713285275,1.1899999999999995,0.0,4.3140638481449445,0.35975804849643866,0.0,,,,,1.0,0.0,0.0,50,100.0,100.0,50.0,0.0,40.0,HARD
1988-02,0.0521,FF_market_TR,29767.437233906923,30866.310432935123,-0.035601054470562055,False,-0.05597103554634686,38.960770526261406,1.2199999999999989,0.08999999999999808,4.302925989672968,0.36247064816683494,0.0,,,,,1.0,0.0,0.0,50,100.0,100.0,50.0,0.0,40.0,HARD
1988-03,-0.0183,FF_market_TR,29222.693132526427,30607.06977474225,-0.0452306167301989,False,-0.09239718499250671,38.971033345293776,1.1799999999999995,0.04999999999999871,4.373927958833623,0.35996635324897497,0.0,,,,,-1.0,0.0,0.0,50,0.0,100.0,50.0,0.0,25.0,HARD
1988-04,0.0102,FF_market_TR,29520.764602478197,30237.013522806665,-0.023687819558906753,False,-0.06756802225102243,18.72684063049611,1.2300000000000004,0.13000000000000078,4.262574595055413,0.08866155157716271,0.0,,,,,-1.0,0.0,0.0,50,0.0,100.0,50.0,50.0,27.5,HARD
1988-05,0.0022,FF_market_TR,29585.710284603647,29730.267919188518,-0.0048623051422812535,False,-0.07007331266790184,11.927923541002421,1.1399999999999988,-0.08000000000000185,4.248088360237889,0.08503545477387409,0.0,,,,,-1.0,50.0,0.0,50,0.0,100.0,50.0,100.0,45.0,UNCERTAIN
1988-06,0.0528,FF_market_TR,31147.83578763072,29241.468732253146,0.065193957007873,False,-0.062414464256624,10.409633999329651,1.1400000000000006,-0.039999999999998925,4.495335029686176,0.34308589473805995,0.0,,,,,-1.0,50.0,0.0,50,0.0,100.0,50.0,100.0,45.0,UNCERTAIN
1988-07,-0.0074,FF_market_TR,30917.341802802253,28806.73681802088,0.07326775670963959,False,-0.10780615206703581,10.509827781652747,1.1499999999999986,-0.040000000000000924,4.480135249366013,0.16607140122106845,0.0,,,,,-1.0,50.0,0.0,50,0.0,100.0,50.0,100.0,45.0,UNCERTAIN
1988-08,-0.0272,FF_market_TR,30076.39010576603,29086.301657882614,0.034039681618136974,True,-0.1653753483323518,9.79917751650617,1.1000000000000014,-0.11999999999999744,4.465037910699232,0.16211192102626448,0.0,,,,,-1.0,100.0,0.0,50,0.0,100.0,50.0,100.0,60.0,UNCERTAIN
1988-09,0.0392,FF_market_TR,31255.384597912052,29686.189050425997,0.05285944736188819,True,-0.11369105046697336,10.294798686715538,1.08,-0.09999999999999942,4.614093959731536,0.2401660008979123,0.0,,,,,-1.0,100.0,0.0,50,0.0,100.0,50.0,100.0,60.0,UNCERTAIN
1988-10,0.0175999999999999,FF_market_TR,31805.4793668353,30159.239043019857,0.05458494232786193,True,0.16585830796898615,10.323224302513237,0.9000000000000004,-0.33000000000000007,4.507512520868118,0.2449379258127049,0.0,,,,,-1.0,100.0,100.0,100,0.0,100.0,50.0,100.0,80.0,EASY
1988-11,-0.0172,FF_market_TR,31258.42512172573,30455.746203618728,0.026355582054713445,True,0.23763830748749148,11.136828992132365,1.0300000000000011,-0.10999999999999766,4.579517069109085,0.33142870887119535,0.0,,,,,-1.0,100.0,100.0,50,0.0,100.0,50.0,100.0,70.0,EASY
1988-12,0.0212,FF_market_TR,31921.103734306318,30671.112853658666,0.04075466340630496,True,0.17898902948342,8.86143103567364,1.08,-0.0600000000000005,4.6511627906976605,0.15582776101148443,0.0,,,,,-1.0,100.0,100.0,50,0.0,100.0,50.0,100.0,70.0,EASY
1989-01,0.0664999999999999,FF_market_TR,34043.85713263769,31153.229253669793,0.0927874235903614,True,0.20324574157327047,12.083477976145764,1.0300000000000011,-0.11999999999999744,4.631927212572373,0.15179196320636024,1.0,,,,,-1.0,100.0,100.0,50,0.0,0.0,50.0,100.0,60.0,UNCERTAIN
1989-02,-0.0164,FF_market_TR,33485.537875662434,31549.70658098822,0.06135813940788726,True,0.12490496284713304,11.206878245077874,0.9699999999999988,-0.13000000000000267,4.702970297029707,0.23793238633047498,1.0,,,,,-1.0,100.0,100.0,50,0.0,0.0,50.0,100.0,60.0,UNCERTAIN
1989-03,0.0224,FF_market_TR,34235.613924077275,32014.69694493558,0.06937179455303344,True,0.1715420535957104,10.702009157162953,0.8699999999999992,-0.21000000000000085,4.683648315529987,0.06955435579845126,1.0,,,,,-1.0,100.0,100.0,100,0.0,0.0,50.0,100.0,70.0,EASY
1989-04,0.05,FF_market_TR,35947.394620281135,32494.652828200626,0.1062556910620085,True,0.21769863024697655,11.768984663087961,0.8200000000000003,-0.08000000000000007,4.497138184791494,-0.010374336076623969,1.0,,,,,-1.0,100.0,100.0,100,0.0,0.0,50.0,100.0,70.0,EASY
1989-05,0.0414,FF_market_TR,37435.61675756078,33146.48032367647,0.12939945333564085,True,0.2653276327471581,9.975211275958,0.8900000000000006,-0.14000000000000057,4.563977180114098,-0.015539888994986484,1.0,,,,,-1.0,100.0,100.0,100,0.0,0.0,50.0,100.0,70.0,EASY
1989-06,-0.0064,FF_market_TR,37196.02881031239,33858.44419413111,0.09857465975237578,True,0.19417699078417194,11.292668418048926,0.9299999999999996,-0.15000000000000047,4.545454545454541,-0.10570824524311906,1.0,,,,,1.0,100.0,100.0,100,100.0,0.0,50.0,100.0,85.0,EASY
1989-07,0.079,FF_market_TR,40134.51508632707,34746.35724297261,0.15507115769507607,True,0.29812308387680986,12.441839092352858,0.9399999999999996,-0.09000000000000152,4.53074433656957,-0.10118287600280329,1.0,,,,,1.0,100.0,100.0,100,100.0,0.0,50.0,100.0,85.0,EASY
1989-08,0.0217999999999999,FF_market_TR,41009.44751520899,35666.75405780999,0.14979477663538887,True,0.363509629014519,10.097579908076975,0.92,-0.04999999999999871,4.435483870967749,-0.26748642606195805,1.0,,,,,1.0,100.0,100.0,100,100.0,0.0,50.0,100.0,85.0,EASY
1989-09,-0.0010999999999999,FF_market_TR,40964.33712294226,36637.345257931636,0.11810331328724955,True,0.3106329565267547,11.264125354416104,0.9000000000000004,0.030000000000001137,4.170008019246185,-0.5136402962838016,1.0,,,,,1.0,100.0,100.0,100,100.0,0.0,100.0,100.0,90.0,EASY
1989-10,-0.0298999999999999,FF_market_TR,39739.50344296629,37419.18522879763,0.06200878506523333,True,0.24945462964485543,13.448455673422119,0.8900000000000006,0.07000000000000028,4.313099041533541,-0.18403914325795245,1.0,,,,,1.0,100.0,100.0,100,100.0,0.0,50.0,100.0,85.0,EASY
1989-11,0.0172,FF_market_TR,40423.022902185316,38057.10180575239,0.06216766343661284,True,0.29318808432513954,12.836385784168364,0.92,0.02999999999999947,4.378980891719753,-0.18499628839434568,1.0,,,,,1.0,100.0,100.0,100,100.0,0.0,50.0,100.0,85.0,EASY
1989-12,0.0177,FF_market_TR,41138.510407554,38822.39905894155,0.05965915050989112,True,0.2887558885798027,12.387324166259619,0.9600000000000009,0.030000000000001248,4.444444444444451,-0.10101010101009056,1.0,,,,,1.0,100.0,100.0,50,100.0,0.0,50.0,100.0,75.0,EASY
1990-01,-0.0727999999999999,FF_market_TR,38143.62684988407,39213.20035152223,-0.02727585333637883,True,0.12042612272967013,12.877603814374773,0.9499999999999992,0.009999999999999565,4.426877470355728,-0.103866866213842,0.0,,,,,1.0,0.0,100.0,100,100.0,100.0,50.0,100.0,65.0,UNCERTAIN
1990-02,0.0168,FF_market_TR,38784.43978096212,39496.90486759033,-0.018038504257907872,True,0.15824449124799567,12.618109208593808,0.92,0.0,4.570527974783278,0.13504410381552923,0.0,,,,,1.0,50.0,100.0,100,100.0,100.0,50.0,100.0,80.0,EASY
1990-03,0.0247,FF_market_TR,39742.41544355189,39727.58473618944,0.0003733100680780588,True,0.16085008820600644,13.487797448063924,0.8400000000000016,-0.05999999999999872,4.788069073783352,0.6180610545371668,0.0,,,,,1.0,50.0,100.0,100,100.0,100.0,50.0,100.0,80.0,EASY
1990-04,-0.0266999999999999,FF_market_TR,38681.292951209056,39876.1111502791,-0.029963257815367128,True,0.0760527531913393,13.349386502757335,0.8399999999999999,-0.05000000000000071,4.851330203442883,0.5382311619093416,0.0,,,,,1.0,0.0,100.0,100,100.0,100.0,50.0,100.0,65.0,UNCERTAIN
1990-05,0.091,FF_market_TR,42201.29060976907,40082.7887026233,0.052853156572090665,True,0.12730320120198835,19.018476279660245,0.9399999999999996,0.019999999999999574,4.754481683554168,0.37550079183441554,0.0,,,,,1.0,100.0,100.0,100,100.0,100.0,50.0,50.0,92.5,EASY
1990-06,-0.0046,FF_market_TR,42007.164672964136,40182.56041839882,0.04540786439606448,True,0.12934541714619519,19.019648787503925,0.9600000000000009,0.0,4.891304347826075,0.4468599033816245,0.0,,,,,1.0,100.0,100.0,50,100.0,100.0,50.0,50.0,82.5,EASY
1990-07,-0.0121999999999999,FF_market_TR,41494.67726395398,40235.594432499995,0.031292760780911255,True,0.033890086243755,14.479823203340562,0.9599999999999992,0.010000000000000009,5.10835913312695,0.6814816627712217,0.0,,,,,1.0,100.0,50.0,50,100.0,100.0,50.0,100.0,80.0,EASY
1990-08,-0.0949,FF_market_TR,37556.832391604745,40017.32732736384,-0.06148573880586494,False,-0.08419072513288028,21.18156273743748,1.0,0.07999999999999996,5.4826254826254806,0.9120975078422022,0.0,,,,,1.0,0.0,0.0,50,100.0,100.0,50.0,50.0,42.5,UNCERTAIN
1990-09,-0.0552,FF_market_TR,35483.69524358816,39523.39456150412,-0.10221033296190196,False,-0.1337905667289473,21.612485280503957,1.08,0.23999999999999844,5.54272517321015,0.7546560994267981,0.0,,,,,1.0,0.0,0.0,50,100.0,100.0,50.0,50.0,42.5,UNCERTAIN
1990-10,-0.0123999999999999,FF_market_TR,35043.697422567675,38913.913263005496,-0.09945583766609101,False,-0.11816468786878498,21.554579095867314,1.2100000000000009,0.370000000000001,5.359877488514542,0.5085472850716588,0.0,,,,,1.0,0.0,0.0,50,100.0,100.0,50.0,50.0,42.5,UNCERTAIN
1990-11,0.0692,FF_market_TR,37468.72128420936,38846.42270643802,-0.0354653357051673,False,-0.07308462865641463,19.065223838182447,1.3199999999999985,0.3799999999999989,5.263157894736836,0.5086762111826681,0.0,,,,,1.0,0.0,0.0,50,100.0,100.0,50.0,50.0,42.5,UNCERTAIN
1990-12,0.0306,FF_market_TR,38615.264155506164,38829.50514389242,-0.00551747923627488,False,-0.06133538203134625,20.28535333682902,1.379999999999999,0.41999999999999815,5.319148936170204,0.4278445883441284,0.0,,,,,1.0,50.0,0.0,0,100.0,100.0,50.0,50.0,47.5,UNCERTAIN
1991-01,0.0521,FF_market_TR,40627.119418008035,38917.97554133804,0.043916566905042975,True,0.06510897817603589,22.24994022463881,1.41,0.45000000000000073,5.601816805450421,0.4934576723234718,0.0,,,,,1.0,100.0,100.0,0,100.0,100.0,50.0,50.0,72.5,EASY
1991-02,0.0767,FF_market_TR,43743.219477369246,39424.16819395406,0.10955339024952582,True,0.1278548749037549,17.80085391210207,1.2400000000000002,0.2400000000000002,5.6518462697814575,0.169220787155977,0.0,,,,,1.0,100.0,100.0,50,100.0,100.0,50.0,50.0,82.5,EASY
1991-03,0.0308999999999999,FF_market_TR,45094.88495921995,39713.527628899144,0.13550438985442437,True,0.13467901877454924,11.229747993610523,1.16,0.07999999999999985,5.243445692883886,-0.2992794803262644,0.0,,,,,1.0,100.0,100.0,50,100.0,100.0,50.0,100.0,85.0,EASY
1991-04,0.0025,FF_market_TR,45207.622171618,40033.57337876453,0.12924274193314966,True,0.16872055514382578,9.603366076537945,1.08,-0.13000000000000078,5.149253731343295,-0.2106237571712466,0.0,,,,,1.0,100.0,100.0,50,100.0,100.0,50.0,100.0,85.0,EASY
1991-05,0.0412,FF_market_TR,47070.176205088654,40591.123272877994,0.15961748308009516,True,0.11537290743881878,8.578335502881655,1.0,-0.3199999999999985,5.133928571428581,-0.12922932330825532,0.0,,,,,1.0,100.0,100.0,50,100.0,100.0,50.0,100.0,85.0,EASY
1991-06,-0.0452,FF_market_TR,44942.604240618646,41329.700457779385,0.08741664572502872,True,0.06987949771205959,14.800783763030928,0.9500000000000012,-0.42999999999999783,4.959289415247969,-0.3598595209222344,0.0,,,,,1.0,100.0,100.0,50,100.0,100.0,100.0,100.0,90.0,EASY
1991-07,0.0473,FF_market_TR,47068.3894211999,42488.16987554056,0.10779987839146887,True,0.13432354520534506,14.614891036200028,0.8900000000000006,-0.5199999999999994,4.786450662739328,-0.8153661427110936,0.0,,,,,1.0,100.0,100.0,100,100.0,100.0,100.0,100.0,100.0,EASY
1991-08,0.0278,FF_market_TR,48376.89064710926,43821.48919799472,0.10395359748118738,True,0.2880982651221453,11.89113451273679,0.9000000000000004,-0.33999999999999986,4.612005856515378,-1.03984041326608,0.0,,,,,1.0,100.0,100.0,100,100.0,100.0,100.0,100.0,100.0,EASY
1991-09,-0.0113,FF_market_TR,47830.23178279693,44857.64024785348,0.06626722936201923,True,0.3479495710481215,12.235360231721835,0.9000000000000004,-0.25999999999999956,4.595185995623652,-0.6482596972602339,0.0,,,,,1.0,100.0,100.0,100,100.0,100.0,100.0,100.0,100.0,EASY
1991-10,0.0171,FF_market_TR,48648.12874628275,45860.92670693113,0.060775091989808905,True,0.3882133543064439,12.183702228797296,0.9399999999999996,-0.14000000000000046,4.433139534883712,-0.716114196459583,0.0,,,,,1.0,100.0,100.0,100,100.0,100.0,100.0,100.0,100.0,EASY
1991-11,-0.038,FF_market_TR,46799.49985392401,46478.16475052274,0.006913678823724734,True,0.24902847628394986,12.883839489841542,0.9699999999999988,-0.030000000000001248,4.492753623188395,-0.6411749482401863,0.0,,,,,1.0,50.0,100.0,50,100.0,100.0,100.0,100.0,75.0,EASY
1991-12,0.1122,FF_market_TR,52050.403737534296,47308.88317653924,0.10022474094984357,True,0.3479230267058113,17.96913019597777,0.9499999999999992,-1.9984014443252818e-15,4.401154401154406,-0.5581350140935637,0.0,,,,,1.0,100.0,100.0,100,100.0,100.0,100.0,50.0,97.5,EASY
1992-01,-0.0024999999999999,FF_market_TR,51920.27772819046,47991.422453436295,0.08186578088128438,True,0.27797093350351365,17.92250986887718,0.9300000000000016,0.040000000000001035,4.014336917562722,-0.7721137451766058,0.0,,,,,1.0,100.0,100.0,100,100.0,100.0,100.0,50.0,97.5,EASY
1992-02,0.0137,FF_market_TR,52631.58553306667,48733.81878958116,0.07998073699733976,True,0.20319414441581873,17.83971300217579,0.9400000000000012,0.04000000000000081,3.708987161198296,-0.9030186953170816,0.0,,,,,1.0,100.0,100.0,100,100.0,100.0,100.0,50.0,97.5,EASY
1992-03,-0.0232,FF_market_TR,51410.532748699516,49167.85444394224,0.045612694109201435,True,0.14005242047276334,18.336421679269925,0.9000000000000004,0.0,3.843416370106767,-0.7517696255168849,0.0,,,,,1.0,100.0,100.0,100,100.0,100.0,100.0,50.0,97.5,EASY
1992-04,0.0139,FF_market_TR,52125.13915390644,49886.10793527103,0.04488286040555889,True,0.15301660759833902,18.32573818431334,0.8800000000000008,-0.05999999999999883,3.8325053229240735,-0.6006342119596386,0.0,,,,,1.0,100.0,100.0,100,100.0,100.0,100.0,50.0,97.5,EASY
1992-05,0.0058,FF_market_TR,52427.4649609991,50422.015489250945,0.039773290541622375,True,0.11381492885363964,16.35985452258057,0.8500000000000014,-0.11999999999999733,3.892427459306447,-0.6003261638819475,0.0,,,,,1.0,100.0,100.0,100,100.0,100.0,100.0,50.0,97.5,EASY
1992-06,-0.0202,FF_market_TR,51368.430168786916,50721.16944141871,0.01276115544054579,True,0.14297849527733142,5.673154325417244,0.8300000000000001,-0.11999999999999911,3.7376586741889817,-0.663495726965424,0.0,,,,,1.0,50.0,100.0,100,100.0,100.0,100.0,100.0,85.0,EASY
1992-07,0.0408,FF_market_TR,53464.262119673425,51284.57247510635,0.04250185853894162,True,0.13588467285844263,8.295569902062201,0.7699999999999996,-0.16000000000000203,3.7245256500351154,-0.28981126752760655,0.0,,,,,1.0,100.0,100.0,100,100.0,100.0,100.0,100.0,100.0,EASY
1992-08,-0.0212,FF_market_TR,52330.81976273635,51652.841576751714,0.013125670636671805,True,0.08173177446375113,8.878389493596256,0.7000000000000002,-0.240000000000001,3.498950314905525,-0.21003684629277108,0.0,,,,,1.0,50.0,100.0,100,100.0,100.0,100.0,100.0,85.0,EASY
1992-09,0.0144999999999999,FF_market_TR,53089.61664929602,52281.853256288916,0.015450167557133021,True,0.10995942671535897,8.155086756129592,0.6999999999999993,-0.20000000000000107,3.2775453277545274,-0.5658710423522395,0.0,,,,,1.0,50.0,100.0,100,100.0,100.0,100.0,100.0,85.0,EASY
1992-10,0.0125,FF_market_TR,53753.236857412216,52452.136568276714,0.02480547741733763,True,0.10493945487100675,8.123230884321845,0.8499999999999996,-0.030000000000001137,3.549060542797511,-0.2834447801265627,0.0,,,,,1.0,100.0,100.0,100,100.0,100.0,100.0,100.0,100.0,EASY
1992-11,0.0436,FF_market_TR,56096.877984395396,52869.796593897205,0.0610382789116064,True,0.19866404896401524,9.764728362837351,0.8600000000000012,0.009999999999999787,3.4674063800277377,-0.42502107927870947,0.0,,,,,1.0,100.0,100.0,100,100.0,100.0,100.0,100.0,100.0,EASY
1992-12,0.0181,FF_market_TR,57112.23147591295,53317.86118818183,0.0711650880806931,True,0.09724857781897467,8.130439102533156,0.8300000000000001,0.0,3.386316516931598,-0.3513421572573838,0.0,,,,,1.0,100.0,100.0,100,100.0,100.0,100.0,100.0,100.0,EASY
1993-01,0.0116,FF_market_TR,57774.73336103354,53954.28124941523,0.0708090632133056,True,0.11275855771596488,7.1603379808498,0.7599999999999998,-0.009999999999999787,3.4458993797381154,-0.27862627029699993,0.0,,,,,1.0,100.0,100.0,100,100.0,100.0,100.0,100.0,100.0,EASY
1993-02,0.0034,FF_market_TR,57971.16745446106,54538.88407947069,0.06293277599866287,True,0.10145204381197503,4.772190272820245,0.6800000000000006,-0.019999999999999574,3.576341127922955,0.07739081301743012,0.0,,,,,1.0,100.0,100.0,100,100.0,100.0,100.0,100.0,100.0,EASY
1993-03,0.0255,FF_market_TR,59449.43222454982,55241.08080582577,0.07618155469326426,True,0.15636678023052886,4.870749428989355,0.5700000000000003,-0.129999999999999,3.358464701850594,0.08091937409606675,0.0,,,,,1.0,100.0,100.0,100,100.0,100.0,100.0,100.0,100.0,EASY
1993-04,-0.0280999999999999,FF_market_TR,57778.90317903998,55882.12810685107,0.03394242732778752,True,0.10846520732424425,8.341819945311695,0.6800000000000006,-0.16999999999999904,3.4859876965140035,-0.06307284628350729,0.0,,,,,1.0,100.0,100.0,100,100.0,100.0,100.0,100.0,100.0,EASY
1993-05,0.0311,FF_market_TR,59575.82706790812,56493.284601674546,0.05456475912080716,True,0.136347658850694,7.3458124125245705,0.7800000000000011,-0.08000000000000007,3.405994550408709,-0.06141182961902869,0.0,,,,,1.0,100.0,100.0,100,100.0,100.0,100.0,100.0,100.0,EASY
1993-06,0.0056,FF_market_TR,59909.45169948841,57251.14779534975,0.0464323250538321,True,0.16626985684859985,7.23781458729084,0.7400000000000002,-0.08999999999999986,3.3990482664853827,0.012731749553784866,0.0,,,,,1.0,100.0,100.0,100,100.0,100.0,100.0,100.0,100.0,EASY
1993-07,-0.001,FF_market_TR,59849.542247788915,57927.14035519904,0.03318654918578834,True,0.119430809945956,7.31401121136686,0.7599999999999998,0.0,3.1842818428184483,-0.26161753691966716,0.0,,,,,1.0,100.0,100.0,100,100.0,100.0,100.0,100.0,100.0,EASY
1993-08,0.0395999999999999,FF_market_TR,62219.584120801344,58773.775081537955,0.058628342904347264,True,0.1889663567836286,8.662620850527851,0.75,0.0699999999999994,3.313049357674114,-0.2632917702488413,0.0,,,,,1.0,100.0,100.0,100,100.0,100.0,100.0,100.0,100.0,EASY
1993-09,0.0014,FF_market_TR,62306.69153857048,59394.75643695546,0.04902680432246398,True,0.17361351373398315,8.436549057523457,0.6799999999999997,0.10999999999999943,3.241053342336264,-0.11741135951433002,0.0,,,,,1.0,100.0,100.0,100,100.0,100.0,100.0,100.0,100.0,EASY
1993-10,0.0163,FF_market_TR,63322.29061064918,60015.76235042908,0.055094330734539954,True,0.17801818667441704,5.783867218392902,0.6399999999999997,-0.040000000000000924,3.091397849462352,-0.39458984705165134,0.0,,,,,1.0,100.0,100.0,100,100.0,100.0,100.0,100.0,100.0,EASY
1993-11,-0.0163999999999999,FF_market_TR,62283.80504463454,60466.66951878918,0.03005185402646826,True,0.11029004255745156,6.558210121671918,0.7300000000000004,-0.05000000000000071,3.1501340482573914,-0.2558605021513176,0.0,,,,,1.0,100.0,100.0,100,100.0,100.0,100.0,100.0,100.0,EASY
1993-12,0.0187999999999999,FF_market_TR,63454.74057947366,61015.02683129044,0.03998545726988123,True,0.11105342830520737,6.725940826382576,0.7600000000000007,0.020000000000000462,3.141711229946531,-0.25733703653885165,0.0,,,,,1.0,100.0,100.0,100,100.0,100.0,100.0,100.0,100.0,EASY
1994-01,0.0312,FF_market_TR,65434.52848555323,61613.53645739078,0.06201546361171584,True,0.13258036305687004,7.021991170601105,0.7300000000000004,-0.02999999999999936,2.931379080612939,-0.2529027622055091,0.0,,,,,1.0,100.0,100.0,100,100.0,100.0,100.0,100.0,100.0,EASY
1994-02,-0.0233999999999999,FF_market_TR,63903.36051899129,62225.98219138592,0.026956237065834054,True,0.10233006035612857,7.399429707754511,0.6799999999999997,-0.07000000000000028,2.788844621513964,-0.5242047361601498,0.0,,,,,-1.0,100.0,100.0,100,0.0,100.0,100.0,100.0,85.0,EASY
1994-03,-0.0451,FF_market_TR,61021.31895958478,62370.53138055359,-0.021632209812941894,True,0.026440735869397436,10.259169557035312,0.6500000000000004,-0.02999999999999936,2.984084880636595,-0.25696846169966925,0.0,,,,,-1.0,0.0,50.0,100,0.0,100.0,100.0,100.0,50.0,UNCERTAIN
1994-04,0.0095,FF_market_TR,61601.02148970084,62539.68835957482,-0.015009138908353203,True,0.06615075919349356,9.992156924308194,0.6399999999999997,0.0,2.7080581241743618,-0.38333972528799043,0.0,,,,,-1.0,50.0,100.0,100,0.0,100.0,100.0,100.0,70.0,EASY
1994-05,0.0088999999999999,FF_market_TR,62149.27058095917,62769.66119289185,-0.009883606190356997,True,0.04319610217274339,9.892916657892156,0.629999999999999,-0.10000000000000142,2.7009222661396493,-0.44921178211774215,0.0,,,,,-1.0,50.0,50.0,100,0.0,100.0,100.0,100.0,65.0,UNCERTAIN
1994-06,-0.0272,FF_market_TR,60458.81042115708,62593.58382292742,-0.034105307147925146,False,0.009169817217228315,9.931898106605821,0.6800000000000006,-0.08000000000000007,2.827087442472065,-0.3146237874744662,0.0,,,,,-1.0,0.0,50.0,100,0.0,100.0,100.0,100.0,50.0,UNCERTAIN
1994-07,0.0309999999999999,FF_market_TR,62333.03354421294,62596.218023491674,-0.004204478922032684,True,0.041495577128090266,9.91312866858895,0.6900000000000013,-0.03999999999999915,2.8890347997373444,-0.04234428087559472,0.0,,,,,-1.0,50.0,50.0,100,0.0,100.0,100.0,100.0,65.0,UNCERTAIN
1994-08,0.0438,FF_market_TR,65063.22041344948,62770.311003771705,0.0365285653840397,True,0.04570323528886222,11.747287346447271,0.6699999999999999,-0.009999999999999787,2.814136125654443,0.02529150414047887,0.0,,,,,-1.0,100.0,50.0,100,0.0,100.0,100.0,100.0,80.0,EASY
1994-09,-0.0194,FF_market_TR,63800.99393742856,62922.02989305111,0.013969098674525116,True,0.023983016301436066,9.5538557661292,0.6400000000000006,-0.009999999999999787,3.00850228907783,0.02441740844123519,0.0,,,,,-1.0,50.0,50.0,100,0.0,100.0,100.0,100.0,65.0,UNCERTAIN
1994-10,0.0172,FF_market_TR,64898.37103315234,63066.392938418976,0.0290484045365047,True,0.024889820113963124,9.648968856826109,0.629999999999999,-0.010000000000000675,2.8683181225554133,0.16025999838105154,0.0,,,,,-1.0,100.0,50.0,100,0.0,100.0,100.0,100.0,80.0,EASY
1994-11,-0.0366999999999999,FF_market_TR,62516.60081623565,62774.60017148722,-0.0041099322743078925,False,0.0037376613621196153,11.61972977310574,0.6400000000000006,0.010000000000001563,2.794022092267689,0.0930998261280398,0.0,,,,,-1.0,50.0,50.0,100,0.0,100.0,100.0,100.0,65.0,UNCERTAIN
1994-12,0.013,FF_market_TR,63329.31662684671,62717.19578227275,0.009760016163652852,False,-0.001976589163891762,10.585644996881387,0.6399999999999988,-0.04000000000000181,2.5923525599481634,-0.2347348825239015,0.0,,,,,-1.0,50.0,0.0,100,0.0,100.0,100.0,100.0,60.0,UNCERTAIN
1995-01,0.0222,FF_market_TR,64735.227455962704,63088.58663191055,0.026100455121295774,True,-0.010687033983058591,10.195726555768356,0.6199999999999992,-0.07000000000000206,2.9126213592233,0.02358655948595567,0.0,,,,,-1.0,100.0,0.0,100,0.0,100.0,100.0,100.0,75.0,EASY
1995-02,0.0403,FF_market_TR,67344.05712243801,63662.89019518427,0.05782280565597375,True,0.05384218569263166,9.897587584861277,0.5899999999999999,-0.08000000000000007,2.971576227390172,0.15744010173572898,0.0,,,,,-1.0,100.0,100.0,100,0.0,100.0,100.0,100.0,85.0,EASY
1995-03,0.0265,FF_market_TR,69128.67463618261,64360.83060070661,0.07407990218547078,True,0.13286103635300694,9.16061351657191,0.5800000000000001,-0.0600000000000005,2.962009014810052,-0.04649327426777816,0.0,,,,,-1.0,100.0,100.0,100,0.0,100.0,100.0,100.0,85.0,EASY
1995-04,0.0255,FF_market_TR,70891.45583940527,65404.09514253142,0.08389934429817525,True,0.1508162385141245,9.309625126716968,0.5700000000000003,-0.05999999999999872,3.151125401929256,0.28280727937384276,0.0,,,,,-1.0,100.0,100.0,100,0.0,100.0,100.0,100.0,85.0,EASY
1995-05,0.0344,FF_market_TR,73330.12192028081,66503.80398013821,0.10264552599399157,True,0.17990317882744633,3.2979569433211267,0.5499999999999989,-0.09000000000000163,3.078896728672209,0.28487463640452004,0.0,,,,,-1.0,100.0,100.0,100,0.0,100.0,100.0,100.0,85.0,EASY
1995-06,0.0319,FF_market_TR,75669.35280953778,67564.41721974705,0.11995863981820754,True,0.25158520788655636,2.3097705513751765,0.6000000000000005,-0.03999999999999826,3.005115089514065,0.41276252956590165,0.0,,,,,-1.0,100.0,100.0,100,0.0,100.0,100.0,100.0,85.0,EASY
1995-07,0.0417,FF_market_TR,78824.76482169551,69066.79430817373,0.14128309575194753,True,0.2645745015086576,2.348284480211021,0.629999999999999,0.009999999999999787,2.999361837906833,0.08674047868353307,0.0,,,,,1.0,100.0,100.0,100,100.0,100.0,100.0,100.0,100.0,EASY
1995-08,0.0102,FF_market_TR,79628.77742287681,70539.83494714618,0.12884836606919703,True,0.22386775380728663,3.6934320083088035,0.6199999999999992,0.02999999999999936,2.991725015913449,0.020148788523277172,0.0,,,,,1.0,100.0,100.0,100,100.0,100.0,100.0,100.0,100.0,EASY
1995-09,0.0378,FF_market_TR,82638.74520946156,72552.04938646877,0.13902702829610192,True,0.29525795931185206,3.896506127288905,0.6099999999999994,0.02999999999999936,2.984126984126978,0.022117969316926,0.0,,,,,1.0,100.0,100.0,100,100.0,100.0,100.0,100.0,100.0,EASY
1995-10,-0.0105,FF_market_TR,81771.03838476221,74396.22156226033,0.09912891632984455,True,0.25998599168214453,7.022162060220488,0.6299999999999999,0.05999999999999961,3.10519645120404,-0.045928950725215856,0.0,,,,,1.0,100.0,100.0,100,100.0,100.0,100.0,100.0,100.0,EASY
1995-11,0.0438,FF_market_TR,85352.60986601481,76457.95980326553,0.11633386616169417,True,0.3652791218912308,7.460404814753691,0.6600000000000001,0.11000000000000121,3.034134007585343,-0.044762721086866186,0.0,,,,,1.0,100.0,100.0,100,100.0,100.0,100.0,100.0,100.0,EASY
1995-12,0.0152,FF_market_TR,86649.96953597825,78388.55104461955,0.10539062632572715,True,0.36824419007302844,7.507265813863265,0.6699999999999999,0.0699999999999994,3.032217308907126,0.02710221939306079,0.0,,,,,1.0,100.0,100.0,100,100.0,100.0,100.0,100.0,100.0,EASY
1996-01,0.0269,FF_market_TR,88980.85371649606,80373.7689526509,0.10708823134716616,True,0.37453527566620304,6.890503610041873,0.6600000000000001,0.030000000000001137,2.955974842767284,-0.043386995139549356,0.0,,,,,1.0,100.0,100.0,100,100.0,100.0,100.0,100.0,100.0,EASY
1996-02,0.0172,FF_market_TR,90511.32440041979,82335.75580875235,0.09929548239840624,True,0.344013536871731,6.706402910651884,0.6399999999999997,0.020000000000000462,2.885821831869517,-0.10590318404393217,0.0,,,,,0.0,100.0,100.0,100,50.0,100.0,100.0,100.0,92.5,EASY
1996-03,0.0112,FF_market_TR,91525.05123370451,84155.24874009474,0.08757388997055515,True,0.3239809921916168,6.213945606456507,0.6799999999999997,0.07000000000000028,2.814258911819878,-0.1698680723071,0.0,,,,,0.0,100.0,100.0,100,50.0,100.0,100.0,100.0,92.5,EASY
1996-04,0.0252,FF_market_TR,93831.48252479386,85971.46171162034,0.09142592968279284,True,0.32359367449521725,4.057688997446706,0.6899999999999995,0.05999999999999961,2.618453865336656,-0.4867425858673844,0.0,,,,,0.0,100.0,100.0,100,50.0,100.0,100.0,100.0,92.5,EASY
1996-05,0.0278,FF_market_TR,96439.99773898313,87732.98500334911,0.09924446016856314,True,0.31514847123567713,2.40882543991882,0.6800000000000006,0.020000000000000462,2.675793403858129,-0.3583406037272141,0.0,,,,,0.0,100.0,100.0,100,50.0,100.0,100.0,100.0,92.5,EASY
1996-06,-0.0073999999999999,FF_market_TR,95726.34175571467,89342.74143663289,0.07145068772721075,True,0.2650609289161092,4.675198391512389,0.6900000000000004,0.020000000000000462,2.669149596523912,-0.3630677123832138,0.0,,,,,0.0,100.0,100.0,100,50.0,100.0,100.0,100.0,92.5,EASY
1996-07,-0.0552,FF_market_TR,90442.24769079922,90123.09168476667,0.0035413344134809233,True,0.14738366673700676,10.813384299098978,0.6999999999999993,0.03999999999999915,2.664188351920682,-0.2917864908466017,0.0,,,,,0.0,50.0,100.0,100,50.0,100.0,100.0,100.0,77.5,EASY
1996-08,0.0318,FF_market_TR,93318.31116736664,91277.8189630271,0.022354743217145367,True,0.17191691480820004,11.447724664753263,0.7199999999999998,0.08000000000000007,2.595797280593315,-0.29002455127620186,0.0,,,,,0.0,100.0,100.0,100,50.0,100.0,100.0,100.0,92.5,EASY
1996-09,0.0545,FF_market_TR,98404.15912598812,92582.97388902443,0.06287533217437269,True,0.19077508832650492,13.425964397390604,0.6899999999999995,0.009999999999999787,2.6510480887792958,-0.1632108230405822,0.0,,,,,0.0,100.0,100.0,100,50.0,100.0,100.0,100.0,92.5,EASY
1996-10,0.0128,FF_market_TR,99663.73236280076,93884.35017170667,0.06155852578756815,True,0.2188145623618838,13.264287391337692,0.6800000000000006,-0.009999999999998899,2.519975414874009,-0.0984784504626468,0.0,,,,,0.0,100.0,100.0,100,50.0,100.0,100.0,100.0,92.5,EASY
1996-11,0.0666,FF_market_TR,106301.33693816328,95616.39849387339,0.11174797014525217,True,0.24543745182523935,15.422908934439054,0.6900000000000004,0.009999999999999787,2.5766871165644023,-0.0991062872937265,0.0,,,,,0.0,100.0,100.0,100,50.0,100.0,100.0,50.0,90.0,EASY
1996-12,-0.0124,FF_market_TR,104983.20036013005,97063.58608984442,0.08159202219208184,True,0.21157804119642076,15.629015324069528,0.6899999999999995,-8.881784197001252e-16,2.636419374616805,-0.03273022190710684,0.0,,,,,0.0,100.0,100.0,100,50.0,100.0,100.0,50.0,90.0,EASY
1997-01,0.0543,FF_market_TR,110683.78813968512,98979.4597804425,0.1182500731485634,True,0.24390566640703715,10.39251268943175,0.6699999999999999,-0.02999999999999936,2.504581551618834,-0.15960680030184804,0.0,,,,,0.0,100.0,100.0,100,50.0,100.0,100.0,100.0,92.5,EASY
1997-02,-0.0009999999999999,FF_market_TR,110573.10435154544,100653.62196311765,0.09855067502749737,True,0.2216493912117874,11.572788773670753,0.6300000000000008,-0.08999999999999897,2.499999999999991,-0.09579728059332382,0.0,,,,,0.0,100.0,100.0,100,50.0,100.0,100.0,100.0,92.5,EASY
1997-03,-0.0458999999999999,FF_market_TR,105497.7988618095,101559.40207540027,0.03877924353557405,True,0.1526658268939538,14.60430073642692,0.6299999999999999,-0.05999999999999961,2.4330900243308973,-0.2179580644483985,0.0,,,,,0.0,100.0,100.0,100,50.0,100.0,100.0,100.0,92.5,EASY
1997-04,0.0447,FF_market_TR,110213.55047093239,103008.12294692206,0.06995009051590162,True,0.17459031345699727,15.30523701221251,0.6099999999999994,-0.07000000000000117,2.612393681652492,0.0924182667784832,0.0,,,,,0.0,100.0,100.0,100,50.0,100.0,100.0,50.0,90.0,EASY
1997-05,0.0723,FF_market_TR,118181.99016998081,105782.0971948402,0.11722109226385657,True,0.2254457998831858,15.75673062535499,0.6199999999999992,-0.07000000000000117,2.54545454545454,-0.031232571109862217,0.0,,,,,0.0,100.0,100.0,100,50.0,100.0,100.0,50.0,90.0,EASY
1997-06,0.0447,FF_market_TR,123464.72513057895,108796.73859116144,0.1348200941439721,True,0.289767506687451,15.110765698666615,0.6099999999999994,-0.08000000000000007,2.41837968561065,-0.21803968900615533,0.0,,,,,0.0,100.0,100.0,100,50.0,100.0,100.0,50.0,90.0,EASY
1997-07,0.0776,FF_market_TR,133045.58780071186,112260.88145863381,0.18514647374951232,True,0.47105574217442525,16.38297653053313,0.6100000000000003,-0.05999999999999961,2.4140012070005934,-0.09058034461824072,0.0,,,,,0.0,100.0,100.0,100,50.0,100.0,100.0,50.0,90.0,EASY
1997-08,-0.0374,FF_market_TR,128069.68281696524,115101.47650405027,0.11266759303872731,True,0.37239606262560754,18.779648559011953,0.6000000000000005,-0.03000000000000025,2.2891566265060392,-0.21084337349395188,0.0,,,,,0.0,100.0,100.0,100,50.0,100.0,100.0,50.0,90.0,EASY
1997-09,0.0579,FF_market_TR,135484.91745206754,118019.8345554407,0.14798430248961658,True,0.37682104755963053,14.488941990359402,0.5499999999999998,-0.08000000000000007,2.2222222222222143,-0.21086780210868294,0.0,,,,,0.0,100.0,100.0,100,50.0,100.0,100.0,100.0,92.5,EASY
1997-10,-0.0338,FF_market_TR,130905.52724218764,120612.06724364645,0.08534353347702384,True,0.31347205386267274,18.10798829246363,0.5700000000000003,-0.03999999999999915,2.278177458033559,-0.3342162236189332,0.0,,,,,0.0,100.0,100.0,100,50.0,100.0,100.0,50.0,90.0,EASY
1997-11,0.0337,FF_market_TR,135317.04351024938,123075.39278070288,0.09946464888687223,True,0.2729571180178558,16.725024364705725,0.5499999999999998,-0.0699999999999994,2.1531100478469067,-0.39234449760763335,0.0,,,,,0.0,100.0,100.0,100,50.0,100.0,100.0,50.0,90.0,EASY
1997-12,0.018,FF_market_TR,137752.75029343387,125793.35737489173,0.0950717364423348,True,0.3121408932180816,16.34556331240989,0.5600000000000005,-0.049999999999998934,2.270011947431283,-0.14836773817936688,0.0,,,,,0.0,100.0,100.0,100,50.0,100.0,100.0,50.0,90.0,EASY
1998-01,0.0058,FF_market_TR,138551.7162451358,129098.74911322436,0.07322276317039167,True,0.25177967409536794,13.018141188357127,0.5800000000000001,-0.03000000000000025,2.264600715137055,-0.14940049186353832,0.0,,,,,0.0,100.0,100.0,100,50.0,100.0,100.0,100.0,92.5,EASY
1998-02,0.0742999999999999,FF_market_TR,148846.10876214932,132962.00494234604,0.11946348001213436,True,0.3461330369175708,13.378671084977006,0.5800000000000001,-0.020000000000000462,2.2605591909577782,-0.028597435548260997,0.0,,,,,0.0,100.0,100.0,100,50.0,100.0,100.0,100.0,92.5,EASY
1998-03,0.0515,FF_market_TR,156511.68336340005,136794.97426168798,0.14413328565707473,True,0.48355401773275974,13.038529058141481,0.6000000000000005,0.05000000000000071,2.25653206650831,0.034309844286095625,0.0,,,,,0.0,100.0,100.0,100,50.0,100.0,100.0,100.0,92.5,EASY
1998-04,0.0116,FF_market_TR,158327.2188904155,140281.22363767162,0.12864155861196624,True,0.4365494824719631,9.125298899214194,0.6399999999999997,0.0699999999999994,2.131438721136769,-0.14673873689678985,0.0,,,,,0.0,100.0,100.0,100,50.0,100.0,100.0,100.0,92.5,EASY
1998-05,-0.0266999999999999,FF_market_TR,154099.8821460414,142386.6530722046,0.08226353257911767,True,0.3039201821225044,12.357464141157749,0.6099999999999994,0.05999999999999961,2.1867612293144267,0.03365118146752,0.0,,,,,0.0,100.0,100.0,100,50.0,100.0,100.0,100.0,92.5,EASY
1998-06,0.0359,FF_market_TR,159632.0679150843,145542.89158201648,0.09680429033614657,True,0.2929366484739182,12.46275731930938,0.5999999999999996,0.03999999999999915,2.2432113341204207,-0.026800613310862254,0.0,,,,,0.0,100.0,100.0,100,50.0,100.0,100.0,100.0,92.5,EASY
1998-07,-0.0206,FF_market_TR,156343.64731603357,147628.76456841308,0.05903241670482107,True,0.1751133570112804,13.931857019076805,0.6000000000000005,0.020000000000000462,2.2392457277548683,-0.025354987382186778,0.0,,,,,0.0,100.0,100.0,100,50.0,100.0,100.0,100.0,92.5,EASY
1998-08,-0.1564999999999999,FF_market_TR,131875.86651107433,147725.79849530174,-0.10729291799855456,True,0.029719630832137023,25.864854919368867,0.6200000000000001,0.040000000000000036,2.473498233215543,0.21293904225776483,0.0,,,,,0.0,0.0,50.0,100,50.0,100.0,100.0,0.0,52.5,UNCERTAIN
1998-09,0.0661,FF_market_TR,140592.86128745636,148253.38027302246,-0.05167179980286818,True,0.03770119900760105,26.86234837090755,0.6899999999999995,0.08999999999999897,2.3501762632197387,0.09364419671142876,0.0,,,,,1.0,0.0,50.0,100,100.0,100.0,100.0,0.0,60.0,UNCERTAIN
1998-10,0.0745,FF_market_TR,151067.02945337183,149584.80818901624,0.009908902396576602,True,0.15401566790899124,29.683755153282064,0.8099999999999996,0.16999999999999993,2.2274325908558046,0.09599386971903545,0.0,,,,,1.0,50.0,100.0,100,100.0,100.0,100.0,0.0,80.0,EASY
1998-11,0.0640999999999999,FF_market_TR,160750.42604133295,151804.67916863595,0.058929322348222124,True,0.18795402169097164,30.813626206598904,0.9299999999999996,0.3200000000000002,2.3419203747072626,0.15515914539283582,0.0,,,,,1.0,100.0,100.0,50,100.0,100.0,100.0,0.0,85.0,EASY
1998-12,0.0654,FF_market_TR,171263.50390443607,154046.41868286463,0.11176556630645362,True,0.2432674014828693,31.665959009636808,1.010000000000001,0.41000000000000125,2.453271028037385,0.2100596939169641,0.0,,,,,1.0,100.0,100.0,0,100.0,100.0,100.0,0.0,75.0,EASY
1999-01,0.0385,FF_market_TR,177857.14880475687,156180.96522700033,0.13878889496073632,True,0.2836878071584408,31.14772351232107,1.0499999999999998,0.4499999999999993,2.331002331002341,0.09175660324747259,0.0,,,,,1.0,100.0,100.0,0,100.0,100.0,100.0,0.0,75.0,EASY
1999-02,-0.0373,FF_market_TR,171223.07715433944,157470.5510533927,0.08733395551707779,True,0.15033626729166105,14.62465452583408,0.9899999999999992,0.3699999999999991,2.1524141942990127,-0.32108403891653037,0.0,,,,,1.0,100.0,100.0,50,100.0,100.0,100.0,100.0,90.0,EASY
1999-03,0.0388,FF_market_TR,177866.53254792778,159847.21609358134,0.11272837209624709,True,0.13644252445323524,14.192279591383453,0.91,0.22000000000000053,2.0325203252032464,-0.3176559380164923,0.0,,,,,1.0,100.0,100.0,50,100.0,100.0,100.0,100.0,90.0,EASY
1999-04,0.047,FF_market_TR,186226.25957768038,162506.63525984096,0.1459609589473856,True,0.1762112723433542,13.110522491495116,0.8400000000000007,0.030000000000001137,2.202898550724641,-0.02453404013116378,0.0,,,,,1.0,100.0,100.0,100,100.0,100.0,100.0,100.0,100.0,EASY
1999-05,-0.0212,FF_market_TR,182278.26287463357,165100.09681570096,0.10404697750182645,True,0.1828578992804637,14.237140162265726,0.79,-0.13999999999999957,2.0821283979178595,-0.259791976789403,0.0,,,,,1.0,100.0,100.0,100,100.0,100.0,100.0,100.0,100.0,EASY
1999-06,0.0516999999999999,FF_market_TR,191702.0490652521,171082.71507111873,0.12052260209666388,True,0.20089936545348341,13.335008061489862,0.7899999999999991,-0.22000000000000175,1.9630484988452768,-0.49022252919210807,0.0,,,,,-1.0,100.0,100.0,100,0.0,100.0,100.0,100.0,85.0,EASY
1999-07,-0.0309,FF_market_TR,185778.45574913578,175601.27451728666,0.05795619228747251,True,0.188269935737156,14.530465925083053,0.7599999999999998,-0.29000000000000004,2.074927953890482,-0.256074377111859,0.0,,,,,-1.0,100.0,100.0,100,0.0,100.0,100.0,100.0,85.0,EASY
1999-08,-0.0098999999999999,FF_market_TR,183939.24903721936,178888.49647567145,0.02823408246507797,True,0.3947908279470753,12.905392671282792,0.75,-0.23999999999999921,1.8965517241379404,-0.25586247016107233,0.0,,,,,-1.0,100.0,100.0,100,0.0,100.0,100.0,100.0,85.0,EASY
1999-09,-0.0242,FF_market_TR,179487.91921051865,180762.24579259002,-0.00704973860268121,True,0.2766503047657407,12.909297424724544,0.8099999999999996,-0.10000000000000042,2.066590126291623,0.03406980108837665,0.0,,,,,-1.0,50.0,100.0,100,0.0,100.0,100.0,100.0,70.0,EASY
1999-10,0.0652,FF_market_TR,191190.53154304446,182754.94855645084,0.04615789095302092,True,0.2656006557807977,14.577858553299237,0.830000000000001,-0.009999999999999787,2.1215596330275144,-0.08133891769712642,0.0,,,,,-1.0,100.0,100.0,100,0.0,100.0,100.0,100.0,85.0,EASY
1999-11,0.0373,FF_market_TR,198321.93836960004,184801.42751293516,0.07316237238328971,True,0.23372574028890303,14.389640718238923,0.79,0.0,2.0594965675057253,-0.022631830412134235,0.0,,,,,-1.0,100.0,100.0,100,0.0,100.0,100.0,100.0,85.0,EASY
1999-12,0.0816,FF_market_TR,214505.0085405594,189129.62065155717,0.13416929511931164,True,0.2524852268598441,16.667488113090094,0.6399999999999997,-0.14999999999999947,1.881413911060425,-0.08163458778485166,0.0,,,,,-1.0,100.0,100.0,100,0.0,100.0,100.0,50.0,82.5,EASY
2000-01,-0.0433,FF_market_TR,205216.94167075315,191864.6615638397,0.06959218022788782,True,0.15383015554820667,17.637651771140046,0.5499999999999998,-0.20999999999999996,2.1070615034168627,0.03213354952638081,0.0,,,,,-1.0,100.0,100.0,100,0.0,100.0,100.0,50.0,82.5,EASY
2000-02,0.0288,FF_market_TR,211127.18959087084,194354.7545651587,0.08629804330353563,True,0.23305335413731698,17.01810800294791,0.6099999999999994,-0.14000000000000057,2.1640091116173155,0.2674573874793751,0.0,,,,,-1.0,100.0,100.0,100,0.0,100.0,100.0,50.0,82.5,EASY
2000-03,0.0567,FF_market_TR,223098.10124067322,198436.7384017627,0.12427821096807268,True,0.25430061543791194,15.24584795936256,0.6899999999999995,-0.1200000000000001,2.4473534433693933,0.3807633170777702,0.0,,,,,-1.0,100.0,100.0,100,0.0,100.0,100.0,50.0,82.5,EASY
2000-04,-0.0594,FF_market_TR,209846.0740269772,200251.1408979352,0.04791449919345214,True,0.12683396263696278,19.456792130256208,0.7600000000000007,-0.07000000000000028,2.2688598979013097,0.14730026487379533,1.0,,,,,-1.0,100.0,100.0,100,0.0,0.0,100.0,50.0,72.5,EASY
2000-05,-0.0392,FF_market_TR,201620.1079251197,201835.30611553363,-0.0010662068721056794,True,0.10611163802778267,20.51551997878679,0.91,0.12,2.3796033994334165,0.3201068319276912,1.0,,,,,-1.0,50.0,100.0,100,0.0,0.0,100.0,50.0,57.5,UNCERTAIN
2000-06,0.0504,FF_market_TR,211781.76136454573,204619.55734826624,0.035002538902423996,True,0.10474438013158038,18.012249165498464,0.8100000000000005,0.17000000000000082,2.5481313703284325,0.6667174592680074,1.0,,,,,-1.0,100.0,100.0,100,0.0,0.0,100.0,50.0,72.5,EASY
2000-07,-0.0203,FF_market_TR,207482.59160884545,207419.02458809892,0.0003064666843977104,True,0.11682805614994263,16.980044758480467,0.6999999999999993,0.14999999999999947,2.4844720496894457,0.37741054627258297,1.0,,,,,-1.0,50.0,100.0,100,0.0,0.0,100.0,50.0,57.5,UNCERTAIN
2000-08,0.0753,FF_market_TR,223106.0307569915,210610.57450949363,0.059329671725170785,True,0.21293324793256563,19.736375553783926,0.71,0.10000000000000053,2.5944726452340694,0.43046353361675394,1.0,,,,,-1.0,100.0,100.0,100,0.0,0.0,100.0,50.0,72.5,EASY
2000-09,-0.0494,FF_market_TR,212084.5928375961,211986.8399562932,0.00046112712149048996,True,0.18160929031020356,19.488605901910997,0.7299999999999995,0.040000000000000036,2.53093363329584,0.08358018992644656,1.0,,,,,-1.0,50.0,100.0,100,0.0,0.0,100.0,50.0,57.5,UNCERTAIN
2000-10,-0.022,FF_market_TR,207418.731795169,211278.21228175418,-0.018267290530829983,False,0.08487972767872631,17.71699748828791,0.79,0.02999999999999936,2.5266704098820814,0.25781051198077165,1.0,,,,,-1.0,50.0,100.0,100,0.0,0.0,100.0,50.0,57.5,UNCERTAIN
2000-11,-0.1021,FF_market_TR,186241.27927888226,209380.6460425671,-0.11051339844935149,False,-0.06091438592236742,22.55562457570174,0.8299999999999992,-0.08000000000000085,2.6345291479820565,0.25492574854864003,1.0,,,,,-1.0,0.0,0.0,100,0.0,0.0,100.0,50.0,32.5,HARD
2000-12,0.0169,FF_market_TR,189388.75689869534,207206.80277334957,-0.08599160662762728,False,-0.11708934822897155,20.78237714988351,0.8099999999999996,-8.881784197001252e-16,2.5741466144376224,0.026015244109189872,1.0,,,,,-1.0,0.0,0.0,100,0.0,0.0,100.0,50.0,32.5,HARD
2001-01,0.0366999999999999,FF_market_TR,196339.32427687745,204530.92507696996,-0.0400506710513816,False,-0.04325967106613848,22.083387421317408,0.7799999999999994,0.08000000000000007,2.5655326268823275,0.08106057719288184,0.0,,,,,1.0,0.0,0.0,100,100.0,100.0,100.0,50.0,57.5,UNCERTAIN
2001-02,-0.0967,FF_market_TR,177353.31161930342,201281.6488362026,-0.11887987481845097,False,-0.1599693437733697,19.907526214977093,0.7700000000000005,0.0600000000000005,2.7870680044593144,0.19259535922524496,0.0,,,,,1.0,0.0,0.0,100,100.0,100.0,100.0,50.0,57.5,UNCERTAIN
2001-03,-0.0684,FF_market_TR,165222.34510454306,197641.8725541449,-0.16403167522469397,False,-0.259418416446741,20.38772179523745,0.8599999999999994,0.1299999999999999,2.6111111111110974,0.08017747781525753,0.0,,,,,1.0,0.0,0.0,100,100.0,100.0,100.0,50.0,57.5,UNCERTAIN
2001-04,0.0833,FF_market_TR,178985.3664517515,194362.2330628655,-0.07911447799707283,False,-0.14706354511668562,26.920134472175285,0.8700000000000001,0.08000000000000007,2.66222961730449,0.1355592074224088,0.0,,,,,1.0,0.0,0.0,100,100.0,100.0,100.0,0.0,55.0,UNCERTAIN
2001-05,0.0104,FF_market_TR,180846.81426284972,191698.65532826594,-0.05660885334241639,False,-0.10303185468973675,23.31841847124285,0.7800000000000002,-0.049999999999998934,2.54565578306587,-0.08887336491618658,0.0,,,,,1.0,0.0,0.0,100,100.0,100.0,100.0,50.0,57.5,UNCERTAIN
2001-06,-0.0166,FF_market_TR,177844.75714608643,187172.5279671754,-0.04983514900608066,False,-0.16024516936584832,23.113806263789616,0.79,-0.019999999999999574,2.705687465488693,0.13154085105107072,0.0,,,,,1.0,0.0,0.0,100,100.0,100.0,100.0,50.0,57.5,UNCERTAIN
2001-07,-0.0182999999999999,FF_market_TR,174590.1980903131,183423.0884924471,-0.04815582637241289,False,-0.15853085920838328,21.801101807018846,0.8399999999999999,0.0600000000000005,2.6997245179063434,0.13419189102401585,0.0,,,,,1.0,0.0,0.0,100,100.0,100.0,100.0,50.0,57.5,UNCERTAIN
2001-08,-0.0615,FF_market_TR,163852.90090775883,179066.5054037061,-0.08496063773427731,False,-0.2655828246694575,19.147287014091585,0.8300000000000001,0.05999999999999961,2.638812534359536,-0.14825547009977846,0.0,,,,,1.0,0.0,0.0,100,100.0,100.0,100.0,50.0,57.5,UNCERTAIN
2001-09,-0.0897,FF_market_TR,149155.29569633288,175357.90704545117,-0.14942360906672325,False,-0.296717910053237,20.820881825705666,0.8599999999999994,0.0,2.633022490400428,0.0219113792893304,0.0,,,,,1.0,0.0,0.0,100,100.0,100.0,100.0,50.0,57.5,UNCERTAIN
2001-10,0.0268,FF_market_TR,153152.65762099458,171734.29711768107,-0.10819993331881406,False,-0.2616257157900449,15.15518789062018,0.8799999999999999,0.009999999999999787,2.6286966046002336,-0.03353301270425657,0.0,,,,,1.0,0.0,0.0,100,100.0,100.0,100.0,50.0,57.5,UNCERTAIN
2001-11,0.0771,FF_market_TR,164960.72752357327,168596.4374423507,-0.02156457143420132,False,-0.11426334611588962,20.770344243656638,0.8399999999999999,0.05999999999999961,2.730748225013646,0.1850924419477762,0.0,,,,,1.0,0.0,0.0,100,100.0,100.0,100.0,50.0,57.5,UNCERTAIN
2001-12,0.0176,FF_market_TR,167864.03632798817,167647.50991321917,0.0012915575953444947,False,-0.11365363458307509,21.214131139408003,1.2800000000000011,0.4900000000000011,2.782324058919805,0.07663659343111195,0.0,,,,,1.0,50.0,0.0,0,100.0,100.0,100.0,50.0,52.5,UNCERTAIN
2002-01,-0.0129999999999999,FF_market_TR,165681.80385572434,167693.4557883373,-0.011996007376412265,True,-0.15614559403250217,21.165557871220884,1.3200000000000005,0.48000000000000065,2.610114192495905,-0.08961032541043856,0.0,,,,,1.0,50.0,0.0,0,100.0,100.0,100.0,50.0,52.5,UNCERTAIN
2002-02,-0.0216,FF_market_TR,162103.0768924407,166005.2268324062,-0.023506187211231433,False,-0.08598787689737653,19.38210721258141,1.38,0.5499999999999998,2.5488069414316694,-0.09000559292786647,0.0,,,,,1.0,0.0,0.0,0,100.0,100.0,100.0,50.0,37.5,HARD
2002-03,0.0437,FF_market_TR,169186.98135264037,164839.24354138528,0.026375623412537186,False,0.02399576307665119,12.656950659617817,1.2999999999999998,0.4400000000000004,2.436383324309688,-0.19663916609073961,0.0,,,,,1.0,50.0,50.0,0,100.0,100.0,100.0,100.0,60.0,UNCERTAIN
2002-04,-0.0504999999999999,FF_market_TR,160643.03879433204,163119.07170620983,-0.01517929746643798,False,-0.10247948209980584,16.156377069132787,1.2699999999999996,0.3899999999999997,2.485143165856285,-0.14355343874394855,0.0,,,,,1.0,50.0,0.0,50,100.0,100.0,100.0,50.0,62.5,UNCERTAIN
2002-05,-0.0123999999999999,FF_market_TR,158651.06511328236,161525.15840850677,-0.01779347145387511,False,-0.12273232038971504,11.321427471834115,1.34,0.5000000000000002,2.5364274150026844,-0.1943208100109617,0.0,,,,,1.0,50.0,0.0,0,100.0,100.0,100.0,100.0,55.0,UNCERTAIN
2002-06,-0.0708,FF_market_TR,147418.56970326195,159881.72528805706,-0.07795234610047141,False,-0.171082847372507,13.571475969842064,1.3200000000000005,0.03999999999999937,2.2580645161290214,-0.5242595427907837,0.0,,,,,1.0,0.0,0.0,50,100.0,100.0,100.0,100.0,50.0,UNCERTAIN
2002-07,-0.0803,FF_market_TR,135580.85855609,158524.2815740328,-0.14473128526514045,False,-0.22343373202454408,15.801307540833474,1.37,0.0499999999999996,2.1995708154506355,-0.41054337704526933,0.0,,,,,1.0,0.0,0.0,0,100.0,100.0,100.0,50.0,37.5,HARD
2002-08,0.0064,FF_market_TR,136448.576050849,156853.87341701824,-0.13009112826891356,False,-0.16724955557751842,16.71276518114225,1.21,-0.16999999999999993,2.3567220139260936,-0.19208492750557582,0.0,,,,,1.0,0.0,0.0,50,100.0,100.0,100.0,50.0,47.5,UNCERTAIN
2002-09,-0.1021,FF_market_TR,122517.17643605731,152609.51830826662,-0.1971852228209231,False,-0.17859318461282425,14.403689805046527,1.25,-0.04999999999999982,2.2447888829502998,-0.1915944413593884,0.0,,,,,1.0,0.0,0.0,50,100.0,100.0,100.0,100.0,50.0,UNCERTAIN
2002-10,0.0798,FF_market_TR,132294.0471156547,149052.51938703327,-0.11243333786169096,False,-0.13619489749213798,23.537462904909713,1.41,0.14000000000000035,2.187833511205972,-0.2973096546503129,0.0,,,,,1.0,0.0,0.0,0,100.0,100.0,100.0,50.0,37.5,HARD
2002-11,0.0608,FF_market_TR,140337.52518028652,146518.09151948948,-0.04218295689703844,False,-0.14926705715315203,26.88242846172943,1.3100000000000005,-0.029999999999999583,2.020202020202033,-0.5162253948006512,0.0,,,,,1.0,0.0,0.0,50,100.0,100.0,100.0,0.0,45.0,UNCERTAIN
2002-12,-0.0564999999999999,FF_market_TR,132408.45500760037,143548.62933100545,-0.07760557781236077,False,-0.2112160656682378,26.27369254596697,1.2400000000000002,-0.0800000000000003,1.9639065817409709,-0.2941579343880505,0.0,,,,,1.0,0.0,0.0,50,100.0,100.0,100.0,0.0,45.0,UNCERTAIN
2003-01,-0.0246999999999999,FF_market_TR,129137.96616891264,139543.7278126327,-0.07456989867500174,False,-0.22056639194147154,24.056321414547156,1.1799999999999995,-0.1900000000000006,1.9607843137255052,-0.23878650172513027,0.0,,,,,1.0,0.0,0.0,50,100.0,100.0,100.0,50.0,47.5,UNCERTAIN
2003-02,-0.0179,FF_market_TR,126826.3965744891,136162.0635906484,-0.06856290783184393,False,-0.21761882003855193,23.99988999974792,1.1099999999999994,-0.10000000000000053,1.7979904812268632,-0.5587315326992304,0.0,,,,,1.0,0.0,0.0,50,100.0,100.0,100.0,50.0,47.5,UNCERTAIN
2003-03,0.0119,FF_market_TR,128335.63069372553,133130.5201486927,-0.03601645550255339,False,-0.24145682092268916,18.234328065492292,1.0600000000000005,-0.1899999999999995,1.744186046511631,-0.5006028364386688,0.0,,,,,1.0,0.0,0.0,50,100.0,100.0,100.0,50.0,47.5,UNCERTAIN
2003-04,0.0832,FF_market_TR,139013.15516744347,132289.97869511085,0.050821509978677515,False,-0.13464563288410436,18.55512867107097,1.1099999999999994,-0.3000000000000005,1.4760147601476037,-0.7118187510583684,0.0,,,,,1.0,50.0,0.0,50,100.0,100.0,100.0,50.0,62.5,UNCERTAIN
2003-05,0.0613999999999999,FF_market_TR,147548.5628947245,133486.74912897433,0.10534239433880965,True,-0.06998063461238202,18.595117638778184,1.16,-0.15000000000000058,1.5263157894736867,-0.4938862307283465,0.0,,,,,1.0,100.0,0.0,50,100.0,100.0,100.0,50.0,77.5,EASY
2003-06,0.0152,FF_market_TR,149791.30105072435,134821.02162896184,0.111038169277206,True,0.01609519989400554,14.873505303054818,1.2200000000000006,-0.019999999999999574,1.4721345951629994,-0.4917719865779715,0.0,,,,,1.0,100.0,50.0,50,100.0,100.0,100.0,100.0,85.0,EASY
2003-07,0.0242,FF_market_TR,153416.25053615187,137910.92903897128,0.11242996914913861,True,0.13154800884140538,12.6714482203101,1.13,-0.0499999999999996,1.522309711286085,-0.43847460243942016,0.0,,,,,1.0,100.0,100.0,50,100.0,100.0,100.0,100.0,90.0,EASY
2003-08,0.0240999999999999,FF_market_TR,157113.5821740731,140392.88254481315,0.11909933983955856,True,0.1514490419857739,9.997559702247345,1.13,0.020000000000000462,1.3082155939298843,-0.48977488729697893,0.0,,,,,1.0,100.0,100.0,50,100.0,100.0,100.0,100.0,90.0,EASY
2003-09,-0.0116,FF_market_TR,155291.06462085387,141888.23648886988,0.09446046031473054,True,0.2675044360159695,11.786984347151735,1.0700000000000005,0.010000000000000009,1.2545739675901668,-0.4896120789214642,0.0,,,,,1.0,100.0,100.0,50,100.0,100.0,100.0,100.0,90.0,EASY
2003-10,0.0615,FF_market_TR,164841.4650950364,145131.5374976135,0.13580733682881996,True,0.2460232995285716,9.787853697312809,1.0300000000000002,-0.07999999999999918,1.305483028720622,-0.17053173142698164,0.0,,,,,1.0,100.0,100.0,50,100.0,100.0,100.0,100.0,90.0,EASY
2003-11,0.0142,FF_market_TR,167182.21389938588,148935.96227066082,0.12251071769735655,True,0.1912866048094617,8.200946286862283,1.0099999999999998,-0.15000000000000013,1.094319958311618,-0.43199583116206863,0.0,,,,,1.0,100.0,100.0,50,100.0,100.0,100.0,100.0,90.0,EASY
2003-12,0.0437,FF_market_TR,174488.07664678906,153702.1302778908,0.13523525231119193,True,0.31780162102770015,8.67186946396221,0.9799999999999996,-0.240000000000001,1.0931806350858997,-0.3789539600770997,0.0,,,,,1.0,100.0,100.0,50,100.0,100.0,100.0,100.0,90.0,EASY
2004-01,0.0221999999999999,FF_market_TR,178361.71194834777,158704.73840335303,0.12385876907490911,True,0.3811717594735107,8.686525197108466,0.9000000000000004,-0.22999999999999954,1.1434511434511352,-0.37885856783494987,0.0,,,,,1.0,100.0,100.0,100,100.0,100.0,100.0,100.0,100.0,EASY
2004-02,0.0146,FF_market_TR,180965.79294279366,162900.00218088806,0.11090110816478016,True,0.4268779830585725,8.83078252478229,0.7699999999999996,-0.3600000000000003,1.2467532467532516,-0.06146234717663268,0.0,,,,,1.0,100.0,100.0,100,100.0,100.0,100.0,100.0,100.0,EASY
2004-03,-0.0123,FF_market_TR,178739.9136895973,166019.13726037534,0.07662234992386097,True,0.3927536158384741,8.898990954035197,0.7800000000000002,-0.29000000000000026,1.558441558441559,0.30386759085139214,0.0,,,,,1.0,100.0,100.0,100,100.0,100.0,100.0,100.0,100.0,EASY
2004-04,-0.0175,FF_market_TR,175611.96520002937,168601.20367530582,0.04158191858597271,True,0.26327587477963554,7.858043013371735,0.7299999999999995,-0.3000000000000007,1.7662337662337713,0.4607507375131492,0.0,,,,,1.0,100.0,100.0,100,100.0,100.0,100.0,100.0,100.0,EASY
2004-05,0.0123,FF_market_TR,177771.99237198973,171036.7778588896,0.039378749982397876,True,0.20483716604430469,7.842989226054079,0.71,-0.2999999999999998,1.710730948678063,0.616410990366445,0.0,,,,,1.0,100.0,100.0,100,100.0,100.0,100.0,100.0,100.0,EASY
2004-06,0.0194,FF_market_TR,181220.76902400632,173447.49654388294,0.04481628524489367,True,0.20982171696765572,5.88198945935815,0.7700000000000005,-0.2099999999999992,1.865284974093262,0.7721043390073623,0.0,,,,,-1.0,100.0,100.0,100,0.0,100.0,100.0,100.0,85.0,EASY
2004-07,-0.0395999999999999,FF_market_TR,174044.42657065572,175322.83273886313,-0.007291726629306439,True,0.13445887226687825,8.016345800924531,0.7999999999999998,-0.10000000000000053,1.7580144777662898,0.6145633343151546,0.0,,,,,-1.0,50.0,100.0,100,0.0,100.0,100.0,100.0,70.0,EASY
2004-08,0.0019,FF_market_TR,174375.11098113997,176276.1973274735,-0.010784702501846155,True,0.10986656002752238,7.499365306477636,0.8099999999999996,0.040000000000000036,1.7045454545454586,0.457792207792207,0.0,,,,,-1.0,50.0,100.0,100,0.0,100.0,100.0,100.0,70.0,EASY
2004-09,0.0171,FF_market_TR,177356.92537891743,177293.66847542665,0.0003567916668132387,True,0.14209356354106895,8.03679538124496,0.8099999999999996,0.02999999999999936,1.961796592669085,0.40335503422752605,0.0,,,,,-1.0,50.0,100.0,100,0.0,100.0,100.0,100.0,70.0,EASY
2004-10,0.0154,FF_market_TR,180088.22202975277,177853.683013723,0.012563917587567586,True,0.09249345682487187,7.764454906817366,0.7400000000000002,0.010000000000000675,2.0103092783505083,0.24407551211673706,0.0,,,,,-1.0,50.0,100.0,100,0.0,100.0,100.0,100.0,70.0,EASY
2004-11,0.0469,FF_market_TR,188534.35964294817,178870.94778318304,0.054024490726568786,True,0.1277178070892906,9.86522174104567,0.6800000000000006,-0.02999999999999936,2.216494845360839,0.505763896682776,0.0,,,,,-1.0,100.0,100.0,100,0.0,100.0,100.0,100.0,85.0,EASY
2004-12,0.0359,FF_market_TR,195302.74315413003,180304.64280431665,0.08318199751567534,True,0.11928990740998002,10.491291626868453,0.6800000000000006,-0.08999999999999986,2.2657054582904346,0.4004204841971726,0.0,,,,,-1.0,100.0,100.0,100,0.0,100.0,100.0,100.0,85.0,EASY
2005-01,-0.0259999999999999,FF_market_TR,190224.87183212268,181453.1386185692,0.04834158990213133,True,0.06651180768667664,8.914742845421856,0.6599999999999993,-0.14000000000000057,2.261048304213764,0.5030338264474743,0.0,,,,,-1.0,100.0,100.0,100,0.0,100.0,100.0,100.0,85.0,EASY
2005-02,0.0204999999999999,FF_market_TR,194124.48170468118,183304.3902690344,0.05902799938270009,True,0.0727136800160193,8.63235773123427,0.6200000000000001,-0.1899999999999995,2.308876346844535,0.6043308922990764,0.0,,,,,-1.0,100.0,100.0,100,0.0,100.0,100.0,100.0,85.0,EASY
2005-03,-0.0176,FF_market_TR,190707.8908266788,184597.98011450333,0.033098470028683824,True,0.0669574964541233,10.029861414795329,0.6599999999999993,-0.15000000000000036,2.35294117647058,0.39114458380149486,0.0,,,,,-1.0,100.0,100.0,100,0.0,100.0,100.0,100.0,85.0,EASY
2005-04,-0.024,FF_market_TR,186130.9014468385,185088.99335678652,0.005629227709092133,True,0.05989874456918498,11.233537287960557,0.7199999999999998,-0.020000000000000462,2.1949974476773715,0.18468816932686316,0.0,,,,,-1.0,50.0,100.0,100,0.0,100.0,100.0,100.0,70.0,EASY
2005-05,0.0389,FF_market_TR,193371.39351312054,187021.69005103302,0.03395169544428178,True,0.0877494870423059,10.571071847263184,0.8599999999999994,0.17999999999999883,2.1916411824668858,-0.0248536628939533,0.0,,,,,-1.0,100.0,100.0,100,0.0,100.0,100.0,100.0,85.0,EASY
2005-06,0.008,FF_market_TR,194918.3646612255,189076.01541904156,0.0308994730465193,True,0.07558513138968448,9.242354678327395,0.9000000000000004,0.21999999999999975,2.0345879959308144,-0.23111746235962016,0.0,,,,,-1.0,100.0,100.0,50,0.0,100.0,100.0,100.0,75.0,EASY
2005-07,0.0416,FF_market_TR,203026.96863113248,191643.0197442631,0.05940184464876741,True,0.16652381596782062,9.6207941460152,0.8900000000000006,0.23000000000000131,2.083333333333326,-0.1777149708804382,0.0,,,,,-1.0,100.0,100.0,50,0.0,100.0,100.0,100.0,75.0,EASY
2005-08,-0.0092,FF_market_TR,201159.12051972607,193750.1095932604,0.03824003476446758,True,0.15359995694272555,9.848396823849068,0.8700000000000001,0.25,2.133062468257996,-0.17581387858653885,0.0,,,,,-1.0,100.0,100.0,50,0.0,100.0,100.0,100.0,75.0,EASY
2005-09,0.0078,FF_market_TR,202728.16165977996,195169.48979494357,0.03872875761871364,True,0.1430518499723521,8.987522461724387,0.9000000000000004,0.2400000000000011,1.9240506329113891,-0.42889054355919076,0.0,,,,,-1.0,100.0,100.0,50,0.0,100.0,100.0,100.0,75.0,EASY
2005-10,-0.0175,FF_market_TR,199180.4188307338,195557.25736260397,0.01852736900176377,True,0.10601579928878846,8.417324990755697,0.9500000000000002,0.23000000000000043,2.071753410813537,-0.12324403686383434,0.0,,,,,-1.0,50.0,100.0,50,0.0,100.0,100.0,100.0,60.0,UNCERTAIN
2005-11,0.0392,FF_market_TR,206988.29124889857,197233.59930428155,0.04945755682107689,True,0.09788099973341202,8.440751151408291,0.9699999999999998,0.11000000000000032,2.1180030257186067,-0.07363815674827912,0.0,,,,,-1.0,100.0,100.0,50,0.0,100.0,100.0,100.0,75.0,EASY
2005-12,0.0007,FF_market_TR,207133.1830527728,198534.4694390907,0.04331093556688481,True,0.060574878302177115,8.578522017224202,0.9500000000000002,0.04999999999999982,2.114803625377659,0.0802156294468448,0.0,,,,,-1.0,100.0,100.0,50,0.0,100.0,100.0,100.0,75.0,EASY
2006-01,0.0339,FF_market_TR,214154.9979582618,200879.180152249,0.06608857023386339,True,0.12579914443184892,7.953467168474414,0.9500000000000002,0.05999999999999961,2.1105527638190846,0.0272194304857587,0.0,,,,,-1.0,100.0,100.0,50,0.0,100.0,100.0,100.0,75.0,EASY
2006-02,0.0004,FF_market_TR,214240.65995744508,203690.15600330968,0.05179682789365625,True,0.10362514854445992,7.5262978947155945,0.92,0.04999999999999993,2.106318956870612,-0.026743511387384178,0.0,,,,,-1.0,100.0,100.0,100,0.0,100.0,100.0,100.0,85.0,EASY
2006-03,0.0183,FF_market_TR,218161.26403466632,206169.14305546426,0.05816642006401462,True,0.14395509849635957,7.573860310304144,0.8799999999999999,-0.020000000000000462,2.0989505247376306,0.17489989182624144,0.0,,,,,-1.0,100.0,100.0,100,0.0,100.0,100.0,100.0,85.0,EASY
2006-04,0.0108999999999999,FF_market_TR,220539.22181264416,208731.2287706061,0.05657032304933596,True,0.1848608699487393,5.709514865555598,0.8399999999999999,-0.11000000000000032,2.29770229770232,0.22594888688878267,0.0,,,,,-1.0,100.0,100.0,100,0.0,100.0,100.0,100.0,85.0,EASY
2006-05,-0.0314,FF_market_TR,213614.29024772716,209789.9609322656,0.018229324694408522,True,0.10468402987039083,7.605597938360957,0.7999999999999998,-0.16999999999999993,2.44389027431422,0.32588724859561324,0.0,,,,,-1.0,50.0,100.0,100,0.0,100.0,100.0,100.0,70.0,EASY
2006-06,0.0005,FF_market_TR,213721.09739285102,211046.15861957808,0.012674662219721577,True,0.09646465464814091,7.6086582259949385,0.8900000000000006,-0.05999999999999961,2.6420737786640114,0.5272701532863522,0.0,,,,,-1.0,50.0,100.0,100,0.0,100.0,100.0,100.0,70.0,EASY
2006-07,-0.0038,FF_market_TR,212908.95722275818,212064.2381758759,0.003983316820169058,True,0.04867328049201047,5.899508454100262,0.91,-0.04000000000000015,2.6879044300647026,0.577351666245618,1.0,,,,,0.0,50.0,50.0,100,50.0,0.0,100.0,100.0,62.5,UNCERTAIN
2006-08,0.0244999999999999,FF_market_TR,218125.22667471576,213958.7189602741,0.01947341867949426,True,0.08434171968516813,6.91855476237634,0.91,-0.010000000000000009,2.83441074092492,0.7280917840543082,1.0,,,,,0.0,50.0,100.0,100,50.0,0.0,100.0,100.0,67.5,UNCERTAIN
2006-09,0.0225,FF_market_TR,223033.04427489685,215563.1942628739,0.03465271535600678,True,0.1001581746160789,7.1603128423275155,0.92,0.04000000000000015,2.930948832588176,0.8319983078505455,1.0,,,,,0.0,100.0,100.0,100,50.0,0.0,100.0,100.0,82.5,EASY
2006-10,0.0364,FF_market_TR,231151.4470865031,217965.02066624694,0.060497901819060784,True,0.16051290806321017,8.537205631821243,0.91,0.07000000000000017,2.7722772277227747,0.4745749300204549,1.0,,,,,0.0,100.0,100.0,100,50.0,0.0,100.0,100.0,82.5,EASY
2006-11,0.0213,FF_market_TR,236074.9729094456,220157.0181613653,0.07230273593373782,True,0.14052331890392278,5.33557119716346,0.8700000000000001,0.07000000000000028,2.6172839506172885,0.17339367630306857,1.0,,,,,0.0,100.0,100.0,100,50.0,0.0,100.0,100.0,82.5,EASY
2006-12,0.0127,FF_market_TR,239073.12506539555,222640.26467216038,0.07380902289813873,True,0.154200025036477,4.67346552357031,0.8999999999999995,0.009999999999998899,2.6134122287968298,-0.028661549867181613,1.0,,,,,0.0,100.0,100.0,100,50.0,0.0,100.0,100.0,82.5,EASY
2007-01,0.0184,FF_market_TR,243472.07056659882,225171.3453253536,0.08127466314509157,True,0.1368965136832847,2.7337593163993597,0.9399999999999996,0.029999999999999583,2.657480314960625,-0.030424115104077387,1.0,,,,,0.0,100.0,100.0,100,50.0,0.0,100.0,100.0,82.5,EASY
2007-02,-0.0158,FF_market_TR,239625.21185164654,227079.94432925386,0.055246039272419,True,0.1184861543053668,6.028628368045285,0.8900000000000006,-0.019999999999999463,2.71856581532417,-0.11584492560075033,1.0,,,,,0.0,100.0,100.0,100,50.0,0.0,100.0,100.0,82.5,EASY
2007-03,0.0111,FF_market_TR,242285.05170319986,229947.02047480113,0.053655973462594986,True,0.11057777729368223,5.944843143431152,0.9699999999999998,0.04999999999999971,2.5051395007342103,-0.42580933185396574,1.0,,,,,0.0,100.0,100.0,50,50.0,0.0,100.0,100.0,72.5,EASY
2007-04,0.0393,FF_market_TR,251806.8542351356,233755.59615902958,0.07722278470640465,True,0.14177810262273627,6.214911101536399,0.92,0.010000000000000009,2.4155273437499902,-0.3567498839727845,1.0,,,,,0.0,100.0,100.0,100,50.0,0.0,100.0,100.0,82.5,EASY
2007-05,0.0365,FF_market_TR,260997.80441471803,238564.4808782256,0.09403463354607045,True,0.22181809143967146,6.9431404998026895,0.92,0.04999999999999993,2.267770204479058,-0.3495137461382303,1.0,,,,,0.0,100.0,100.0,100,50.0,0.0,100.0,100.0,82.5,EASY
2007-06,-0.0156,FF_market_TR,256926.23866584845,242444.58207733888,0.05973182186389292,True,0.2021566508877688,8.373255042096854,0.91,0.010000000000000564,2.181641573579407,-0.43177065521742275,1.0,,,,,0.0,100.0,100.0,100,50.0,0.0,100.0,100.0,82.5,EASY
2007-07,-0.0333,FF_market_TR,248370.59491827572,244978.33714167675,0.013847174473378576,True,0.16655775387794236,10.415027604380146,0.92,-0.019999999999999574,2.1682016480853106,-0.4892786668753146,1.0,,,,,0.0,50.0,100.0,100,50.0,0.0,100.0,100.0,67.5,UNCERTAIN
2007-08,0.0134,FF_market_TR,251698.76089018062,247033.06852204446,0.018886914193513293,True,0.15391862155188574,9.90930875490316,0.8600000000000003,-0.03000000000000025,2.088491295938089,-0.6300745193860808,1.0,,,,,0.0,50.0,100.0,100,50.0,0.0,100.0,100.0,67.5,UNCERTAIN
2007-09,0.0354,FF_market_TR,260608.89702569303,249486.46093366924,0.04458132136870119,True,0.16847661687513216,10.628220923560084,0.8499999999999996,-0.1200000000000001,2.101351351351366,-0.40378814938284435,0.0,,,,,1.0,100.0,100.0,100,100.0,100.0,100.0,100.0,100.0,EASY
2007-10,0.0212,FF_market_TR,266133.8056426378,252192.52899139345,0.05528029203323492,True,0.1513395611278321,9.814723633398977,0.8200000000000003,-0.09999999999999976,2.156551059730249,-0.25897628401974115,0.0,,,,,1.0,100.0,100.0,100,100.0,100.0,100.0,100.0,100.0,EASY
2007-11,-0.0449,FF_market_TR,254184.3977692833,253263.76171166188,0.0036350879865298946,True,0.0767104815756312,11.124042430699395,0.96,0.039999999999999925,2.338787295476408,0.07101709099734999,0.0,,,,,1.0,50.0,100.0,50,100.0,100.0,100.0,100.0,75.0,EASY
2007-12,-0.006,FF_market_TR,252659.2913826676,254567.169664764,-0.00749459674870423,True,0.05682849677710844,10.96480186779499,1.16,0.2499999999999999,2.4353676117251366,0.2537260381457296,0.0,,,,,1.0,50.0,100.0,50,100.0,100.0,100.0,100.0,75.0,EASY
2008-01,-0.0615,FF_market_TR,237120.74496263353,254050.73899070738,-0.06664020776059665,False,-0.026086464821959754,13.341777992456647,1.21,0.2899999999999999,2.4789069990412305,0.3107053509559199,0.0,,,,,1.0,0.0,0.0,50,100.0,100.0,100.0,100.0,50.0,UNCERTAIN
2008-02,-0.0296,FF_market_TR,230101.9709117396,251880.25065836782,-0.08646283180084136,False,-0.039742232740530015,13.143052917796558,1.29,0.4299999999999997,2.29708083295479,0.2085895370167008,0.0,,,,,1.0,0.0,0.0,0,100.0,100.0,100.0,100.0,40.0,HARD
2008-03,-0.0076,FF_market_TR,228353.19593281037,248615.789810177,-0.08150163709568692,False,-0.05750192045465552,10.35744370006425,1.38,0.5300000000000002,2.388524386633417,0.2871730352820512,0.0,,,,,1.0,0.0,0.0,0,100.0,100.0,100.0,100.0,40.0,HARD
2008-04,0.0477999999999999,FF_market_TR,239268.47869839866,246850.013813432,-0.03071312412712046,False,-0.04979362287346112,13.259695320783216,1.42,0.5999999999999996,2.294669292051843,0.13811823232159393,0.0,,,,,1.0,0.0,0.0,0,100.0,100.0,100.0,100.0,40.0,HARD
2008-05,0.0204,FF_market_TR,244149.55566384603,246427.90988798905,-0.009245520222034176,False,-0.06455322024127308,13.173726883460132,1.3599999999999994,0.39999999999999947,2.3222157689781087,-0.016571526498299516,0.0,,,,,1.0,50.0,0.0,0,100.0,100.0,100.0,100.0,55.0,UNCERTAIN
2008-06,-0.0827,FF_market_TR,223958.38741044595,243653.87254001558,-0.08083386865248787,False,-0.12831640484286866,17.055734519509862,1.3900000000000006,0.23000000000000065,2.3917259211377,-0.04364169058743661,0.0,,,,,1.0,0.0,0.0,0,100.0,100.0,100.0,50.0,37.5,HARD
2008-07,-0.0062,FF_market_TR,222569.84540850116,239849.96737829637,-0.07204554646672368,False,-0.1038800487564322,15.456194874547883,1.4900000000000002,0.28000000000000025,2.463313612274831,-0.01559338676639932,0.0,,,,,1.0,0.0,0.0,0,100.0,100.0,100.0,50.0,37.5,HARD
2008-08,0.0166,FF_market_TR,226264.50484228227,235863.0372982608,-0.04069536526760109,False,-0.10105038244107856,15.405896273829715,1.510000000000001,0.22000000000000086,2.4981171756213394,0.20103634266654957,0.0,,,,,1.0,0.0,0.0,0,100.0,100.0,100.0,50.0,37.5,HARD
2008-09,-0.0909,FF_market_TR,205697.06135211882,231014.3036565444,-0.109591665553599,False,-0.2107059133447794,19.967733972586878,1.6599999999999993,0.27999999999999936,2.4386208722122937,0.05009648557887658,0.0,,,,,1.0,0.0,0.0,0,100.0,100.0,100.0,50.0,37.5,HARD
2008-10,-0.1715,FF_market_TR,170420.01533023044,222790.37605130067,-0.23506563276777814,False,-0.35964536741691133,26.28174803927624,2.6000000000000005,1.1800000000000006,2.2213629955157854,-0.07330629653605758,0.0,,,,,1.0,0.0,0.0,0,100.0,100.0,100.0,0.0,35.0,HARD
2008-11,-0.0783,FF_market_TR,157076.1281298734,214785.91436802465,-0.26868515287864037,False,-0.3820386714984474,23.25394074130234,3.0900000000000007,1.7300000000000013,2.015893915169764,-0.30632185380834454,0.0,,,,,1.0,0.0,0.0,0,100.0,100.0,100.0,50.0,37.5,HARD
2008-12,0.0174,FF_market_TR,159809.2527593332,207756.64255278403,-0.23078631423911755,False,-0.36749109092808885,25.97151131528546,3.38,1.9899999999999993,1.7624596562335837,-0.6292662649041163,0.0,,,,,1.0,0.0,0.0,0,100.0,100.0,100.0,0.0,35.0,HARD
2009-01,-0.0812,FF_market_TR,146832.74143527535,199604.59710303054,-0.2643819653137336,False,-0.3807680493817027,24.93189523481921,3.0900000000000007,1.6000000000000005,1.6723503187990874,-0.7909632934757438,0.0,,,,,1.0,0.0,0.0,0,100.0,100.0,100.0,50.0,37.5,HARD
2009-02,-0.1009,FF_market_TR,132017.31782445605,188879.48101563627,-0.3010499758122107,False,-0.42626602761653853,20.96364472127881,2.8100000000000005,1.2999999999999996,1.800980653363804,-0.6971365222575354,0.0,,,,,1.0,0.0,0.0,0,100.0,100.0,100.0,50.0,37.5,HARD
2009-03,0.0896999999999999,FF_market_TR,143859.27123330976,178850.45257258264,-0.19564491359099279,False,-0.37001419820006254,32.156019654179836,2.92,1.2600000000000007,1.7876130957932943,-0.6510077764189994,0.0,,,,,1.0,0.0,0.0,0,100.0,100.0,100.0,0.0,35.0,HARD
2009-04,0.102,FF_market_TR,158532.91689910737,172307.90552144876,-0.07994403147467133,False,-0.33742665243030034,31.452583359717845,3.000000000000001,0.40000000000000036,1.93232662192393,-0.2890363735918555,0.0,,,,,1.0,0.0,0.0,0,100.0,100.0,100.0,0.0,35.0,HARD
2009-05,0.0521,FF_market_TR,166792.48186955086,166730.16916755374,0.0003737338137916879,False,-0.31684298414535395,29.879240284853292,2.5200000000000005,-0.5700000000000003,1.8461309413034588,-0.16976297386630534,0.0,,,,,1.0,50.0,0.0,0,100.0,100.0,100.0,0.0,50.0,UNCERTAIN
2009-06,0.0044,FF_market_TR,167526.36878977687,160856.35556230322,0.0414656493003176,False,-0.2519754641617721,29.891768097588333,1.89,-1.49,1.711972667855011,-0.050486988378572795,0.0,,,,,1.0,50.0,0.0,0,100.0,100.0,100.0,0.0,50.0,UNCERTAIN
2009-07,0.0773,FF_market_TR,180476.15709722662,158334.26513681398,0.13984270518627295,False,-0.18912574717395547,26.35106069971377,1.6799999999999995,-1.4100000000000013,1.5270992984974363,-0.14525102030165105,0.0,,,,,1.0,50.0,0.0,0,100.0,100.0,100.0,0.0,50.0,UNCERTAIN
2009-08,0.0334,FF_market_TR,186504.060744274,159942.66967821837,0.1660681988083188,True,-0.17572550376703278,12.781087590655178,1.3200000000000005,-1.49,1.4339650543224725,-0.3670155990413315,0.0,,,,,1.0,100.0,0.0,50,100.0,100.0,100.0,100.0,80.0,EASY
2009-09,0.0409,FF_market_TR,194132.07682871478,163648.26454810248,0.18627641646423898,True,-0.056223382324391724,11.873764356765717,1.1799999999999995,-1.7400000000000004,1.4798373886199645,-0.3077757071733298,0.0,,,,,1.0,100.0,0.0,50,100.0,100.0,100.0,100.0,80.0,EASY
2009-10,-0.0259,FF_market_TR,189104.05603885106,166577.7448760543,0.13523001634796983,True,0.1096352483739409,12.619445312691052,1.1399999999999997,-1.8600000000000012,1.712733177113113,-0.219593444810817,0.0,,,,,1.0,100.0,100.0,50,100.0,100.0,100.0,100.0,90.0,EASY
2009-11,0.0556,FF_market_TR,199618.2415546112,171856.29488798784,0.16154163386751685,True,0.270837548208237,12.77288534357058,1.13,-1.3900000000000006,1.714243571010421,-0.13188737029303788,0.0,,,,,1.0,100.0,100.0,50,100.0,100.0,100.0,100.0,90.0,EASY
2009-12,0.0276,FF_market_TR,205127.7050215185,179167.3336076941,0.14489455689878916,True,0.2835784003723063,12.014379717655013,1.1100000000000003,-0.7799999999999996,1.8236717759594343,0.1116991081044234,0.0,,,,,1.0,100.0,100.0,50,100.0,100.0,100.0,100.0,90.0,EASY
2010-01,-0.0336,FF_market_TR,198235.41413279547,184604.94789764268,0.07383586621259175,True,0.35007636713081935,12.813049597968481,0.9900000000000002,-0.6899999999999993,1.5123351706495702,-0.014764127847866071,0.0,,,,,1.0,100.0,100.0,50,100.0,100.0,100.0,100.0,90.0,EASY
2010-02,0.034,FF_market_TR,204975.4182133105,189249.198029063,0.08309794888447786,True,0.5526403777258004,12.83249624975594,0.9900000000000002,-0.3300000000000003,1.3494526888039982,-0.0845123655184743,0.0,,,,,1.0,100.0,100.0,50,100.0,100.0,100.0,100.0,90.0,EASY
2010-03,0.0631999999999999,FF_market_TR,217929.86464439172,194362.93630654708,0.12125217279427769,True,0.5148823066881445,14.170669708944597,1.0,-0.1799999999999995,1.1592051426555503,-0.3206322459644142,0.0,,,,,1.0,100.0,100.0,50,100.0,100.0,100.0,100.0,90.0,EASY
2010-04,0.0200999999999999,FF_market_TR,222310.254923744,199841.32491994379,0.11243385227155223,True,0.4022971334415393,11.893253549807135,0.96,-0.17999999999999972,0.9675088932173947,-0.7452242838957182,0.0,,,,,1.0,100.0,100.0,50,100.0,100.0,100.0,100.0,90.0,EASY
2010-05,-0.0788,FF_market_TR,204792.206835753,202272.92989379642,0.012454839821024688,True,0.2278263656746944,17.98557310735468,1.09,-0.039999999999999813,0.9401381427474932,-0.7741054282629277,0.0,,,,,1.0,50.0,100.0,50,100.0,100.0,100.0,50.0,72.5,EASY
2010-06,-0.0555,FF_market_TR,193426.2393563687,202965.1477550059,-0.04699776540035028,True,0.1546017546592482,19.316007869122437,1.3500000000000003,0.24,0.9501989849939774,-0.8734727909654569,0.0,,,,,1.0,0.0,100.0,0,100.0,100.0,100.0,50.0,47.5,UNCERTAIN
2010-07,0.0693999999999999,FF_market_TR,206850.02036770066,204236.94210890448,0.012794346761237918,True,0.14613488947609765,21.4677469707466,1.29,0.2999999999999998,0.9577539302116688,-0.5545812404379015,0.0,,,,,1.0,50.0,100.0,50,100.0,100.0,100.0,50.0,72.5,EASY
2010-08,-0.0475999999999999,FF_market_TR,197003.95939819815,205026.93244483919,-0.03913131290104799,True,0.056298498874623126,22.250188313809826,1.17,0.17999999999999972,0.9171009950067256,-0.43235169379727256,0.0,,,,,1.0,0.0,100.0,50,100.0,100.0,100.0,50.0,57.5,UNCERTAIN
2010-09,0.0954999999999999,FF_market_TR,215817.83752072605,206646.89204145066,0.044379789062764186,True,0.11170622107517492,24.92924467367592,1.13,0.1299999999999999,0.8143870498363182,-0.34481809281923215,0.0,,,,,1.0,100.0,100.0,50,100.0,100.0,100.0,50.0,87.5,EASY
2010-10,0.0389,FF_market_TR,224213.15140028228,208555.43667932705,0.07507699137582491,True,0.18566019204907014,25.420622336992444,1.04,0.08000000000000007,0.6027183550187942,-0.3647905381986005,0.0,,,,,1.0,100.0,100.0,50,100.0,100.0,100.0,0.0,85.0,EASY
2010-11,0.0060999999999999,FF_market_TR,225580.85162382398,211289.98042842987,0.06763629381013092,True,0.13006131036431356,21.315909551318686,1.0499999999999998,-0.04000000000000026,0.672056411046551,-0.2680817317009422,0.0,,,,,1.0,100.0,100.0,50,100.0,100.0,100.0,50.0,87.5,EASY
2010-12,0.0683,FF_market_TR,240988.02378973117,214891.240986072,0.12144181719044855,True,0.17481948020844307,18.03659834891267,1.08,-0.27000000000000024,0.6618948664665503,-0.2883041185274271,0.0,,,,,1.0,100.0,100.0,50,100.0,100.0,100.0,50.0,87.5,EASY
2011-01,0.02,FF_market_TR,245807.78426552584,217679.03294818537,0.12922122510547918,True,0.23997916992199086,17.340643586672307,1.0499999999999998,-0.2400000000000002,0.9835337415527112,0.025779811341042458,0.0,,,,,1.0,100.0,100.0,50,100.0,100.0,100.0,50.0,87.5,EASY
2011-02,0.035,FF_market_TR,254411.05671481922,220889.1131272929,0.15175914789520872,True,0.24117837608245707,11.344235540573013,0.9300000000000006,-0.23999999999999932,1.124445592146106,0.20734459713938047,0.0,,,,,1.0,100.0,100.0,100,100.0,100.0,100.0,100.0,100.0,EASY
2011-03,0.0046,FF_market_TR,255581.3475757074,225968.02720128832,0.13105093114806032,True,0.1727688079499965,8.312499022556343,0.9000000000000004,-0.22999999999999954,1.2097851736773355,0.39539812384101736,0.0,,,,,1.0,100.0,100.0,100,100.0,100.0,100.0,100.0,100.0,EASY
2011-04,0.0289999999999999,FF_market_TR,262993.20665540284,232924.72393119178,0.12909098792403673,True,0.18300078755077553,8.140407852190217,0.8599999999999994,-0.1800000000000006,1.3155392125784535,0.7128208575596593,0.0,,,,,1.0,100.0,100.0,100,100.0,100.0,100.0,100.0,100.0,EASY
2011-05,-0.0127,FF_market_TR,259653.19293087925,238205.0411875096,0.09004071297754845,True,0.2678861024195405,9.609661804663057,0.8200000000000003,-0.22999999999999954,1.4540961794335727,0.7820397683870217,0.0,,,,,1.0,100.0,100.0,100,100.0,100.0,100.0,100.0,100.0,EASY
2011-06,-0.0175,FF_market_TR,255109.26205458885,244015.57145314873,0.045463043753214416,True,0.31889687202456174,7.567731496293992,0.7599999999999998,-0.3200000000000003,1.5836776766096738,0.9217828101431236,0.0,,,,,1.0,100.0,100.0,100,100.0,100.0,100.0,100.0,100.0,EASY
2011-07,-0.0236,FF_market_TR,249088.68347010057,247342.6560480861,0.007059143982326432,True,0.20419946310527615,8.590906820586527,0.8300000000000001,-0.21999999999999975,1.741483445742964,0.7579497041902528,0.0,,,,,1.0,50.0,100.0,100,100.0,100.0,100.0,100.0,85.0,EASY
2011-08,-0.0598,FF_market_TR,234193.18019858855,248340.65892791678,-0.056968032501817034,True,0.1887739764926295,10.271552949773472,0.9900000000000002,0.05999999999999961,1.9651571719433656,0.8407115797972595,0.0,,,,,1.0,0.0,100.0,50,100.0,100.0,100.0,100.0,60.0,UNCERTAIN
2011-09,-0.0759,FF_market_TR,216417.91782151567,247424.36554768594,-0.12531687272405845,False,0.002780494456265714,12.876932864622697,1.1799999999999995,0.27999999999999914,1.9877227562006272,0.7779375825232917,0.0,,,,,1.0,0.0,50.0,50,100.0,100.0,100.0,100.0,55.0,UNCERTAIN
2011-10,0.1134999999999999,FF_market_TR,240981.35149425772,247423.69831813857,-0.0260377112931085,False,0.07478687128410044,23.124497832385458,1.39,0.5300000000000005,2.107920479646564,0.7923812670681103,0.0,,,,,1.0,0.0,100.0,0,100.0,100.0,100.0,50.0,47.5,UNCERTAIN
2011-11,-0.0028,FF_market_TR,240306.6037100738,246873.5802625934,-0.026600564327436182,False,0.06527926453086685,23.166500814754045,1.2699999999999996,0.4499999999999993,2.138204538395394,0.6841083589618213,0.0,,,,,1.0,0.0,100.0,0,100.0,100.0,100.0,50.0,47.5,UNCERTAIN
2011-12,0.0074,FF_market_TR,242084.87257752835,245640.96184886433,-0.014476776367306154,False,0.004551465963114509,23.26667316141265,1.3199999999999998,0.56,2.276662633858506,0.6929849572488322,0.0,,,,,1.0,50.0,50.0,0,100.0,100.0,100.0,50.0,57.5,UNCERTAIN
2012-01,0.0504999999999999,FF_market_TR,254310.1586426935,245513.84295556293,0.035828186228679115,False,0.03458952450416808,24.323592662269267,1.3800000000000003,0.5500000000000003,2.2773481506083826,0.5358647048654186,0.0,,,,,1.0,50.0,50.0,0,100.0,100.0,100.0,50.0,57.5,UNCERTAIN
2012-02,0.0441999999999999,FF_market_TR,265550.6676547005,245769.5890554927,0.08048627446230316,True,0.04378587583309401,21.955927673409732,1.2899999999999996,0.2999999999999994,2.159820440565729,0.1946632686223635,0.0,,,,,1.0,100.0,50.0,50,100.0,100.0,100.0,50.0,82.5,EASY
2012-03,0.0311,FF_market_TR,273809.2934187617,247185.19910428097,0.10770909589634736,True,0.07131954665688145,14.284045645404507,1.2400000000000002,0.06000000000000072,2.2483374654291177,0.2606147092284905,0.0,,,,,1.0,100.0,100.0,50,100.0,100.0,100.0,100.0,90.0,EASY
2012-04,-0.0085,FF_market_TR,271481.9144247022,248822.46434129225,0.09106673765729423,True,0.032277289125654196,8.66627717073484,1.2300000000000004,-0.15999999999999948,2.314427851801515,0.20650737215495107,0.0,,,,,1.0,100.0,50.0,50,100.0,100.0,100.0,100.0,85.0,EASY
2012-05,-0.0618,FF_market_TR,254704.33211325563,249384.0292056078,0.021333775561310775,True,-0.019059503030802394,14.497957097467209,1.2700000000000005,8.881784197001252e-16,2.252258280361308,0.11405374196591378,0.0,,,,,1.0,100.0,0.0,50,100.0,100.0,100.0,100.0,80.0,EASY
2012-06,0.0389,FF_market_TR,264612.3306324613,252425.94424899505,0.048277075558625926,True,0.0372509743524676,15.01245349701373,1.3799999999999994,0.05999999999999961,2.192285611289857,-0.0843770225686491,0.0,,,,,1.0,100.0,50.0,0,100.0,100.0,100.0,50.0,72.5,EASY
2012-07,0.0079,FF_market_TR,266702.7680444577,257454.42927128923,0.03592223602190647,True,0.07071411004696015,13.805001992031729,1.4700000000000002,0.08999999999999986,2.109955687378462,-0.16739246322992063,0.0,,,,,1.0,100.0,100.0,0,100.0,100.0,100.0,100.0,80.0,EASY
2012-08,0.0255999999999999,FF_market_TR,273530.3589063958,260709.33001250308,0.04917748395608945,True,0.16796893348666475,12.874135310769422,1.4300000000000002,0.14000000000000057,1.9352524993137443,-0.22456794125198476,0.0,,,,,1.0,100.0,100.0,0,100.0,100.0,100.0,100.0,80.0,EASY
2012-09,0.0273999999999999,FF_market_TR,281025.090740431,264781.17871553876,0.06134843912883814,True,0.2985296853849142,12.707341185314888,1.3499999999999996,0.10999999999999943,2.0082434834909124,-0.2400939819382053,0.0,,,,,1.0,100.0,100.0,50,100.0,100.0,100.0,100.0,90.0,EASY
2012-10,-0.0175,FF_market_TR,276107.1516524735,268183.4066230332,0.0295459929054378,True,0.14576148710433623,12.995865496379992,1.11,-0.12000000000000033,1.9946491483669335,-0.31977870343458137,0.0,,,,,1.0,100.0,100.0,50,100.0,100.0,100.0,100.0,90.0,EASY
2012-11,0.0079,FF_market_TR,278288.398150528,270581.23057381675,0.028483747968648165,True,0.15805555841602525,6.918485383376913,1.0099999999999998,-0.2600000000000007,1.9528512686261437,-0.29940701173516415,0.0,,,,,1.0,100.0,100.0,50,100.0,100.0,100.0,100.0,90.0,EASY
2012-12,0.0118999999999999,FF_market_TR,281600.0300885192,272186.1668171986,0.034586119424808937,True,0.16322852845064095,5.613754536849645,0.98,-0.39999999999999947,1.8996943778720743,-0.2925912334177827,0.0,,,,,1.0,100.0,100.0,50,100.0,100.0,100.0,100.0,90.0,EASY
2013-01,0.0557,FF_market_TR,297285.1517644498,274533.75265176746,0.08287286678932104,True,0.168986537349207,8.436179229959498,0.9300000000000006,-0.5399999999999996,1.9098022178631435,-0.20015346951531843,0.0,,,,,1.0,100.0,100.0,100,100.0,100.0,100.0,100.0,100.0,EASY
2013-02,0.0129,FF_market_TR,301120.1302222111,277497.5742315183,0.08512707203337322,True,0.1339460483441981,8.370588987640001,0.9499999999999996,-0.48000000000000054,1.9887385214485631,0.05348602213481879,0.0,,,,,1.0,100.0,100.0,100,100.0,100.0,100.0,100.0,100.0,EASY
2013-03,0.0403,FF_market_TR,313255.2714701662,283352.66816720937,0.10553139836788472,True,0.14406369323292534,8.956365334219017,0.9199999999999996,-0.43000000000000005,1.889022137798824,-0.11922134569208831,0.0,,,,,1.0,100.0,100.0,100,100.0,100.0,100.0,100.0,100.0,EASY
2013-04,0.0155,FF_market_TR,318110.72817795386,288702.50792175863,0.10186340419379092,True,0.17175661167729306,6.7022145593825995,0.8599999999999999,-0.2500000000000002,1.715558856294086,-0.2790902920728475,0.0,,,,,1.0,100.0,100.0,100,100.0,100.0,100.0,100.0,100.0,EASY
2013-05,0.0279999999999999,FF_market_TR,327017.8285669365,294734.0139740065,0.10953542198145194,True,0.2839115293159846,6.118369063729326,0.8400000000000003,-0.16999999999999948,1.6455519491850756,-0.30729931944106803,0.0,,,,,1.0,100.0,100.0,100,100.0,100.0,100.0,100.0,100.0,EASY
2013-06,-0.012,FF_market_TR,323093.6146241333,299690.3395457802,0.07809152311623979,True,0.22100740298796118,8.162176180406794,0.9200000000000008,-0.059999999999999165,1.6230952474272975,-0.2765991304447768,0.0,,,,,1.0,100.0,100.0,100,100.0,100.0,100.0,100.0,100.0,EASY
2013-07,0.0565,FF_market_TR,341348.4038503968,305722.6708567768,0.11652957529704988,True,0.2798832436320875,8.23858240233112,0.9800000000000004,0.04999999999999982,1.7002217680567089,-0.20958044980643464,0.0,,,,,1.0,100.0,100.0,50,100.0,100.0,100.0,100.0,90.0,EASY
2013-08,-0.0271,FF_market_TR,332097.862106051,311321.7419021346,0.06673520479802364,True,0.21411701221690516,10.967690732328299,0.8799999999999999,-0.06999999999999973,1.782107690904433,-0.20663083054413,0.0,,,,,1.0,100.0,100.0,100,100.0,100.0,100.0,100.0,100.0,EASY
2013-09,0.0377,FF_market_TR,344617.95150744915,317954.6972378267,0.08385865817128857,True,0.2262889075116632,10.839785975746938,0.8300000000000001,-0.08999999999999952,1.7519368418314365,-0.1370852959673876,0.0,,,,,1.0,100.0,100.0,100,100.0,100.0,100.0,100.0,100.0,EASY
2013-10,0.0418,FF_market_TR,359022.9818804606,325696.99241702084,0.10232206694979018,True,0.30030308788361393,11.408616042272614,0.7799999999999994,-0.08000000000000052,1.686837731144819,-0.028721125149266946,0.0,,,,,1.0,100.0,100.0,100,100.0,100.0,100.0,100.0,100.0,EASY
2013-11,0.0312,FF_market_TR,370224.49891513085,332990.9271320889,0.11181557438732348,True,0.3303626790610006,11.465804812572035,0.75,-0.0900000000000003,1.7416677473738762,0.09611579818880056,0.0,,,,,1.0,100.0,100.0,100,100.0,100.0,100.0,100.0,100.0,EASY
2013-12,0.0281,FF_market_TR,380627.80733464606,340941.6948433324,0.11640146421384445,True,0.3516611032143644,9.97159967106582,0.7599999999999998,-0.16000000000000103,1.7408566188369834,0.1177613714096859,0.0,,,,,1.0,100.0,100.0,100,100.0,100.0,100.0,100.0,100.0,EASY
2014-01,-0.0332,FF_market_TR,367990.9641311358,346415.2641094294,0.06228276365700447,True,0.23783835804456488,11.738335486771541,0.7000000000000002,-0.28000000000000025,1.6165078435509628,-0.0837139245057461,0.0,,,,,0.0,100.0,100.0,100,50.0,100.0,100.0,100.0,92.5,EASY
2014-02,0.0465,FF_market_TR,385102.5439632336,353114.44568795734,0.09058847256434177,True,0.2789000312899963,10.206274540693093,0.6499999999999995,-0.23000000000000043,1.5492176515356837,-0.2328900393687494,0.0,,,,,0.0,100.0,100.0,100,50.0,100.0,100.0,100.0,92.5,EASY
2014-03,0.0043,FF_market_TR,386758.4849022755,359088.51132149127,0.07705613715948534,True,0.2346431812213241,10.328587512336817,0.6799999999999997,-0.15000000000000036,1.6443722776360303,-0.10756456419540616,0.0,,,,,0.0,100.0,100.0,100,50.0,100.0,100.0,100.0,92.5,EASY
2014-04,-0.0019,FF_market_TR,386023.64378096117,365381.514237174,0.05649472876831996,True,0.21348829067159358,9.934352520421253,0.6600000000000001,-0.11999999999999922,1.8201965365585384,0.13335880541371936,0.0,,,,,0.0,100.0,100.0,100,50.0,100.0,100.0,100.0,92.5,EASY
2014-05,0.0206,FF_market_TR,393975.73084284895,370644.2469364193,0.06294845825687934,True,0.20475306367648693,9.561589825965145,0.5999999999999996,-0.15000000000000036,1.950677264845746,0.2090095174718698,0.0,,,,,0.0,100.0,100.0,100,50.0,100.0,100.0,100.0,92.5,EASY
2014-06,0.0260999999999999,FF_market_TR,404258.49741784733,377860.31046759884,0.06986229095503838,True,0.2512116585409345,9.478227682430933,0.5499999999999998,-0.20999999999999996,1.9211484893936204,0.18029187055663698,0.0,,,,,0.0,100.0,100.0,100,50.0,100.0,100.0,100.0,92.5,EASY
2014-07,-0.0204,FF_market_TR,396011.62407052325,382999.6777239063,0.03397377883956576,True,0.1601390825430189,8.1440628681267,0.5700000000000003,-0.1299999999999999,1.8607833076791591,0.24427546412819634,0.0,,,,,0.0,100.0,100.0,100,50.0,100.0,100.0,100.0,92.5,EASY
2014-08,0.0424,FF_market_TR,412802.5169311134,388377.6312289716,0.0628895274551533,True,0.24301467740039362,7.744502566336981,0.6100000000000003,-0.03999999999999915,1.73639560289498,0.18717795135929638,0.0,,,,,0.0,100.0,100.0,100,50.0,100.0,100.0,100.0,92.5,EASY
2014-09,-0.0197,FF_market_TR,404670.30734757043,391822.21207221557,0.03279062513430686,True,0.1742577703147401,8.95516164008222,0.6899999999999995,0.009999999999999787,1.737111205794628,0.09273892815859774,0.0,,,,,0.0,100.0,100.0,100,50.0,100.0,100.0,100.0,92.5,EASY
2014-10,0.0252,FF_market_TR,414867.99909272924,395246.23124802386,0.049644414781003565,True,0.1555471934408441,9.066439212833231,0.7700000000000005,0.11000000000000032,1.8163552853938116,-0.0038412511647267777,0.0,,,,,0.0,100.0,100.0,100,50.0,100.0,100.0,100.0,92.5,EASY
2014-11,0.0255,FF_market_TR,425447.1330695938,400991.84814186965,0.06098698774313238,True,0.14915985926453246,9.198749915069984,0.8700000000000001,0.27000000000000046,1.7220501446726155,-0.22862712017313047,0.0,,,,,0.0,100.0,100.0,50,50.0,100.0,100.0,100.0,82.5,EASY
2014-12,-0.0006,FF_market_TR,425191.86478975206,405000.7802245215,0.04985443374710807,True,0.1170804039966673,9.073081064335321,0.9500000000000002,0.40000000000000036,1.617329561119618,-0.3038189282740025,0.0,,,,,0.0,100.0,100.0,0,50.0,100.0,100.0,100.0,72.5,EASY
2015-01,-0.0311,FF_market_TR,411968.3977947908,407521.77151377307,0.010911383371004613,True,0.11950683019483965,9.978651211461406,0.9900000000000002,0.41999999999999993,1.636558565659385,-0.22422474201977405,0.0,,,,,0.0,50.0,100.0,0,50.0,100.0,100.0,100.0,57.5,UNCERTAIN
2015-02,0.0613,FF_market_TR,437222.0605796114,412641.61319363804,0.05956851320867296,True,0.13533932048330932,11.784647640044236,0.8999999999999999,0.2899999999999996,1.678437748759376,-0.05795785413560406,0.0,,,,,0.0,100.0,100.0,50,50.0,100.0,100.0,100.0,82.5,EASY
2015-03,-0.0112,FF_market_TR,432325.1735011198,416476.5574594651,0.03805404111658106,True,0.11781690739211026,11.320976989641846,0.8999999999999999,0.2100000000000004,1.7441319911081663,0.007020785313538225,0.0,,,,,0.0,100.0,100.0,50,50.0,100.0,100.0,100.0,82.5,EASY
2015-04,0.0059,FF_market_TR,434875.8920247764,419538.2969201581,0.036558271836473644,True,0.1265524768517421,11.08774458580284,0.9600000000000004,0.18999999999999995,1.8036866748217808,-0.012668610572030836,0.0,,,,,0.0,100.0,100.0,50,50.0,100.0,100.0,100.0,82.5,EASY
2015-05,0.0136,FF_market_TR,440790.2041563134,424016.154928737,0.039559929574842556,True,0.11882577947964523,10.767805718901146,0.9099999999999996,0.03999999999999948,1.7272807641628196,0.0052306194902040914,0.0,,,,,0.0,100.0,100.0,100,50.0,100.0,100.0,100.0,92.5,EASY
2015-06,-0.0153,FF_market_TR,434046.11403272185,426140.51463889796,0.018551625865761423,True,0.07368457757879998,11.186949539530437,0.9399999999999996,-0.010000000000000564,1.7684677904243662,0.1511382293047483,0.0,,,,,0.0,50.0,100.0,100,50.0,100.0,100.0,100.0,77.5,EASY
2015-07,0.0154,FF_market_TR,440730.42418882577,429746.5263230234,0.025559014891364473,True,0.11292294821714322,9.505116516908153,1.0499999999999998,0.05999999999999961,1.809580576916625,0.17302201125724004,0.0,,,,,0.0,100.0,100.0,50,50.0,100.0,100.0,100.0,82.5,EASY
2015-08,-0.0604,FF_market_TR,414110.30656782066,429670.75707053265,-0.03621482320277536,False,0.0031680757337182452,9.815033367238257,1.1500000000000004,0.25000000000000044,1.838468152933048,0.16003040417367198,0.0,,,,,0.0,0.0,50.0,50,50.0,100.0,100.0,100.0,47.5,UNCERTAIN
2015-09,-0.0308,FF_market_TR,401355.7091255318,427261.6146761264,-0.06063241971837763,False,-0.008190860959788049,10.315107367352043,1.2699999999999996,0.36999999999999966,1.896748849344787,0.15261685823662074,0.0,,,,,0.0,0.0,0.0,50,50.0,100.0,100.0,100.0,42.5,UNCERTAIN
2015-10,0.0775,FF_market_TR,432460.77658276045,427988.50585542724,0.01044951129795968,True,0.04240572309386281,16.438437881988673,1.3899999999999997,0.42999999999999927,1.9135575363312447,0.1098708615094639,0.0,,,,,0.0,50.0,50.0,0,50.0,100.0,100.0,50.0,50.0,UNCERTAIN
2015-11,0.0056,FF_market_TR,434882.5569316239,430279.9217691105,0.01069683926591214,True,0.02217766469350413,16.31808322077076,1.4000000000000004,0.49000000000000077,2.029973434915533,0.30269267075271333,0.0,,,,,0.0,50.0,50.0,0,50.0,100.0,100.0,50.0,50.0,UNCERTAIN
2015-12,-0.0216,FF_market_TR,425489.09370190086,429106.6250813395,-0.008430378763676583,False,0.000699046564063055,16.47110075253018,1.4899999999999998,0.5500000000000002,2.0945686474212355,0.3261008569968693,0.0,,,,,-1.0,50.0,50.0,0,0.0,100.0,100.0,50.0,42.5,UNCERTAIN
2016-01,-0.0576,FF_market_TR,400980.92190467136,425972.1999216947,-0.05866880050298451,False,-0.02667067655901245,17.764131276254417,1.4500000000000002,0.40000000000000036,2.2051741749880005,0.3955935980713754,0.0,,,,,-1.0,0.0,0.0,0,0.0,100.0,100.0,50.0,22.5,HARD
2016-02,-0.0005,FF_market_TR,400780.431443719,422562.65386358893,-0.0515479118201998,False,-0.08334810253531777,15.984262260110732,1.38,0.22999999999999954,2.312439617550055,0.473971464617007,0.0,,,,,0.0,0.0,0.0,0,50.0,100.0,100.0,50.0,30.0,HARD
2016-03,0.0698,FF_market_TR,428754.90555849066,421359.1240038066,0.017552204600219445,False,-0.008258292973587045,18.19967911805041,1.31,0.04000000000000048,2.1827712680011047,0.2860224186563176,0.0,,,,,0.0,50.0,0.0,50,50.0,100.0,100.0,50.0,55.0,UNCERTAIN
2016-04,0.0093,FF_market_TR,432742.32618018467,421228.74521855294,0.027333322078145317,False,-0.0049061488202021275,14.50817149057731,1.17,-0.21999999999999975,2.130136816023476,0.21657927969223145,0.0,,,,,0.0,50.0,0.0,50,50.0,100.0,100.0,100.0,57.5,UNCERTAIN
2016-05,0.0179,FF_market_TR,440488.41381881,421204.5441815513,0.04578267234682731,False,-0.0006846575415191403,14.708061734980587,1.0299999999999998,-0.37000000000000055,2.2293125424177607,0.19933910750222772,0.0,,,,,0.0,50.0,0.0,50,50.0,100.0,100.0,100.0,57.5,UNCERTAIN
2016-06,-0.0003,FF_market_TR,440356.2672946644,423829.1402542357,0.03899478698070369,True,0.014537978933424789,14.15517997059734,1.0300000000000002,-0.4599999999999995,2.229805940364993,0.1352372929437573,0.0,,,,,0.0,100.0,50.0,50,50.0,100.0,100.0,100.0,77.5,EASY
2016-07,0.0397,FF_market_TR,457838.41110626265,429477.4104523088,0.06603607073090334,True,0.03881734951455762,9.52122050999765,0.94,-0.5100000000000002,2.172398296384559,-0.032775878603441555,0.0,561.0,,11.87,0.8776,0.0,100.0,50.0,100,50.0,100.0,100.0,100.0,87.5,EASY
2016-08,0.0052,FF_market_TR,460219.1708440152,432253.2498784343,0.06469800047413399,True,0.11134440158794523,9.217895638376469,0.9200000000000004,-0.4599999999999995,2.311481621826439,-0.0009579957236161007,0.0,510.0,,13.42,0.8571,0.0,100.0,100.0,100,50.0,100.0,100.0,100.0,92.5,EASY
2016-09,0.0027,FF_market_TR,461461.762605294,434911.1704458012,0.06104831046826731,True,0.14975756445752442,5.120238275705541,0.8999999999999995,-0.4100000000000006,2.2235374384519835,0.040766170450878825,0.0,497.0,,13.29,0.8776,0.0,100.0,100.0,100,50.0,100.0,100.0,100.0,92.5,EASY
2016-10,-0.02,FF_market_TR,452232.5273531881,437585.51381093,0.033472345587259644,True,0.045719176954407414,6.911578690863622,0.8700000000000001,-0.2999999999999998,2.173814944721353,0.043678128697876684,0.0,491.0,,17.06,0.7959,0.0,100.0,50.0,100,50.0,100.0,100.0,100.0,87.5,EASY
2016-11,0.0487,FF_market_TR,474256.25143528834,444913.04676399176,0.06595267296547047,True,0.09053868424034106,9.059183186137702,0.8500000000000001,-0.17999999999999972,2.148015327176278,-0.08129721524148259,0.0,467.0,,13.33,0.7959,0.0,100.0,100.0,100,50.0,100.0,100.0,100.0,92.5,EASY
2016-12,0.0185,FF_market_TR,483029.99208684114,453138.0028283039,0.06596663504707956,True,0.13523471984749302,8.79979999772722,0.7700000000000005,-0.2599999999999998,2.2102293634244985,-0.019576576940494306,0.0,421.0,,14.04,0.8163,-1.0,100.0,100.0,100,0.0,100.0,100.0,100.0,85.0,EASY
2017-01,0.0197999999999999,FF_market_TR,492593.9859301605,459521.9108654709,0.07197061616148215,True,0.22847237616773475,7.907426888691416,0.7400000000000002,-0.19999999999999973,2.254685192588557,0.08228689620399798,0.0,400.0,-161.0,11.99,0.8571,-1.0,100.0,100.0,100,0.0,100.0,100.0,100.0,85.0,EASY
2017-02,0.0361,FF_market_TR,510376.6288222393,467285.3411296763,0.09221621972644911,True,0.273456957426103,8.415518997661403,0.6899999999999995,-0.23000000000000087,2.197493579281118,-0.11398804254532102,0.0,374.0,-136.0,12.92,0.9184,-1.0,100.0,100.0,100,0.0,100.0,100.0,100.0,85.0,EASY
2017-03,0.002,FF_market_TR,511397.38207988377,474376.23795578367,0.07804173388539493,True,0.1927499264731305,8.445858156516719,0.6699999999999999,-0.22999999999999954,1.9918375310970624,-0.23169990735492108,0.0,392.0,-105.0,12.37,0.9184,-1.0,100.0,100.0,100,0.0,100.0,100.0,100.0,85.0,EASY
2017-04,0.0114,FF_market_TR,517227.3122355945,482063.34244987677,0.07294470806888609,True,0.1952316215544676,5.8742318646781335,0.7000000000000002,-0.16999999999999993,1.88164081675708,-0.2921741279642729,0.0,375.0,-116.0,10.82,0.9184,-1.0,100.0,100.0,100,0.0,100.0,100.0,100.0,85.0,EASY
2017-05,0.0112,FF_market_TR,523020.2581326332,488581.52715251374,0.07048717371864366,True,0.18736439307975017,3.990187965497363,0.6999999999999997,-0.15000000000000036,1.7406722233241911,-0.40734310385208694,0.0,374.0,-93.0,10.41,0.898,-1.0,100.0,100.0,100,0.0,100.0,100.0,100.0,85.0,EASY
2017-06,0.0084,FF_market_TR,527413.6283009474,495300.972898207,0.0648346301741265,True,0.1976975632505953,4.122159628156095,0.69,-0.08000000000000052,1.7192324479865515,-0.490996915437947,0.0,377.0,-44.0,11.18,0.8571,-1.0,100.0,100.0,100,0.0,100.0,100.0,100.0,85.0,EASY
2017-07,0.0194,FF_market_TR,537645.4526899857,502919.34190667624,0.06904906590320281,True,0.17431268248307852,4.110926902779958,0.6899999999999995,-0.05000000000000071,1.7101673849531096,-0.5445178076354473,0.0,361.0,-39.0,10.26,0.8571,-1.0,100.0,100.0,100,0.0,100.0,100.0,100.0,85.0,EASY
2017-08,0.0025,FF_market_TR,538989.5663217107,511595.04580352845,0.05354727482779964,True,0.1711584402997275,2.246250208681146,0.6799999999999997,-0.009999999999999787,1.6948470209339872,-0.5026465583471307,0.0,385.0,11.0,10.59,0.8571,-1.0,100.0,100.0,100,0.0,100.0,100.0,100.0,85.0,EASY
2017-09,0.0259999999999999,FF_market_TR,553003.295046075,519469.7501646071,0.06455341214929655,True,0.19837295277502776,2.885972972846417,0.6699999999999999,0.0,1.6995287798131198,-0.2923087512839426,0.0,354.0,-38.0,9.51,0.9184,-1.0,100.0,100.0,100,0.0,100.0,100.0,100.0,85.0,EASY
2017-10,0.0233999999999999,FF_market_TR,565943.5721501531,527761.1081709383,0.07234800630069871,True,0.25144375496935023,3.1938753889279923,0.7200000000000002,0.020000000000000018,1.7746442681399133,-0.10699654861716668,0.0,351.0,-24.0,10.18,0.7959,-1.0,100.0,100.0,100,0.0,100.0,100.0,100.0,85.0,EASY
2017-11,0.032,FF_market_TR,584053.766458958,536907.0862238181,0.08781161851808017,True,0.23151516651889925,3.8613417357182884,0.6999999999999997,0.0,1.7120940689887345,-0.02857815433545663,0.0,361.0,-13.0,11.28,0.8776,-1.0,100.0,100.0,100,0.0,100.0,100.0,100.0,85.0,EASY
2017-12,0.0115,FF_market_TR,590770.3847732361,544946.4618189178,0.0840888530615791,True,0.22305114475588295,3.6853656535003316,0.71,0.020000000000000018,1.7608281732507614,0.04159572526420985,0.0,358.0,-19.0,11.04,0.898,-1.0,100.0,100.0,100,0.0,100.0,100.0,100.0,85.0,EASY
2018-01,0.0569,FF_market_TR,624385.2196668332,556245.2455776127,0.12249987686360009,True,0.26754535682731184,6.495145879809007,0.71,0.020000000000000462,1.8455204439462136,0.13535305899310401,0.0,329.0,-32.0,13.54,0.9388,-1.0,100.0,100.0,100,0.0,100.0,100.0,100.0,85.0,EASY
2018-02,-0.0354,FF_market_TR,602281.9828906273,564750.712643116,0.0664563486283345,True,0.18007359443646864,10.608698317889896,0.69,0.010000000000000231,1.8571178232333008,0.16227080229931357,0.0,347.0,-38.0,19.85,0.8367,-1.0,100.0,100.0,100,0.0,100.0,100.0,100.0,85.0,EASY
2018-03,-0.0223,FF_market_TR,588851.0946721664,571333.7962970694,0.030660357375373426,True,0.15145504319414727,11.963613166598122,0.7699999999999996,0.09999999999999964,2.1107674648471075,0.41123868503398775,0.0,379.0,25.0,19.97,0.6939,-1.0,100.0,100.0,100,0.0,100.0,100.0,100.0,85.0,EASY
2018-04,0.0043,FF_market_TR,591383.1543792567,577730.7489049003,0.023631086799923207,True,0.14337186066826368,11.792845288563743,0.8199999999999998,0.09999999999999964,2.120457939273268,0.3458136711333548,0.0,346.0,-5.0,15.93,0.5306,-1.0,100.0,100.0,100,0.0,100.0,100.0,100.0,85.0,EASY
2018-05,0.0279,FF_market_TR,607882.7443864379,584754.4780745454,0.03955209781043201,True,0.16225468312985392,11.60393898639596,0.8300000000000001,0.13000000000000034,2.2114263660272693,0.49933229703853477,0.0,363.0,2.0,15.43,0.7551,-1.0,100.0,100.0,100,0.0,100.0,100.0,100.0,85.0,EASY
2018-06,0.0062,FF_market_TR,611651.6174016339,592020.6831825378,0.03315920334668987,True,0.15971902237728952,11.580438679082935,0.8700000000000001,0.16000000000000014,2.2309189876435376,0.4700908143927762,0.0,361.0,3.0,16.09,0.6531,-1.0,100.0,100.0,100,0.0,100.0,100.0,100.0,85.0,EASY
2018-07,0.0335,FF_market_TR,632141.9465845886,599934.5483363891,0.053684853351936734,True,0.17575986818415612,9.390761417478359,0.92,0.21000000000000008,2.3328704622098684,0.48735001826365476,0.0,346.0,17.0,12.83,0.7755,-1.0,100.0,100.0,50,0.0,100.0,100.0,100.0,75.0,EASY
2018-08,0.036,FF_market_TR,654899.0566616339,608830.0967875372,0.07566800675127161,True,0.21504959944018553,7.79177001713988,0.8899999999999997,0.19999999999999973,2.1895411899766515,0.3324233667433507,0.0,349.0,2.0,12.86,0.7959,-1.0,100.0,100.0,100,0.0,100.0,100.0,100.0,85.0,EASY
2018-09,0.0021,FF_market_TR,656274.3446806233,616052.1546097037,0.06529023520159938,True,0.18674581247466882,5.458204833093015,0.8999999999999999,0.13000000000000034,2.1736122367489674,0.06284477190185989,0.0,324.0,-55.0,12.12,0.7143,-1.0,100.0,100.0,100,0.0,100.0,100.0,100.0,85.0,EASY
2018-10,-0.0749,FF_market_TR,607119.3962640447,617687.0557587846,-0.017108436053849818,True,0.07275605933194873,14.442780895658567,0.9300000000000006,0.11000000000000076,2.1520095942939355,0.03155165502066737,0.0,381.0,35.0,21.23,0.4286,-1.0,50.0,100.0,100,0.0,100.0,100.0,100.0,70.0,EASY
2018-11,0.0186999999999999,FF_market_TR,618472.5289741822,617095.7866895195,0.002231002567767204,False,0.058930811668077565,14.15036960648025,1.0,0.16999999999999993,2.2420022774645165,0.03057591143724725,0.0,429.0,66.0,18.07,0.5714,-1.0,50.0,100.0,50,0.0,100.0,100.0,100.0,60.0,UNCERTAIN
2019-01,0.07868440473103688,SPX_documented,667136.6717590147,623581.2555763583,0.06984721845495412,True,0.12926559786014225,17.730166166584244,,,2.1333333333333333,-0.19953712887653507,0.0,437.0,91.0,16.57,0.5918,0.0,100.0,100.0,50,50.0,100.0,100.0,50.0,80.0,EASY
2019-02,0.02972893014311606,SPX_documented,686969.9312696494,633393.1392361065,0.08458694721284532,True,0.10023413372310586,17.647031541412332,,,2.066666666666667,-0.1228745233099846,0.0,392.0,43.0,14.78,0.7551,0.0,100.0,100.0,50,50.0,100.0,100.0,50.0,80.0,EASY
2019-03,0.01792428775107835,SPX_documented,699283.3779940652,644183.1615975874,0.08553501501006044,True,0.16105644508554562,17.314079292615798,,,2.0,-0.17361223674896742,0.0,399.0,75.0,13.71,0.8571,0.0,100.0,100.0,50,50.0,100.0,100.0,50.0,80.0,EASY
2019-04,0.03931343494213935,SPX_documented,726774.6095809543,656072.348117039,0.10776595243929177,True,0.23422477457662638,17.59885138972145,,,2.033333333333333,-0.11867626096060224,0.0,373.0,-8.0,13.12,0.8776,0.0,100.0,100.0,50,50.0,100.0,100.0,50.0,80.0,EASY
2019-05,-0.06577772648116154,SPX_documented,678969.0280984852,662804.089186724,0.02438871330983483,True,0.1481034301884414,16.44992249505076,,,2.066666666666667,-0.17533561079784965,1.0,459.0,30.0,18.71,0.6735,0.0,100.0,100.0,0,50.0,0.0,100.0,50.0,60.0,UNCERTAIN
2019-06,0.06893018320821498,SPX_documented,725770.4875980174,672166.9432880671,0.0797473675925442,True,0.19393171512142304,17.84657691242045,,,2.1,-0.10000000000000009,1.0,407.0,-126.0,15.08,0.8367,0.0,100.0,100.0,50,50.0,0.0,100.0,50.0,70.0,EASY
2019-07,0.013128195366039375,SPX_documented,735298.5443501099,680206.8920569146,0.08099249351414328,True,0.202152538194442,15.664786130661367,,,2.2,0.06666666666666687,1.0,393.0,-44.0,16.12,0.8776,0.0,100.0,100.0,50,50.0,0.0,100.0,50.0,70.0,EASY
2019-08,-0.01809165274226776,SPX_documented,721995.7784238327,686779.0354312356,0.05127812757196959,True,0.14214185963250348,16.198179806069298,,,2.3,0.23333333333333295,1.0,409.0,17.0,18.98,0.8163,1.0,100.0,100.0,50,100.0,0.0,100.0,50.0,77.5,EASY
2019-09,0.017181167690656807,SPX_documented,734400.508964879,699507.1467013189,0.04988278165292148,True,0.12139497147622413,16.188953893203646,,,2.4,0.3999999999999999,1.0,402.0,3.0,16.24,0.7959,1.0,100.0,100.0,50,100.0,0.0,100.0,50.0,77.5,EASY
2019-10,0.020431747482144935,SPX_documented,749405.594714808,712600.4532753816,0.05164905701400557,True,0.14190902141619932,15.55127481729524,,,2.3666666666666667,0.3333333333333335,1.0,415.0,42.0,13.22,0.8163,1.0,100.0,100.0,50,100.0,0.0,100.0,50.0,77.5,EASY
2019-11,0.03404706409091518,SPX_documented,774920.6550281534,723378.8516022954,0.07125146569006291,True,0.27638922392644116,9.867658423817211,,,2.333333333333333,0.26666666666666616,0.0,401.0,-58.0,12.62,0.898,1.0,100.0,100.0,50,100.0,100.0,100.0,100.0,90.0,EASY
2019-12,0.028589803182446305,SPX_documented,797075.4840374207,734389.4068790725,0.08535809009656692,True,0.28878074077028915,6.341555082288244,,,2.3,0.19999999999999973,0.0,360.0,-47.0,13.78,0.9388,1.0,100.0,100.0,50,100.0,100.0,100.0,100.0,90.0,EASY
2020-01,-0.001628089811129274,SPX_documented,795777.7735631585,744038.8464359819,0.06953793793833607,True,0.1928257091083907,6.82056701830925,,,2.2333333333333334,0.033333333333333215,0.0,403.0,10.0,18.84,0.8776,1.0,100.0,100.0,50,100.0,100.0,100.0,100.0,90.0,EASY
2020-02,-0.08411046900964814,SPX_documented,728844.5318013076,744245.8386580173,-0.020693843427435965,True,0.06095550711261266,15.282424403908385,,,2.1666666666666665,-0.1333333333333333,0.0,504.0,95.0,40.11,0.5306,1.0,0.0,100.0,0,100.0,100.0,100.0,50.0,47.5,UNCERTAIN
2020-03,-0.12511932083595656,SPX_documented,637651.9989873272,740114.1357469015,-0.13844099418013756,False,-0.0881350550381036,23.188489803505785,,,2.1,-0.2999999999999998,0.0,877.0,475.0,53.54,0.3061,1.0,0.0,0.0,0,100.0,100.0,100.0,50.0,37.5,HARD
2020-04,0.12684410293315374,SPX_documented,718534.3947824071,739390.5264653404,-0.028207193541735176,False,-0.01133806092001255,31.262211033171038,,,1.8,-0.5666666666666667,0.0,763.0,348.0,34.15,0.4694,1.0,0.0,0.0,0,100.0,100.0,100.0,0.0,35.0,HARD
2020-05,0.04528177501261843,SPX_documented,751070.907585772,740967.7627889066,0.01363506660375946,True,0.10619317892778501,31.624862825806936,,,1.5,-0.833333333333333,0.0,671.0,270.0,27.51,0.7347,1.0,50.0,100.0,0,100.0,100.0,100.0,0.0,60.0,UNCERTAIN
2020-06,0.018388403283502663,SPX_documented,764881.9023289655,745256.3751794199,0.026333927227151666,True,0.05388950832154893,31.42270061962369,,,1.2,-1.0999999999999999,0.0,644.0,284.0,30.43,0.7959,1.0,100.0,100.0,0,100.0,100.0,100.0,0.0,75.0,EASY
2020-07,0.0551012969754443,SPX_documented,807027.8871803366,752519.1130009657,0.07243506940574007,True,0.09755131895932756,32.50461373231476,,,1.3666666666666667,-0.8666666666666667,0.0,516.0,113.0,24.46,0.7959,1.0,100.0,100.0,0,100.0,100.0,100.0,0.0,75.0,EASY
2020-08,0.07006468732421922,SPX_documented,863572.043757552,763935.75790524,0.13042495369705032,True,0.1960901567081046,29.4044123832383,,,1.5333333333333332,-0.6333333333333333,0.0,502.0,-2.0,26.41,0.8367,1.0,100.0,100.0,0,100.0,100.0,100.0,0.0,75.0,EASY
2020-09,-0.0392279540954944,SPX_documented,829695.8792668786,769413.2803291127,0.07834878923844468,True,0.12975940122415808,19.1150608330369,,,1.7,-0.40000000000000013,0.0,541.0,-336.0,26.37,0.8367,1.0,100.0,100.0,0,100.0,100.0,100.0,50.0,77.5,EASY
2020-10,-0.0276657746060065,SPX_documented,806741.7000795488,770379.9019333255,0.04719982706580317,True,0.07650877678136414,15.615136603861094,,,1.6666666666666667,-0.1333333333333333,0.0,525.0,-238.0,38.02,0.7959,1.0,100.0,100.0,0,100.0,100.0,100.0,50.0,77.5,EASY
2020-11,0.10754565805086314,SPX_documented,893503.2670916759,780152.4512861772,0.14529316112334967,True,0.15302548886016498,19.898732550524315,,,1.6333333333333333,0.1333333333333333,0.0,433.0,-238.0,20.57,0.9184,1.0,100.0,100.0,50,100.0,100.0,100.0,50.0,87.5,EASY
2020-12,0.03712140665943231,SPX_documented,926671.3652209173,799935.1346281382,0.158433134271186,True,0.16258921994069553,19.796634208093195,,,1.6,0.40000000000000013,0.0,386.0,-258.0,22.75,0.9184,1.0,100.0,100.0,50,100.0,100.0,100.0,50.0,87.5,EASY
2021-01,-0.011136640158463607,SPX_documented,916351.3596812998,827805.0706975354,0.10696514447435357,True,0.1515166546789357,20.297882846399837,,,1.6,0.2333333333333334,0.0,379.0,-137.0,33.09,0.898,1.0,100.0,100.0,50,100.0,100.0,100.0,50.0,87.5,EASY
2021-02,0.026091474971999817,SPX_documented,940260.3182479824,849977.6630440928,0.10621767974531604,True,0.2900697984578,18.73179056551363,,,1.6,0.06666666666666687,0.0,352.0,-150.0,27.95,0.8163,1.0,100.0,100.0,50,100.0,100.0,100.0,50.0,87.5,EASY
2021-03,0.04243863400810777,SPX_documented,980163.6817664555,872886.9404621612,0.12289878142465427,True,0.5371451564851684,16.429024050688206,,,1.6,-0.09999999999999987,0.0,435.9,-105.10000000000002,19.4,0.9184,1.0,100.0,100.0,50,100.0,100.0,100.0,50.0,87.5,EASY
2021-04,0.05242531255584737,SPX_documented,1031549.0691389521,899553.65714316,0.14673433980023898,True,0.4356293541819036,13.420402940077167,,,2.566666666666667,0.9000000000000001,0.0,429.2,-95.80000000000001,18.61,0.9184,1.0,100.0,100.0,50,100.0,100.0,100.0,100.0,90.0,EASY
2021-05,0.005486502581813157,SPX_documented,1037208.66577005,922571.7350021312,0.12425801313721574,True,0.38097302837096136,8.328301743925227,,,3.533333333333333,1.9,0.0,413.7,-19.30000000000001,16.76,0.8776,1.0,100.0,100.0,50,100.0,100.0,100.0,100.0,90.0,EASY
2021-06,0.02221397632316946,SPX_documented,1060249.194513652,942239.4500777412,0.12524390103404626,True,0.38616064948762907,8.08833061121431,,,4.5,2.9,0.0,405.9,19.899999999999977,15.83,0.9592,1.0,100.0,100.0,50,100.0,100.0,50.0,100.0,85.0,EASY
2021-07,0.02274810936591054,SPX_documented,1084367.859145567,967706.6480656101,0.12055431396813909,True,0.34365599550001247,5.743934450905674,,,4.333333333333333,2.733333333333333,0.0,426.1,47.10000000000002,18.24,0.898,1.0,100.0,100.0,50,100.0,100.0,50.0,100.0,85.0,EASY
2021-08,0.028990321391681118,SPX_documented,1115804.0318890063,998612.8812465558,0.11735393448576614,True,0.29207984435664347,5.728555364936606,,,4.166666666666667,2.566666666666667,0.0,411.4,59.39999999999998,16.48,0.8776,1.0,100.0,100.0,50,100.0,100.0,50.0,100.0,85.0,EASY
2021-09,-0.047569140421166334,SPX_documented,1062726.1932135746,1015535.1738587457,0.046469113596052436,True,0.2808623253047877,11.704806585230425,,,4.0,2.4,0.0,467.2,31.30000000000001,23.14,0.7347,1.0,100.0,100.0,0,100.0,100.0,50.0,100.0,75.0,EASY
2021-10,0.06914387330123462,SPX_documented,1136207.1984710377,1036488.7571837578,0.09620793336748257,True,0.40839031670112247,13.167733297116852,,,4.5,1.9333333333333331,0.0,409.5,-19.69999999999999,16.26,0.7755,1.0,100.0,100.0,50,100.0,100.0,50.0,100.0,85.0,EASY
2021-11,-0.00833373141847149,SPX_documented,1126738.352843246,1057527.4564999524,0.06544595690437927,True,0.261034396114457,13.591830155670435,,,5.0,1.4666666666666668,0.0,501.2,87.5,27.19,0.7551,0.0,100.0,100.0,0,50.0,100.0,50.0,100.0,67.5,UNCERTAIN
2021-12,0.04361287497262989,SPX_documented,1175878.6517526654,1081089.2898504208,0.0876794939993899,True,0.26892736290857266,14.205153399086093,,,5.5,1.0,0.0,417.6,11.700000000000045,17.22,0.8367,0.0,100.0,100.0,50,50.0,100.0,50.0,100.0,77.5,EASY
2022-01,-0.05258508910699977,SPX_documented,1114044.9680712328,1094477.4184808985,0.017878440669423235,True,0.21573996295339093,17.276458820182338,,,5.833333333333333,1.5,0.0,481.4,55.299999999999955,24.83,0.5714,0.0,50.0,100.0,0,50.0,100.0,50.0,50.0,50.0,UNCERTAIN
2022-02,-0.03136052086678265,SPX_documented,1079107.9376035007,1099233.3053273533,-0.018308549810414743,True,0.1476693386510637,17.418320795739135,,,6.166666666666667,2.0,0.0,526.0,114.60000000000002,30.15,0.449,0.0,50.0,100.0,0,50.0,100.0,0.0,50.0,45.0,UNCERTAIN
2022-03,0.03577323877328009,SPX_documented,1117711.1235175326,1107283.5511021016,0.009417255774324618,True,0.1403310939895146,16.434197355141453,,,6.5,2.5,0.0,445.6,-21.599999999999966,20.56,0.5102,-1.0,50.0,100.0,50,0.0,100.0,0.0,50.0,47.5,UNCERTAIN
2022-04,-0.08795671914903935,SPX_documented,1019400.9201365438,1103198.7236643906,-0.07595893806829612,False,-0.011776607982932341,17.69148828279745,,,6.3,1.7999999999999998,0.0,553.3,143.79999999999995,33.4,0.2245,-1.0,0.0,0.0,0,0.0,100.0,0.0,50.0,12.5,HARD
2022-05,5.324388360872234e-05,SPX_documented,1019455.1970004861,1096707.4574498828,-0.0704401706440726,False,-0.017116583533732133,17.827149028342774,,,6.1000000000000005,1.1000000000000005,0.0,492.8,-8.399999999999977,26.19,0.2653,-1.0,0.0,0.0,0,0.0,100.0,0.0,50.0,12.5,HARD
2022-06,-0.08391999322386645,SPX_documented,933902.5237761697,1078517.306638599,-0.13408665950215315,False,-0.11916695753344941,16.786415535441805,,,5.9,0.40000000000000036,0.0,514.0,96.39999999999998,28.71,0.0816,-1.0,0.0,0.0,0,0.0,100.0,50.0,50.0,17.5,HARD
2022-07,0.09111634763220589,SPX_documented,1018996.3107871538,1074144.318395957,-0.05134133902151694,False,-0.06028539836096125,24.186380750167157,,,6.133333333333334,0.3000000000000007,0.0,452.1,-29.299999999999955,21.33,0.3469,-1.0,0.0,0.0,0,0.0,100.0,0.0,50.0,12.5,HARD
2022-08,-0.04244011921681046,SPX_documented,975749.9858758568,1058098.5971364388,-0.07782697329289001,False,-0.12551849788178682,24.440782472492785,,,6.366666666666666,0.1999999999999993,0.0,490.1,-35.89999999999998,25.87,0.2653,-1.0,0.0,0.0,0,0.0,100.0,0.0,50.0,12.5,HARD
2022-09,-0.09339570164348932,SPX_documented,884619.1313163565,1033886.6749837499,-0.14437514988742794,False,-0.16759449709114693,24.878868728419686,,,6.6,0.09999999999999964,0.0,538.4,92.79999999999995,31.62,0.1224,-1.0,0.0,0.0,0,0.0,100.0,0.0,50.0,12.5,HARD
2022-10,0.07986345457689326,SPX_documented,955267.8711280911,1011825.5969212924,-0.05589671378673444,False,-0.15924853106584036,27.648304569308518,,,6.3,0.0,1.0,490.2,-63.099999999999966,25.88,0.3061,-1.0,0.0,0.0,0,0.0,0.0,0.0,0.0,0.0,HARD
2022-11,0.053752860293699856,SPX_documented,1006616.2515478994,1001082.7252689591,0.005527541470115471,False,-0.1066104663893146,29.037391647249322,,,6.0,-0.10000000000000053,1.0,445.8,-47.0,20.58,0.6735,-1.0,50.0,0.0,50,0.0,0.0,50.0,0.0,30.0,HARD
2022-12,-0.058971449299161094,SPX_documented,947254.632306031,987897.3947392121,-0.041140671743455814,False,-0.19442824232404154,27.461403296314916,,,5.7,-0.20000000000000018,1.0,454.9,-59.10000000000002,21.67,0.449,-1.0,0.0,0.0,0,0.0,0.0,50.0,0.0,5.0,HARD
2023-01,0.06175283240005203,SPX_documented,1005750.2888549982,976701.3112729586,0.029741925445128548,False,-0.09720853495144566,25.49468353781268,,,5.666666666666667,-0.4666666666666668,1.0,435.9,-16.200000000000045,19.4,0.6939,-1.0,50.0,0.0,50,0.0,0.0,100.0,0.0,35.0,HARD
2023-02,-0.026112446646715304,SPX_documented,979487.6880973536,972709.9880690395,0.006967852814762088,False,-0.09231722428748446,24.939443289311704,,,5.633333333333333,-0.7333333333333334,1.0,446.8,-43.30000000000001,20.7,0.6122,-1.0,50.0,0.0,50,0.0,0.0,100.0,50.0,37.5,HARD
2023-03,0.03505157235872702,SPX_documented,1013820.2716711801,972146.4955361091,0.042867794438830265,False,-0.09294964473414113,18.941125235979392,,,5.6,-1.0,1.0,430.0,-108.39999999999998,18.7,0.8367,-1.0,50.0,0.0,50,0.0,0.0,100.0,50.0,37.5,HARD
2023-04,0.01464236088297044,SPX_documented,1028664.9939594606,981622.7425544381,0.04792294367855243,True,0.009087762861422544,16.421106242825317,,,5.333333333333333,-0.9666666666666668,1.0,405.5,-84.69999999999999,15.78,0.8367,-1.0,100.0,50.0,50,0.0,0.0,100.0,50.0,57.5,UNCERTAIN
2023-05,0.002482323934879238,SPX_documented,1031218.4736949386,982844.9588452165,0.04921784907617366,True,0.011538787314109733,14.926542695465377,,,5.066666666666666,-0.9333333333333336,1.0,423.6,-22.19999999999999,17.94,0.8163,-1.0,100.0,50.0,50,0.0,0.0,100.0,100.0,60.0,UNCERTAIN
2023-06,0.0647275128414313,SPX_documented,1097966.680693349,995066.6283269658,0.1034102133837933,True,0.17567588987103,12.253139918021946,,,4.8,-0.9000000000000004,1.0,387.1,-67.79999999999995,13.59,0.8571,-1.0,100.0,100.0,50,0.0,0.0,100.0,100.0,65.0,UNCERTAIN
2023-07,0.031138913980379268,SPX_documented,1132156.1707167816,1019820.3322670084,0.11015257775853171,True,0.11105031365836271,10.747076638547659,,,4.566666666666666,-1.1000000000000005,1.0,379.0,-56.89999999999998,13.63,0.898,-1.0,100.0,100.0,50,0.0,0.0,100.0,100.0,65.0,UNCERTAIN
2023-08,-0.01771643248143373,SPX_documented,1112098.4023598393,1035503.3853901833,0.07396887161387178,True,0.13973704171934243,9.909397090606253,,,4.333333333333333,-1.2999999999999998,1.0,385.0,-61.80000000000001,13.57,0.8163,0.0,100.0,100.0,50,50.0,0.0,100.0,100.0,72.5,EASY
2023-09,-0.04871929116215501,SPX_documented,1057917.7564943028,1040633.5358848234,0.01660932500583212,True,0.19590196395602422,13.599456606345269,,,4.1,-1.5,1.0,403.0,-27.0,17.52,0.7755,0.0,50.0,100.0,50,50.0,0.0,100.0,100.0,57.5,UNCERTAIN
2023-10,-0.021979687736850106,SPX_documented,1034665.054555289,1049374.5781097494,-0.014017419386085028,True,0.08311509873501399,14.130433193920386,,,4.033333333333333,-1.2999999999999998,1.0,442.0,36.5,18.14,0.6939,0.0,50.0,100.0,50,50.0,0.0,100.0,100.0,57.5,UNCERTAIN
2023-11,0.08917926462873771,SPX_documented,1126935.7232575824,1061493.121550008,0.06165146092705176,True,0.11952864015921127,18.79991719261829,,,3.9666666666666655,-1.100000000000001,1.0,384.0,-39.60000000000002,12.92,0.8776,0.0,100.0,100.0,50,50.0,0.0,100.0,50.0,70.0,EASY
2023-12,0.04422916940321375,SPX_documented,1176779.1542680752,1081222.26816708,0.08837857757312584,True,0.2423049876285972,17.720041976044502,,,3.9,-0.8999999999999999,1.0,334.0,-53.10000000000002,12.45,0.9184,0.0,100.0,100.0,100,50.0,0.0,100.0,50.0,80.0,EASY
2024-01,0.015895744712075555,SPX_documented,1195484.9352868127,1099388.7345286433,0.08740875519282998,True,0.18864985527154943,17.46846966495968,,,3.8666666666666663,-0.7000000000000002,1.0,359.0,-20.0,14.35,0.8776,0.0,100.0,100.0,50,50.0,0.0,100.0,50.0,70.0,EASY
2024-02,0.05172061539731532,SPX_documented,1257316.1518380663,1122253.8503165036,0.12034915405589541,True,0.2836467136002414,17.57001792197473,,,3.833333333333333,-0.5,1.0,329.0,-56.0,13.4,0.8776,0.0,100.0,100.0,100,50.0,0.0,100.0,50.0,80.0,EASY
2024-03,0.031018764704381807,SPX_documented,1296316.5457109502,1148763.6575181049,0.12844494794658812,True,0.27864532001722897,12.894330104758488,,,3.8,-0.2999999999999998,1.0,312.0,-91.0,13.01,0.8776,0.0,100.0,100.0,100,50.0,0.0,100.0,100.0,82.5,EASY
2024-04,-0.04161504277408257,SPX_documented,1242370.277212438,1163204.0171700136,0.06805879181455188,True,0.2077501271141724,15.089331078227977,,,3.633333333333333,-0.40000000000000036,1.0,318.0,-124.0,15.65,0.7551,0.0,100.0,100.0,100,50.0,0.0,100.0,50.0,80.0,EASY
2024-05,0.04802122449952262,SPX_documented,1302030.4192059906,1180191.4420189345,0.10323662149136426,True,0.2626135512688317,12.169125427659928,,,3.4666666666666663,-0.4999999999999991,1.0,320.0,-64.0,12.92,0.7959,0.0,100.0,100.0,100,50.0,0.0,100.0,100.0,82.5,EASY
2024-06,0.034669759034089864,SPX_documented,1347171.5000949171,1203698.7517924425,0.11919323509210877,True,0.226969382389818,11.875863447393254,,,3.3,-0.6000000000000001,1.0,318.0,-16.0,12.44,0.7959,0.0,100.0,100.0,100,50.0,0.0,100.0,100.0,82.5,EASY
2024-07,0.011321349038912354,SPX_documented,1362423.298862767,1234149.3060292888,0.10393717535375258,True,0.2033881315156374,11.961485678939324,,,3.3,-0.5666666666666664,1.0,325.0,-34.0,16.36,0.8776,0.0,100.0,100.0,100,50.0,0.0,100.0,100.0,82.5,EASY
2024-08,0.022834688445031892,SPX_documented,1393533.810422551,1270036.181616015,0.09723945710695858,True,0.2530670015041063,10.921609720626991,,,3.3,-0.5333333333333332,1.0,313.0,-16.0,15.0,0.7959,0.0,100.0,100.0,100,50.0,0.0,100.0,100.0,82.5,EASY
2024-09,0.020196869910062976,SPX_documented,1421678.8315069294,1299510.4924409497,0.09401104475617084,True,0.3438462704492715,10.71026494196166,,,3.3,-0.5,1.0,303.0,-9.0,16.73,0.7551,1.0,100.0,100.0,100,100.0,0.0,100.0,100.0,90.0,EASY
2024-10,-0.009896780552817508,SPX_documented,1407608.7880949194,1322593.4558236343,0.06427926275980433,True,0.3604487576899231,6.8744535917652065,,,3.2666666666666666,-0.36666666666666625,1.0,288.0,-30.0,23.16,0.6122,1.0,100.0,100.0,100,100.0,0.0,100.0,100.0,90.0,EASY
2024-11,0.057301352215863854,SPX_documented,1488266.6750436916,1351871.629799322,0.10089348887705918,True,0.32063137615482296,7.80588655049907,,,3.2333333333333334,-0.23333333333333295,1.0,272.0,-48.0,13.51,0.7551,1.0,100.0,100.0,100,100.0,0.0,100.0,100.0,90.0,EASY
2024-12,-0.024990136563014964,SPX_documented,1451074.6875921655,1371247.483374732,0.05821502331655948,True,0.2330900681994954,9.896912858691605,,,3.2,-0.09999999999999964,1.0,292.0,-26.0,17.35,0.5306,1.0,100.0,100.0,100,100.0,0.0,100.0,100.0,90.0,EASY
2025-01,0.027016320305765618,SPX_documented,1490277.3861397444,1390643.5674176114,0.0716458343867008,True,0.24658817702475444,10.087897333642976,,,3.066666666666667,-0.23333333333333295,0.0,268.0,-57.0,16.43,0.5918,0.0,100.0,100.0,100,50.0,100.0,100.0,100.0,92.5,EASY
2025-02,-0.014242127760312417,SPX_documented,1469052.6652080377,1413311.8062171713,0.03943988774852225,True,0.1684035578962655,10.772490059522669,,,2.933333333333333,-0.3666666666666667,0.0,287.0,-26.0,19.63,0.5306,0.0,100.0,100.0,100,50.0,100.0,100.0,100.0,92.5,EASY
2025-03,-0.05754471408178685,SPX_documented,1384516.4496175542,1421560.409258328,-0.026058660187434968,True,0.06803886303729301,14.000039663786726,,,2.8,-0.5,0.0,355.0,52.0,22.28,0.3061,0.0,0.0,100.0,50,50.0,100.0,100.0,100.0,52.5,UNCERTAIN
2025-04,-0.007624936518260461,SPX_documented,1373959.5995807329,1424239.2192069092,-0.03530279109584877,True,0.10591795761851919,13.97967893828424,,,2.833333333333333,-0.43333333333333357,0.0,394.0,106.0,24.7,0.3673,0.0,0.0,100.0,50,50.0,100.0,100.0,100.0,52.5,UNCERTAIN
2025-05,0.06152384783069298,SPX_documented,1458490.8809108578,1433845.9774117183,0.01718797129356031,True,0.1201665179222775,14.424988166769982,,,2.8666666666666667,-0.3666666666666667,0.0,331.0,59.0,18.57,0.5918,0.0,50.0,100.0,50,50.0,100.0,100.0,100.0,67.5,UNCERTAIN
2025-06,0.04960679602617879,SPX_documented,1530841.9405462446,1447576.7904240876,0.05752036829615337,True,0.13633783110642317,15.471238810390878,,,2.9,-0.30000000000000027,0.0,296.0,4.0,16.73,0.7959,0.0,100.0,100.0,100,50.0,100.0,100.0,50.0,90.0,EASY
2025-07,0.021666572655702376,SPX_documented,1564010.0386754863,1461809.9111409434,0.0699134181234109,True,0.14796189993299924,15.346266969298695,,,2.933333333333333,-0.13333333333333375,0.0,286.0,18.0,16.72,0.5714,0.0,100.0,100.0,100,50.0,100.0,100.0,50.0,90.0,EASY
2025-08,0.01906650324400294,SPX_documented,1593830.2411515454,1480432.0564466058,0.07659803380448449,True,0.14373273847461232,14.856013046562502,,,2.966666666666667,0.03333333333333366,0.0,282.0,-5.0,15.36,0.7755,0.0,100.0,100.0,100,50.0,100.0,100.0,100.0,92.5,EASY
2025-09,0.03532365570425955,SPX_documented,1650130.1518410197,1496618.404126339,0.10257240408873258,True,0.16069123016479048,8.50098165135542,,,3.0,0.20000000000000018,0.0,280.0,-75.0,16.28,0.6531,1.0,100.0,100.0,100,100.0,100.0,100.0,100.0,100.0,EASY
2025-10,0.022686836730727133,SPX_approx,1687566.385180287,1520267.573885151,0.11004563549796176,True,0.19888878177882563,6.000491386139051,,,2.966666666666667,0.13333333333333375,0.0,294.0,-100.0,17.44,0.6122,1.0,100.0,100.0,100,100.0,100.0,100.0,100.0,100.0,EASY
2025-11,0.001299669600304032,SPX_approx,1689759.663909601,1540215.8016621366,0.09709279835077855,True,0.13538769109373106,5.640056110460307,,,2.933333333333333,0.06666666666666643,0.0,295.0,-36.0,16.35,0.5918,1.0,100.0,100.0,100,100.0,100.0,100.0,100.0,100.0,EASY
2025-12,0.00772511384724095,SPX_approx,1702813.249687778,1563591.8601101106,0.0890394693969967,True,0.17348422121078677,4.160159748291184,,,2.9,0.0,0.0,281.0,-15.0,14.95,0.6327,1.0,100.0,100.0,100,100.0,100.0,100.0,100.0,100.0,EASY
2026-01,0.0119818533575446,NDX_proxy(workbook),1723216.108340821,1597461.8259824372,0.07872130670856259,True,0.15630561422156197,4.178563199395144,,,2.9,-0.033333333333333215,0.0,280.0,-6.0,17.44,0.6735,1.0,100.0,100.0,100,100.0,100.0,100.0,100.0,100.0,EASY
2026-02,-0.0231817845610528,NDX_proxy(workbook),1683268.8837651284,1628392.7544008768,0.03369956616175296,True,0.1458192913231977,6.902490097224446,,,2.9,-0.06666666666666687,0.0,310.0,28.0,19.86,0.6327,1.0,100.0,100.0,100,100.0,100.0,100.0,100.0,100.0,EASY
2026-03,-0.0488721171921199,NDX_proxy(workbook),1601003.9696119102,1642644.0632709824,-0.025349431803354028,True,0.1563632704069038,9.180131443827456,,,2.9,-0.10000000000000009,0.0,328.0,48.0,25.25,0.5306,1.0,0.0,100.0,100,100.0,100.0,100.0,100.0,70.0,EASY
2026-04,0.1563563728849684,NDX_proxy(workbook),1851331.1432748646,1674692.9835438444,0.10547495061287804,True,0.3474421983294145,24.84984874731242,,,2.8666666666666667,-0.10000000000000009,0.0,283.0,-11.0,16.89,0.6735,1.0,100.0,100.0,100,100.0,100.0,100.0,50.0,97.5,EASY
2026-05,0.1049485431361949,NDX_proxy(workbook),2045625.649624228,1722854.5446387182,0.1873466950474305,True,0.40256320858632466,27.413891462278784,,,2.833333333333333,-0.10000000000000009,0.0,272.0,-23.0,15.32,0.6735,1.0,100.0,100.0,100,100.0,100.0,100.0,0.0,95.0,EASY
2026-06,-0.0018735259540872,NDX_proxy(workbook),2041793.1168773107,1767650.8322112947,0.15508848222194982,True,0.33377134686337717,27.674005743960606,,,2.8,-0.10000000000000009,0.0,275.0,-6.0,16.45,0.6122,-1.0,100.0,100.0,100,0.0,100.0,100.0,0.0,80.0,EASY
2026-07,-0.0149040422640113,NDX_proxy(workbook),2011362.145969004,1803774.0316240932,0.11508543237979829,True,0.2860289232365585,28.42049260615261,,,2.8,-0.10000000000000009,0.0,270.0,-10.0,15.03,0.6735,-1.0,100.0,100.0,100,0.0,100.0,100.0,0.0,80.0,EASY
