date,ndx,volume,src,hyoas,vix,breadth,score,zone
1999-01-04,2017.2140656230542,936660000.0,IXIC_chained,,,,,
1999-01-05,2056.698647712353,948350000.0,IXIC_chained,,,,,
1999-01-06,2120.2742457328363,1252650000.0,IXIC_chained,,,,,
1999-01-07,2125.0522131710827,1200900000.0,IXIC_chained,,,,,
1999-01-08,2141.788702758027,1286690000.0,IXIC_chained,,,,,
1999-01-11,2178.4962113686747,1140930000.0,IXIC_chained,,,,,
1999-01-12,2120.173654992502,1107300000.0,IXIC_chained,,,,,
1999-01-13,2116.5742327753633,1195470000.0,IXIC_chained,,,,,
1999-01-14,2080.040471973214,1012270000.0,IXIC_chained,,,,,
1999-01-15,2145.251178612468,1001160000.0,IXIC_chained,,,,,
1999-01-19,2200.0381020660343,1057490000.0,IXIC_chained,,,,,
1999-01-20,2206.7255157583118,1280980000.0,IXIC_chained,,,,,
1999-01-21,2142.0719641706273,1083860000.0,IXIC_chained,,,,,
1999-01-22,2136.736619682665,1014740000.0,IXIC_chained,,,,,
1999-01-25,2164.5367952603815,870960000.0,IXIC_chained,,,,,
1999-01-26,2223.096665827867,1030160000.0,IXIC_chained,,,,,
1999-01-27,2199.097095775103,1034480000.0,IXIC_chained,,,,,
1999-01-28,2263.2300717588737,1013890000.0,IXIC_chained,,,,,
1999-01-29,2289.3123918778756,1057120000.0,IXIC_chained,,,,,
1999-02-01,2293.149575023338,957110000.0,IXIC_chained,,,,,
1999-02-02,2250.5129892526484,963710000.0,IXIC_chained,,,,,
1999-02-03,2277.9110229536022,1057010000.0,IXIC_chained,,,,,
1999-02-04,2201.7740234232847,1099190000.0,IXIC_chained,,,,,
1999-02-05,2168.4743462344586,1013740000.0,IXIC_chained,,,,,
1999-02-08,2197.068991055057,881780000.0,IXIC_chained,,,,,
1999-02-09,2111.074507338962,909780000.0,IXIC_chained,,,,,
1999-02-10,2109.8959630314266,915620000.0,IXIC_chained,,,,,
1999-02-11,2197.6446578285995,961760000.0,IXIC_chained,,,,,
1999-02-12,2121.2150300256208,837560000.0,IXIC_chained,,,,,
1999-02-16,2113.8883822634143,819240000.0,IXIC_chained,,,,,
1999-02-17,2054.542517666231,902780000.0,IXIC_chained,,,,,
1999-02-18,2065.1766281080727,859910000.0,IXIC_chained,,,,,
1999-02-19,2086.234521735601,813480000.0,IXIC_chained,,,,,
1999-02-22,2139.596218003114,843510000.0,IXIC_chained,,,,,
1999-02-23,2170.9683821258,912110000.0,IXIC_chained,,,,,
1999-02-24,2137.1934059920463,931090000.0,IXIC_chained,,,,,
1999-02-25,2125.719102911327,858700000.0,IXIC_chained,,,,,
1999-02-26,2090.281585400207,901170000.0,IXIC_chained,,,,,
1999-03-01,2096.813541007813,770800000.0,IXIC_chained,,,,,
1999-03-02,2063.7879794561018,894020000.0,IXIC_chained,,,,,
1999-03-03,2069.4246512552004,864380000.0,IXIC_chained,,,,,
1999-03-04,2094.7214240815156,889430000.0,IXIC_chained,,,,,
1999-03-05,2135.119800787723,859200000.0,IXIC_chained,,,,,
1999-03-08,2190.400089084753,970750000.0,IXIC_chained,,,,,
1999-03-09,2186.1244084401646,1032900000.0,IXIC_chained,,,,,
1999-03-10,2198.0557207419843,936670000.0,IXIC_chained,,,,,
1999-03-11,2203.7655496092484,1033580000.0,IXIC_chained,,,,,
1999-03-12,2175.700625254478,918410000.0,IXIC_chained,,,,,
1999-03-15,2221.2969542625115,851480000.0,IXIC_chained,,,,,
1999-03-16,2228.4503000396567,977210000.0,IXIC_chained,,,,,
1999-03-17,2219.040457301347,854320000.0,IXIC_chained,,,,,
1999-03-18,2250.09278147735,937430000.0,IXIC_chained,,,,,
1999-03-19,2212.005992901936,1054880000.0,IXIC_chained,,,,,
1999-03-22,2188.8651262964513,874200000.0,IXIC_chained,,,,,
1999-03-23,2122.083102160105,976000000.0,IXIC_chained,,,,,
1999-03-24,2160.8550701995914,856520000.0,IXIC_chained,,,,,
1999-03-25,2224.3666569273955,939490000.0,IXIC_chained,,,,,
1999-03-26,2210.087400872419,831140000.0,IXIC_chained,,,,,
1999-03-29,2277.3904473496887,876200000.0,IXIC_chained,,,,,
1999-03-30,2265.9250662191644,896110000.0,IXIC_chained,,,,,
1999-03-31,2248.6675542912967,1101200000.0,IXIC_chained,,,,,
1999-04-01,2277.8746673312385,848680000.0,IXIC_chained,,,,,
1999-04-05,2338.8007722892817,977920000.0,IXIC_chained,,,,,
1999-04-06,2341.6418579741835,1113990000.0,IXIC_chained,,,,,
1999-04-07,2324.521516234305,1272750000.0,IXIC_chained,,,,,
1999-04-08,2350.9785436443276,1145880000.0,IXIC_chained,,,,,
1999-04-09,2368.939523846522,1091380000.0,IXIC_chained,,,,,
1999-04-12,2374.201711266319,1143330000.0,IXIC_chained,,,,,
1999-04-13,2360.214860572284,1341700000.0,IXIC_chained,,,,,
1999-04-14,2290.582382063831,1416190000.0,IXIC_chained,,,,,
1999-04-15,2303.820041087543,1233960000.0,IXIC_chained,,,,,
1999-04-16,2269.3509635395226,1027070000.0,IXIC_chained,,,,,
1999-04-19,2142.8851680472017,1200990000.0,IXIC_chained,,,,,
1999-04-20,2201.381027322009,1143740000.0,IXIC_chained,,,,,
1999-04-21,2273.9554051674168,1125280000.0,IXIC_chained,,,,,
1999-04-22,2340.216853699849,1110460000.0,IXIC_chained,,,,,
1999-04-23,2366.783393800401,1049670000.0,IXIC_chained,,,,,
1999-04-26,2422.8403083534954,1050470000.0,IXIC_chained,,,,,
1999-04-27,2377.490438398688,1132010000.0,IXIC_chained,,,,,
1999-04-28,2329.948306600687,1000820000.0,IXIC_chained,,,,,
1999-04-29,2309.9134982824503,1005650000.0,IXIC_chained,,,,,
1999-04-30,2323.0873670980563,994460000.0,IXIC_chained,,,,,
1999-05-03,2316.4365319398617,866010000.0,IXIC_chained,,,,,
1999-05-04,2270.3376932264505,921730000.0,IXIC_chained,,,,,
1999-05-05,2315.4040788569373,1038730000.0,IXIC_chained,,,,,
1999-05-06,2258.6073404071526,909640000.0,IXIC_chained,,,,,
1999-05-07,2287.2387866735517,867050000.0,IXIC_chained,,,,,
1999-05-10,2308.0406305625015,831130000.0,IXIC_chained,,,,,
1999-05-11,2344.848507001765,954690000.0,IXIC_chained,,,,,
1999-05-12,2381.2636093378987,1032500000.0,IXIC_chained,,,,,
1999-05-13,2358.844501644141,1069560000.0,IXIC_chained,,,,,
1999-05-14,2309.3837778166226,936350000.0,IXIC_chained,,,,,
1999-05-17,2340.426958044284,787680000.0,IXIC_chained,,,,,
1999-05-18,2337.2477426888718,862100000.0,IXIC_chained,,,,,
1999-05-19,2354.641978067718,964350000.0,IXIC_chained,,,,,
1999-05-20,2322.5117003245136,1004770000.0,IXIC_chained,,,,,
1999-05-21,2302.3308016952374,889330000.0,IXIC_chained,,,,,
1999-05-24,2241.5965113578027,919880000.0,IXIC_chained,,,,,
1999-05-25,2175.124958480935,1048510000.0,IXIC_chained,,,,,
1999-05-26,2217.405126684431,1099420000.0,IXIC_chained,,,,,
1999-05-27,2210.069111148591,834390000.0,IXIC_chained,,,,,
1999-05-28,2256.999444375977,681570000.0,IXIC_chained,,,,,
1999-06-01,2203.564590126726,743680000.0,IXIC_chained,,,,,
1999-06-02,2222.1830932091048,895580000.0,IXIC_chained,,,,,
1999-06-03,2195.6074082466394,819310000.0,IXIC_chained,,,,,
1999-06-04,2264.143644377636,885690000.0,IXIC_chained,,,,,
1999-06-07,2306.0491043765383,874770000.0,IXIC_chained,,,,,
1999-06-08,2260.6903133851088,847720000.0,IXIC_chained,,,,,
1999-06-09,2301.6092666088025,841720000.0,IXIC_chained,,,,,
1999-06-10,2269.8809069170693,796410000.0,IXIC_chained,,,,,
1999-06-11,2236.316035127751,755120000.0,IXIC_chained,,,,,
1999-06-14,2191.0304012044867,835470000.0,IXIC_chained,,,,,
1999-06-15,2205.976324087989,837020000.0,IXIC_chained,,,,,
1999-06-16,2300.220617956831,1026530000.0,IXIC_chained,,,,,
1999-06-17,2324.2656884938733,892380000.0,IXIC_chained,,,,,
1999-06-18,2341.8885399391293,978110000.0,IXIC_chained,,,,,
1999-06-21,2402.951814171589,903880000.0,IXIC_chained,,,,,
1999-06-22,2357.254894423221,1002260000.0,IXIC_chained,,,,,
1999-06-23,2373.571399146585,950570000.0,IXIC_chained,,,,,
1999-06-24,2333.255323456884,911730000.0,IXIC_chained,,,,,
1999-06-25,2332.0310557533526,767890000.0,IXIC_chained,,,,,
1999-06-28,2377.517872070857,761900000.0,IXIC_chained,,,,,
1999-06-29,2413.7594495102103,952190000.0,IXIC_chained,,,,,
1999-06-30,2453.965789597663,1328060000.0,IXIC_chained,,,,,
1999-07-01,2472.2918873190997,1093090000.0,IXIC_chained,,,,,
1999-07-02,2504.120837751167,850020000.0,IXIC_chained,,,,,
1999-07-06,2500.2472980697685,1135620000.0,IXIC_chained,,,,,
1999-07-07,2505.9662717989463,1033750000.0,IXIC_chained,,,,,
1999-07-08,2532.295496794613,1048380000.0,IXIC_chained,,,,,
1999-07-09,2551.672336409228,927180000.0,IXIC_chained,,,,,
1999-07-12,2549.2695243981607,981370000.0,IXIC_chained,,,,,
1999-07-13,2538.114838352406,995390000.0,IXIC_chained,,,,,
1999-07-14,2574.566297224476,1071090000.0,IXIC_chained,,,,,
1999-07-15,2593.9707934229787,1119320000.0,IXIC_chained,,,,,
1999-07-16,2616.91047672065,1052960000.0,IXIC_chained,,,,,
1999-07-19,2585.6754827859536,945950000.0,IXIC_chained,,,,,
1999-07-20,2496.0447754069187,1081290000.0,IXIC_chained,,,,,
1999-07-21,2523.077469590484,1019080000.0,IXIC_chained,,,,,
1999-07-22,2452.430826809362,1038620000.0,IXIC_chained,,,,,
1999-07-23,2459.7028292253776,922040000.0,IXIC_chained,,,,,
1999-07-26,2392.820213435125,843850000.0,IXIC_chained,,,,,
1999-07-27,2447.7625958869357,997520000.0,IXIC_chained,,,,,
1999-07-28,2471.9814151460487,964880000.0,IXIC_chained,,,,,
1999-07-29,2411.8408583942655,917000000.0,IXIC_chained,,,,,
1999-07-30,2410.4522097422946,877260000.0,IXIC_chained,,,,,
1999-08-02,2396.8764228752175,754220000.0,IXIC_chained,,,,,
1999-08-03,2364.316792494801,1013500000.0,IXIC_chained,,,,,
1999-08-04,2320.4744516561263,964170000.0,IXIC_chained,,,,,
1999-08-05,2344.0721036574196,1167110000.0,IXIC_chained,,,,,
1999-08-06,2327.7555989340553,813730000.0,IXIC_chained,,,,,
1999-08-09,2301.2711369382914,748210000.0,IXIC_chained,,,,,
1999-08-10,2274.8964114583478,978230000.0,IXIC_chained,,,,,
1999-08-11,2343.295477401355,911460000.0,IXIC_chained,,,,,
1999-08-12,2329.144246672454,916770000.0,IXIC_chained,,,,,
1999-08-13,2409.831043398047,934220000.0,IXIC_chained,,,,,
1999-08-16,2416.6554034530222,781570000.0,IXIC_chained,,,,,
1999-08-17,2440.3625681448448,898390000.0,IXIC_chained,,,,,
1999-08-18,2428.029337791554,1045290000.0,IXIC_chained,,,,,
1999-08-19,2394.866607878999,868280000.0,IXIC_chained,,,,,
1999-08-20,2419.4418447053054,795140000.0,IXIC_chained,,,,,
1999-08-23,2484.5247489302023,915630000.0,IXIC_chained,,,,,
1999-08-24,2514.4899755906627,1032160000.0,IXIC_chained,,,,,
1999-08-25,2563.1194287294975,1035950000.0,IXIC_chained,,,,,
1999-08-26,2534.8169663581225,1100060000.0,IXIC_chained,,,,,
1999-08-27,2520.4554083730673,806090000.0,IXIC_chained,,,,,
1999-08-30,2478.2392532893955,795940000.0,IXIC_chained,,,,,
1999-08-31,2502.595242736498,970590000.0,IXIC_chained,,,,,
1999-09-01,2513.055604456268,919330000.0,IXIC_chained,,,,,
1999-09-02,2497.9267879887802,836160000.0,IXIC_chained,,,,,
1999-09-03,2597.387545881423,910410000.0,IXIC_chained,,,,,
1999-09-07,2592.04305744512,911230000.0,IXIC_chained,,,,,
1999-09-08,2565.9879480865684,1005950000.0,IXIC_chained,,,,,
1999-09-09,2605.5273984337773,1029970000.0,IXIC_chained,,,,,
1999-09-10,2637.5390186245386,1129430000.0,IXIC_chained,,,,,
1999-09-13,2598.903996947751,984440000.0,IXIC_chained,,,,,
1999-09-14,2620.391242298919,1013000000.0,IXIC_chained,,,,,
1999-09-15,2570.9485852835096,1059050000.0,IXIC_chained,,,,,
1999-09-16,2564.142514038789,960310000.0,IXIC_chained,,,,,
1999-09-17,2621.606365140537,1005060000.0,IXIC_chained,,,,,
1999-09-20,2636.707524110564,803340000.0,IXIC_chained,,,,,
1999-09-21,2577.2798043203125,1035910000.0,IXIC_chained,,,,,
1999-09-22,2611.136635647135,1029880000.0,IXIC_chained,,,,,
1999-09-23,2512.1694655096744,1170630000.0,IXIC_chained,,,,,
1999-09-24,2503.5634597878793,1152000000.0,IXIC_chained,,,,,
1999-09-27,2523.059179866656,942310000.0,IXIC_chained,,,,,
1999-09-28,2518.034530463464,1103400000.0,IXIC_chained,,,,,
1999-09-29,2494.299932099473,1121110000.0,IXIC_chained,,,,,
1999-09-30,2508.8165023457623,1210570000.0,IXIC_chained,,,,,
1999-10-01,2500.3113111895927,973610000.0,IXIC_chained,,,,,
1999-10-04,2554.321608387095,914660000.0,IXIC_chained,,,,,
1999-10-05,2557.7017823114566,1193260000.0,IXIC_chained,,,,,
1999-10-06,2610.268786424369,1170050000.0,IXIC_chained,,,,,
1999-10-07,2613.457145728123,1216890000.0,IXIC_chained,,,,,
1999-10-08,2637.091376263499,1035030000.0,IXIC_chained,,,,,
1999-10-11,2663.9320329147376,873260000.0,IXIC_chained,,,,,
1999-10-12,2624.1733351883245,1004090000.0,IXIC_chained,,,,,
1999-10-13,2559.163588031593,1004720000.0,IXIC_chained,,,,,
1999-10-14,2564.2522496410365,1015490000.0,IXIC_chained,,,,,
1999-10-15,2495.7251583719535,1074740000.0,IXIC_chained,,,,,
1999-10-18,2456.7337182144,997350000.0,IXIC_chained,,,,,
1999-10-19,2455.8475801813793,1093110000.0,IXIC_chained,,,,,
1999-10-20,2547.159118661608,1053700000.0,IXIC_chained,,,,,
1999-10-21,2559.7847543758403,1123220000.0,IXIC_chained,,,,,
1999-10-22,2573.095570467717,1175300000.0,IXIC_chained,,,,,
1999-10-25,2572.574771038512,933190000.0,IXIC_chained,,,,,
1999-10-26,2568.4819839779097,1067420000.0,IXIC_chained,,,,,
1999-10-27,2560.3055538050457,1075340000.0,IXIC_chained,,,,,
1999-10-28,2626.722238424003,1249160000.0,IXIC_chained,,,,,
1999-10-29,2710.0491613519766,1441380000.0,IXIC_chained,,,,,
1999-11-01,2711.163692539688,1076080000.0,IXIC_chained,,,,,
1999-11-02,2723.9354203921043,1248540000.0,IXIC_chained,,,,,
1999-11-03,2766.7638207834016,1339050000.0,IXIC_chained,,,,,
1999-11-04,2791.8321995414535,1364610000.0,IXIC_chained,,,,,
1999-11-05,2834.167235089287,1346320000.0,IXIC_chained,,,,,
1999-11-08,2872.244879716359,1300800000.0,IXIC_chained,,,,,
1999-11-09,2854.951012166128,1470420000.0,IXIC_chained,,,,,
1999-11-10,2883.1986062795927,1433250000.0,IXIC_chained,,,,,
1999-11-11,2920.956633871701,1382840000.0,IXIC_chained,,,,,
1999-11-12,2942.7543513959195,1409070000.0,IXIC_chained,,,,,
1999-11-15,2941.2836246391607,1283340000.0,IXIC_chained,,,,,
1999-11-16,3010.696854854837,1486980000.0,IXIC_chained,,,,,
1999-11-17,2986.8250863028566,1652650000.0,IXIC_chained,,,,,
1999-11-18,3057.8281457375997,1592920000.0,IXIC_chained,,,,,
1999-11-19,3078.054545764726,1422350000.0,IXIC_chained,,,,,
1999-11-22,3099.349977408858,1374760000.0,IXIC_chained,,,,,
1999-11-23,3053.954606969774,1456310000.0,IXIC_chained,,,,,
1999-11-24,3124.8751424762913,1290550000.0,IXIC_chained,,,,,
1999-11-26,3149.824864595473,730780000.0,IXIC_chained,,,,,
1999-11-29,3125.6700575426107,1543750000.0,IXIC_chained,,,,,
1999-11-30,3047.8243474154924,1548680000.0,IXIC_chained,,,,,
1999-12-01,3063.8575916398286,1434310000.0,IXIC_chained,,,,,
1999-12-02,3154.365293103543,1458170000.0,IXIC_chained,,,,,
1999-12-03,3216.3510619049594,1539060000.0,IXIC_chained,,,,,
1999-12-06,3239.5376509928683,1373230000.0,IXIC_chained,,,,,
1999-12-07,3276.9118264320414,1564600000.0,IXIC_chained,,,,,
1999-12-08,3276.1445679496096,1676620000.0,IXIC_chained,,,,,
1999-12-09,3283.535227918068,1787570000.0,IXIC_chained,,,,,
1999-12-10,3307.352128212138,1594040000.0,IXIC_chained,,,,,
1999-12-13,3342.003875518852,1582860000.0,IXIC_chained,,,,,
1999-12-14,3262.9706991340036,1596410000.0,IXIC_chained,,,,,
1999-12-15,3308.914301760889,1648290000.0,IXIC_chained,,,,,
1999-12-16,3393.9771469596853,1430310000.0,IXIC_chained,,,,,
1999-12-17,3428.692906472651,1572710000.0,IXIC_chained,,,,,
1999-12-20,3456.840131843928,1324450000.0,IXIC_chained,,,,,
1999-12-21,3573.119458341875,1486980000.0,IXIC_chained,,,,,
1999-12-22,3597.009516617683,1473570000.0,IXIC_chained,,,,,
1999-12-23,3626.371641918859,1272680000.0,IXIC_chained,,,,,
1999-12-27,3631.798210287095,1154650000.0,IXIC_chained,,,,,
1999-12-28,3628.811032464009,1237130000.0,IXIC_chained,,,,,
1999-12-29,3692.167160193569,1158430000.0,IXIC_chained,,,,,
1999-12-30,3687.9740043907786,1107160000.0,IXIC_chained,,,,,
1999-12-31,3717.610247156214,762980000.0,IXIC_chained,,,,,
2000-01-03,3774.105434469571,1510070000.0,IXIC_chained,,,,,
2000-01-04,3564.477096997716,1511840000.0,IXIC_chained,,,,,
2000-01-05,3542.4144077847245,1735670000.0,IXIC_chained,,,,,
2000-01-06,3405.0038076793653,1598320000.0,IXIC_chained,,,,,
2000-01-07,3547.0554279467005,1634930000.0,IXIC_chained,,,,,
2000-01-10,3699.6675557642748,1691710000.0,IXIC_chained,,,,,
2000-01-11,3582.29176306358,1694460000.0,IXIC_chained,,,,,
2000-01-12,3517.272871958507,1525900000.0,IXIC_chained,,,,,
2000-01-13,3615.198667062849,1476970000.0,IXIC_chained,,,,,
2000-01-14,3713.0058055283203,1656630000.0,IXIC_chained,,,,,
2000-01-18,3773.794963210093,1585230000.0,IXIC_chained,,,,,
2000-01-19,3792.504912170892,1652210000.0,IXIC_chained,,,,,
2000-01-20,3827.42140825466,1851300000.0,IXIC_chained,,,,,
2000-01-21,3869.3453799755357,1923680000.0,IXIC_chained,,,,,
2000-01-24,3742.0666035183594,1989050000.0,IXIC_chained,,,,,
2000-01-25,3807.231809673335,1743630000.0,IXIC_chained,,,,,
2000-01-26,3718.1582564322966,1717000000.0,IXIC_chained,,,,,
2000-01-27,3690.4314617480372,1798460000.0,IXIC_chained,,,,,
2000-01-28,3551.1207813351343,1616370000.0,IXIC_chained,,,,,
2000-01-31,3599.795957869966,1507630000.0,IXIC_chained,,,,,
2000-02-01,3701.7779615008276,1398240000.0,IXIC_chained,,,,,
2000-02-02,3721.858270303342,1527880000.0,IXIC_chained,,,,,
2000-02-03,3847.036007884026,1722330000.0,IXIC_chained,,,,,
2000-02-04,3877.3302193530835,1751450000.0,IXIC_chained,,,,,
2000-02-07,3948.250754859601,1625540000.0,IXIC_chained,,,,,
2000-02-08,4044.8427695698815,1971180000.0,IXIC_chained,,,,,
2000-02-09,3986.136806864212,1775590000.0,IXIC_chained,,,,,
2000-02-10,4097.948639010535,1813590000.0,IXIC_chained,,,,,
2000-02-11,4015.5629452852127,1738590000.0,IXIC_chained,,,,,
2000-02-14,4036.6661164852985,1600850000.0,IXIC_chained,,,,,
2000-02-15,4038.694444117064,1708930000.0,IXIC_chained,,,,,
2000-02-16,4044.9797159325794,1782130000.0,IXIC_chained,,,,,
2000-02-17,4155.768685681331,2008440000.0,IXIC_chained,,,,,
2000-02-18,4030.445078874181,1898410000.0,IXIC_chained,,,,,
2000-02-22,4003.384951018447,1772290000.0,IXIC_chained,,,,,
2000-02-23,4157.056965591113,1892800000.0,IXIC_chained,,,,,
2000-02-24,4218.558513497408,1944050000.0,IXIC_chained,,,,,
2000-02-25,4193.755106428129,1825500000.0,IXIC_chained,,,,,
2000-02-28,4182.198502330903,1798070000.0,IXIC_chained,,,,,
2000-02-29,4290.767328913708,2088840000.0,IXIC_chained,,,,,
2000-03-01,4370.60456522679,2232340000.0,IXIC_chained,,,,,
2000-03-02,4343.589937855333,2137080000.0,IXIC_chained,,,,,
2000-03-03,4490.017606595873,2136530000.0,IXIC_chained,,,,,
2000-03-06,4480.93674866616,2015580000.0,IXIC_chained,,,,,
2000-03-07,4428.853741623079,2156410000.0,IXIC_chained,,,,,
2000-03-08,4474.002429183645,2020130000.0,IXIC_chained,,,,,
2000-03-09,4610.672981567022,2006810000.0,IXIC_chained,,,,,
2000-03-10,4612.281101423489,1992170000.0,IXIC_chained,,,,,
2000-03-13,4483.120311470878,1736270000.0,IXIC_chained,,,,,
2000-03-14,4299.848187756993,1977820000.0,IXIC_chained,,,,,
2000-03-15,4186.556261080279,1937800000.0,IXIC_chained,,,,,
2000-03-16,4309.6784611823205,2041510000.0,IXIC_chained,,,,,
2000-03-17,4383.44008237374,1691530000.0,IXIC_chained,,,,,
2000-03-20,4211.569772493993,1539860000.0,IXIC_chained,,,,,
2000-03-21,4304.46199715852,1753310000.0,IXIC_chained,,,,,
2000-03-22,4444.302397123677,1769510000.0,IXIC_chained,,,,,
2000-03-23,4513.605890823533,1714160000.0,IXIC_chained,,,,,
2000-03-24,4534.088117677518,1688970000.0,IXIC_chained,,,,,
2000-03-27,4530.004698390549,1380380000.0,IXIC_chained,,,,,
2000-03-28,4416.109671268123,1490090000.0,IXIC_chained,,,,,
2000-03-29,4243.243263927816,1738270000.0,IXIC_chained,,,,,
2000-03-30,4072.6063666135155,1925860000.0,IXIC_chained,,,,,
2000-03-31,4177.612349513264,2118100000.0,IXIC_chained,,,,,
2000-04-03,3858.6385592025395,1739920000.0,IXIC_chained,,,,,
2000-04-04,3790.312427415979,2889100000.0,IXIC_chained,,,,,
2000-04-05,3808.8854300140797,1947700000.0,IXIC_chained,,,,,
2000-04-06,3898.7260188258315,1746450000.0,IXIC_chained,,,,,
2000-04-07,4062.155148842087,1563430000.0,IXIC_chained,,,,,
2000-04-10,3826.225020046735,1446140000.0,IXIC_chained,,,,,
2000-04-11,3705.359094907711,1679390000.0,IXIC_chained,,,,,
2000-04-12,3443.8306439767607,1921090000.0,IXIC_chained,,,,,
2000-04-13,3359.005559706288,1951500000.0,IXIC_chained,,,,,
2000-04-14,3034.23963859822,2555780000.0,IXIC_chained,,,,,
2000-04-17,3233.2795890242305,2482830000.0,IXIC_chained,,,,,
2000-04-18,3465.701741480864,2152720000.0,IXIC_chained,,,,,
2000-04-19,3386.074609512217,1760270000.0,IXIC_chained,,,,,
2000-04-20,3328.9488871674075,1422730000.0,IXIC_chained,,,,,
2000-04-24,3181.4983551157234,1540710000.0,IXIC_chained,,,,,
2000-04-25,3390.478091657589,1622910000.0,IXIC_chained,,,,,
2000-04-26,3316.3509080370623,1592830000.0,IXIC_chained,,,,,
2000-04-27,3447.850496880917,1548760000.0,IXIC_chained,,,,,
2000-04-28,3526.9931859562953,1583710000.0,IXIC_chained,,,,,
2000-05-01,3615.9935821291683,1500610000.0,IXIC_chained,,,,,
2000-05-02,3458.283424928518,1438040000.0,IXIC_chained,,,,,
2000-05-03,3386.896959164278,1480050000.0,IXIC_chained,,,,,
2000-05-04,3398.7093900883633,1287850000.0,IXIC_chained,,,,,
2000-05-05,3486.9423048670865,1197290000.0,IXIC_chained,,,,,
2000-05-08,3352.244988945845,1142710000.0,IXIC_chained,,,,,
2000-05-09,3275.1669831245963,1454780000.0,IXIC_chained,,,,,
2000-05-10,3092.196631631713,1580110000.0,IXIC_chained,,,,,
2000-05-11,3197.120536426675,1370230000.0,IXIC_chained,,,,,
2000-05-12,3224.052639869906,1220040000.0,IXIC_chained,,,,,
2000-05-15,3295.8501685475308,1155810000.0,IXIC_chained,,,,,
2000-05-16,3396.2702224549325,1495270000.0,IXIC_chained,,,,,
2000-05-17,3329.9356168543345,1227380000.0,IXIC_chained,,,,,
2000-05-18,3232.8685261108453,1258610000.0,IXIC_chained,,,,,
2000-05-19,3097.376517121431,1366930000.0,IXIC_chained,,,,,
2000-05-22,3073.4501041368317,1615480000.0,IXIC_chained,,,,,
2000-05-23,2891.0462754691507,1330440000.0,IXIC_chained,,,,,
2000-05-24,2987.9398404022872,2087980000.0,IXIC_chained,,,,,
2000-05-25,2928.320083079709,1561840000.0,IXIC_chained,,,,,
2000-05-26,2928.1008338733595,1069440000.0,IXIC_chained,,,,,
2000-05-30,3160.4861848841915,1457360000.0,IXIC_chained,,,,,
2000-05-31,3106.978174480348,1533730000.0,IXIC_chained,,,,,
2000-06-01,3272.8739067157762,1580240000.0,IXIC_chained,,,,,
2000-06-02,3483.7994460476093,1903210000.0,IXIC_chained,,,,,
2000-06-05,3491.4553006165597,1455960000.0,IXIC_chained,,,,,
2000-06-06,3431.716884827966,1603060000.0,IXIC_chained,,,,,
2000-06-07,3507.442821444899,1431220000.0,IXIC_chained,,,,,
2000-06-08,3494.926921332915,1399250000.0,IXIC_chained,,,,,
2000-06-09,3539.947806479124,1268720000.0,IXIC_chained,,,,,
2000-06-12,3442.259325566096,1281000000.0,IXIC_chained,,,,,
2000-06-13,3518.223023111352,1398790000.0,IXIC_chained,,,,,
2000-06-14,3469.2097178195822,1400300000.0,IXIC_chained,,,,,
2000-06-15,3513.362753743026,1426630000.0,IXIC_chained,,,,,
2000-06-16,3526.9019629895934,1501190000.0,IXIC_chained,,,,,
2000-06-19,3644.99951277487,1411400000.0,IXIC_chained,,,,,
2000-06-20,3666.4959029879515,1694520000.0,IXIC_chained,,,,,
2000-06-21,3712.7682675117157,1541900000.0,IXIC_chained,,,,,
2000-06-22,3596.5893088423845,1639540000.0,IXIC_chained,,,,,
2000-06-23,3512.9974142256383,1344960000.0,IXIC_chained,,,,,
2000-06-26,3574.0058202001874,1316960000.0,IXIC_chained,,,,,
2000-06-27,3525.4401572694574,1476020000.0,IXIC_chained,,,,,
2000-06-28,3599.7868130080524,1660130000.0,IXIC_chained,,,,,
2000-06-29,3542.131146372123,1550990000.0,IXIC_chained,,,,,
2000-06-30,3623.329596751435,2066390000.0,IXIC_chained,,,,,
2000-07-03,3646.917881892668,600810000.0,IXIC_chained,,,,,
2000-07-05,3529.222473070582,1342600000.0,IXIC_chained,,,,,
2000-07-06,3618.2683688141606,1482480000.0,IXIC_chained,,,,,
2000-07-07,3675.485315039244,1486480000.0,IXIC_chained,,,,,
2000-07-10,3636.283994362546,1395950000.0,IXIC_chained,,,,,
2000-07-11,3614.4769090646946,1714500000.0,IXIC_chained,,,,,
2000-07-12,3745.273029634222,1775980000.0,IXIC_chained,,,,,
2000-07-13,3814.0376580063366,1881560000.0,IXIC_chained,,,,,
2000-07-14,3879.1939431246906,1678610000.0,IXIC_chained,,,,,
2000-07-17,3905.221394985782,1584500000.0,IXIC_chained,,,,,
2000-07-18,3816.1480646564623,1501970000.0,IXIC_chained,,,,,
2000-07-19,3705.112412942766,1445310000.0,IXIC_chained,,,,,
2000-07-20,3822.8994914685645,1719880000.0,IXIC_chained,,,,,
2000-07-21,3740.5773641260544,1545940000.0,IXIC_chained,,,,,
2000-07-24,3637.4533938081677,1460690000.0,IXIC_chained,,,,,
2000-07-25,3681.3048795087557,1471000000.0,IXIC_chained,,,,,
2000-07-26,3643.0717767970114,1754760000.0,IXIC_chained,,,,,
2000-07-27,3510.1561047154446,1791100000.0,IXIC_chained,,,,,
2000-07-28,3346.416502526138,1769410000.0,IXIC_chained,,,,,
2000-07-31,3441.4189100154986,1512580000.0,IXIC_chained,,,,,
2000-08-01,3366.990176172116,1341460000.0,IXIC_chained,,,,,
2000-08-02,3342.268847207625,1476820000.0,IXIC_chained,,,,,
2000-08-03,3434.9233109438287,1828860000.0,IXIC_chained,,,,,
2000-08-04,3460.028491147682,1438850000.0,IXIC_chained,,,,,
2000-08-07,3529.121881416675,1319680000.0,IXIC_chained,,,,,
2000-08-08,3515.9299467025326,1461590000.0,IXIC_chained,,,,,
2000-08-09,3520.4520864003475,1517650000.0,IXIC_chained,,,,,
2000-08-10,3435.023901684163,1349670000.0,IXIC_chained,,,,,
2000-08-11,3461.9560051273943,1333260000.0,IXIC_chained,,,,,
2000-08-14,3516.9713208220787,1232060000.0,IXIC_chained,,,,,
2000-08-15,3518.771032387435,1353620000.0,IXIC_chained,,,,,
2000-08-16,3527.4865507997583,1401380000.0,IXIC_chained,,,,,
2000-08-17,3600.271032989602,1440370000.0,IXIC_chained,,,,,
2000-08-18,3590.6510868204296,1447920000.0,IXIC_chained,,,,,
2000-08-21,3611.4895083298893,1269330000.0,IXIC_chained,,,,,
2000-08-22,3616.1122396816113,1413190000.0,IXIC_chained,,,,,
2000-08-23,3664.3489187173163,1461790000.0,IXIC_chained,,,,,
2000-08-24,3702.965650670277,1546950000.0,IXIC_chained,,,,,
2000-08-25,3693.2816922948527,1285820000.0,IXIC_chained,,,,,
2000-08-28,3718.779646601836,1373010000.0,IXIC_chained,,,,,
2000-08-29,3729.358665874048,1489470000.0,IXIC_chained,,,,,
2000-08-30,3749.128502503512,1537020000.0,IXIC_chained,,,,,
2000-08-31,3842.8062744607255,1903150000.0,IXIC_chained,,,,,
2000-09-01,3868.368018062241,1472940000.0,IXIC_chained,,,,,
2000-09-05,3785.095963392178,1668120000.0,IXIC_chained,,,,,
2000-09-06,3666.4776141776965,1757190000.0,IXIC_chained,,,,,
2000-09-07,3744.140431634402,1634610000.0,IXIC_chained,,,,,
2000-09-08,3634.5663618155504,1508550000.0,IXIC_chained,,,,,
2000-09-11,3559.5987626444266,1483670000.0,IXIC_chained,,,,,
2000-09-12,3516.806940787212,1596640000.0,IXIC_chained,,,,,
2000-09-13,3557.351186719885,1656550000.0,IXIC_chained,,,,,
2000-09-14,3575.595427421107,1699480000.0,IXIC_chained,,,,,
2000-09-15,3503.7610963841084,1777540000.0,IXIC_chained,,,,,
2000-09-18,3404.446653541369,1613970000.0,IXIC_chained,,,,,
2000-09-19,3531.542760239851,1707400000.0,IXIC_chained,,,,,
2000-09-20,3560.5944133679764,1802040000.0,IXIC_chained,,,,,
2000-09-21,3497.950899688229,1616010000.0,IXIC_chained,,,,,
2000-09-22,3475.0109934788393,2164340000.0,IXIC_chained,,,,,
2000-09-25,3417.876126272116,1774680000.0,IXIC_chained,,,,,
2000-09-26,3370.260837405949,1825900000.0,IXIC_chained,,,,,
2000-09-27,3340.2956107454893,1948200000.0,IXIC_chained,,,,,
2000-09-28,3451.769759044739,2001450000.0,IXIC_chained,,,,,
2000-09-29,3355.3878477653216,2018050000.0,IXIC_chained,,,,,
2000-10-02,3260.4492295704936,1799220000.0,IXIC_chained,,,,,
2000-10-03,3157.151734355826,1958840000.0,IXIC_chained,,,,,
2000-10-04,3218.607782691415,2129330000.0,IXIC_chained,,,,,
2000-10-05,3172.01557913454,1872960000.0,IXIC_chained,,,,,
2000-10-06,3070.526716521851,1870690000.0,IXIC_chained,,,,,
2000-10-09,3065.547790514655,1437770000.0,IXIC_chained,,,,,
2000-10-10,2960.4686496331683,1874430000.0,IXIC_chained,,,,,
2000-10-11,2894.645697686289,2340450000.0,IXIC_chained,,,,,
2000-10-12,2808.94339733299,2128660000.0,IXIC_chained,,,,,
2000-10-13,3030.110273003535,2070750000.0,IXIC_chained,,,,,
2000-10-16,3005.9097425546765,1788600000.0,IXIC_chained,,,,,
2000-10-17,2936.1858181678035,1936790000.0,IXIC_chained,,,,,
2000-10-18,2897.4504286624,2519920000.0,IXIC_chained,,,,,
2000-10-19,3123.1394440307595,2343470000.0,IXIC_chained,,,,,
2000-10-20,3182.101233563289,2171490000.0,IXIC_chained,,,,,
2000-10-23,3168.9001530736596,1690110000.0,IXIC_chained,,,,,
2000-10-24,3124.2265415463025,1880860000.0,IXIC_chained,,,,,
2000-10-25,2950.446784498952,2170930000.0,IXIC_chained,,,,,
2000-10-26,2989.3739895385356,2292490000.0,IXIC_chained,,,,,
2000-10-27,2995.0200281976945,1963390000.0,IXIC_chained,,,,,
2000-10-30,2915.5755659877423,1741440000.0,IXIC_chained,,,,,
2000-10-31,3078.401596471859,2146420000.0,IXIC_chained,,,,,
2000-11-01,3045.293733903641,2024380000.0,IXIC_chained,,,,,
2000-11-02,3132.658799459598,2226920000.0,IXIC_chained,,,,,
2000-11-03,3153.2690507260863,1846200000.0,IXIC_chained,,,,,
2000-11-06,3120.955880312469,1608520000.0,IXIC_chained,,,,,
2000-11-07,3120.5722510712535,1700120000.0,IXIC_chained,,,,,
2000-11-08,2952.3925872889195,1678000000.0,IXIC_chained,,,,,
2000-11-09,2923.7522199858977,1942770000.0,IXIC_chained,,,,,
2000-11-10,2767.202317368955,1779930000.0,IXIC_chained,,,,,
2000-11-13,2710.3141330407493,2048330000.0,IXIC_chained,,,,,
2000-11-14,2867.0375605544727,1785310000.0,IXIC_chained,,,,,
2000-11-15,2891.9049798300025,1705940000.0,IXIC_chained,,,,,
2000-11-16,2769.8424444849074,1523710000.0,IXIC_chained,,,,,
2000-11-17,2765.5578418901246,1760850000.0,IXIC_chained,,,,,
2000-11-20,2627.105867665219,1716290000.0,IXIC_chained,,,,,
2000-11-21,2623.2780513798175,1749380000.0,IXIC_chained,,,,,
2000-11-22,2517.2032597747802,1885130000.0,IXIC_chained,,,,,
2000-11-24,2653.3619355927203,781600000.0,IXIC_chained,,,,,
2000-11-27,2631.53678348276,1706570000.0,IXIC_chained,,,,,
2000-11-28,2498.602822590938,1919970000.0,IXIC_chained,,,,,
2000-11-29,2472.9770667831713,2055720000.0,IXIC_chained,,,,,
2000-11-30,2373.397651338086,2736270000.0,IXIC_chained,,,,,
2000-12-01,2416.6645483149364,2221970000.0,IXIC_chained,,,,,
2000-12-04,2389.677577527367,1860480000.0,IXIC_chained,,,,,
2000-12-05,2640.042198464221,2474670000.0,IXIC_chained,,,,,
2000-12-06,2554.805828368644,2308280000.0,IXIC_chained,,,,,
2000-12-07,2514.7547243677172,1756810000.0,IXIC_chained,,,,,
2000-12-08,2665.2841030326263,2328650000.0,IXIC_chained,,,,,
2000-12-11,2754.51289236019,2447760000.0,IXIC_chained,,,,,
2000-12-12,2678.384814780067,1919030000.0,IXIC_chained,,,,,
2000-12-13,2578.8053993349818,2042250000.0,IXIC_chained,,,,,
2000-12-14,2492.692035154725,1770640000.0,IXIC_chained,,,,,
2000-12-15,2423.954840454779,2770690000.0,IXIC_chained,,,,,
2000-12-18,2397.6896276653642,2065990000.0,IXIC_chained,,,,,
2000-12-19,2294.62944664201,2317200000.0,IXIC_chained,,,,,
2000-12-20,2131.163960089818,2855150000.0,IXIC_chained,,,,,
2000-12-21,2137.869663505923,2686970000.0,IXIC_chained,,,,,
2000-12-22,2299.480571148422,2235410000.0,IXIC_chained,,,,,
2000-12-26,2278.0116146075093,1558700000.0,IXIC_chained,,,,,
2000-12-27,2319.8807189840472,2002650000.0,IXIC_chained,,,,,
2000-12-28,2336.69951050107,2192130000.0,IXIC_chained,,,,,
2000-12-29,2256.999444375977,2531760000.0,IXIC_chained,,,,,
2001-01-02,2093.7806397887307,1918930000.0,IXIC_chained,,,,,
2001-01-03,2390.536281888219,3188000000.0,IXIC_chained,,,,,
2001-01-04,2344.985676276182,2610680000.0,IXIC_chained,,,,,
2001-01-05,2199.5630260328253,2104670000.0,IXIC_chained,,,,,
2001-01-08,2188.8468374861964,1850590000.0,IXIC_chained,,,,,
2001-01-09,2230.30487894935,1975130000.0,IXIC_chained,,,,,
2001-01-10,2306.021670704369,2470350000.0,IXIC_chained,,,,,
2001-01-11,2412.3525120479844,2842640000.0,IXIC_chained,,,,,
2001-01-12,2399.498483179061,2518850000.0,IXIC_chained,,,,,
2001-01-16,2392.2356256249595,2073940000.0,IXIC_chained,,,,,
2001-01-17,2450.9143766566067,2819190000.0,IXIC_chained,,,,,
2001-01-18,2529.2166501813876,2558710000.0,IXIC_chained,,,,,
2001-01-19,2530.9432046785782,2697190000.0,IXIC_chained,,,,,
2001-01-22,2519.5509806162186,2037140000.0,IXIC_chained,,,,,
2001-01-23,2594.9024328538494,2278470000.0,IXIC_chained,,,,,
2001-01-24,2612.041063403983,2567320000.0,IXIC_chained,,,,,
2001-01-25,2516.234818898108,2298150000.0,IXIC_chained,,,,,
2001-01-26,2540.9195693285164,2268800000.0,IXIC_chained,,,,,
2001-01-29,2593.0297871320477,1970130000.0,IXIC_chained,,,,,
2001-01-30,2593.038931993962,2073590000.0,IXIC_chained,,,,,
2001-01-31,2533.0901889492134,2277310000.0,IXIC_chained,,,,,
2001-02-01,2542.2807833947463,1776260000.0,IXIC_chained,,,,,
2001-02-02,2430.5599522169778,1706900000.0,IXIC_chained,,,,,
2001-02-05,2414.7642460092466,1648760000.0,IXIC_chained,,,,,
2001-02-06,2434.205097830113,1788920000.0,IXIC_chained,,,,,
2001-02-07,2382.4330087835206,2056920000.0,IXIC_chained,,,,,
2001-02-08,2340.627917526806,1852360000.0,IXIC_chained,,,,,
2001-02-09,2257.4105072893617,1881910000.0,IXIC_chained,,,,,
2001-02-12,2274.485125633244,1751220000.0,IXIC_chained,,,,,
2001-02-13,2217.8984915278943,1728550000.0,IXIC_chained,,,,,
2001-02-14,2276.0747328541643,1987350000.0,IXIC_chained,,,,,
2001-02-15,2332.2685937699566,2106930000.0,IXIC_chained,,,,,
2001-02-16,2215.7606512056004,1892200000.0,IXIC_chained,,,,,
2001-02-20,2117.981170237589,1878340000.0,IXIC_chained,,,,,
2001-02-21,2072.8414037136454,2019740000.0,IXIC_chained,,,,,
2001-02-22,2050.9339505871785,2483470000.0,IXIC_chained,,,,,
2001-02-23,2066.9671948115147,2237910000.0,IXIC_chained,,,,,
2001-02-26,2108.9823904126642,1739060000.0,IXIC_chained,,,,,
2001-02-27,2017.0039612786188,1808540000.0,IXIC_chained,,,,,
2001-02-28,1965.8530394898462,2082700000.0,IXIC_chained,,,,,
2001-03-01,1994.6671555149399,2256880000.0,IXIC_chained,,,,,
2001-03-02,1934.6086777815167,2374100000.0,IXIC_chained,,,,,
2001-03-05,1957.712964939346,1495750000.0,IXIC_chained,,,,,
2001-03-06,2013.9068258551385,1986380000.0,IXIC_chained,,,,,
2001-03-07,2031.7123470590889,1774410000.0,IXIC_chained,,,,,
2001-03-08,1981.2923272168118,1759140000.0,IXIC_chained,,,,,
2001-03-09,1875.3636268363866,1962120000.0,IXIC_chained,,,,,
2001-03-12,1757.147308042808,2149820000.0,IXIC_chained,,,,,
2001-03-13,1840.647867323421,2096420000.0,IXIC_chained,,,,,
2001-03-14,1801.6473946733852,2147220000.0,IXIC_chained,,,,,
2001-03-15,1772.9794813287626,1963770000.0,IXIC_chained,,,,,
2001-03-16,1727.4836316052035,2102270000.0,IXIC_chained,,,,,
2001-03-19,1782.544671609457,1774570000.0,IXIC_chained,,,,,
2001-03-20,1696.9062710929775,2016500000.0,IXIC_chained,,,,,
2001-03-21,1672.0479957657885,2109190000.0,IXIC_chained,,,,,
2001-03-22,1733.6867138600721,2504770000.0,IXIC_chained,,,,,
2001-03-23,1761.9892876873062,2284560000.0,IXIC_chained,,,,,
2001-03-26,1752.6799242334714,1719620000.0,IXIC_chained,,,,,
2001-03-27,1801.7753076300287,1951410000.0,IXIC_chained,,,,,
2001-03-28,1693.882404193522,2072260000.0,IXIC_chained,,,,,
2001-03-29,1663.2228532070762,2079050000.0,IXIC_chained,,,,,
2001-03-30,1681.2111565391526,2139050000.0,IXIC_chained,,,,,
2001-04-02,1628.8725455809308,1848350000.0,IXIC_chained,,,,,
2001-04-03,1528.4069911892518,2573410000.0,IXIC_chained,,,,,
2001-04-04,1497.1628523926408,2465470000.0,IXIC_chained,,,,,
2001-04-05,1630.7271244906242,2333000000.0,IXIC_chained,,,,,
2001-04-06,1571.673776710243,1835720000.0,IXIC_chained,,,,,
2001-04-09,1594.832820670123,1448830000.0,IXIC_chained,,,,,
2001-04-10,1691.963923619864,2203460000.0,IXIC_chained,,,,,
2001-04-11,1734.8286796335249,2372010000.0,IXIC_chained,,,,,
2001-04-12,1791.9087909517702,1902800000.0,IXIC_chained,,,,,
2001-04-16,1744.530816276917,1571910000.0,IXIC_chained,,,,,
2001-04-17,1757.001105362337,1900580000.0,IXIC_chained,,,,,
2001-04-18,1899.719392458198,3195650000.0,IXIC_chained,,,,,
2001-04-19,1993.5432565535957,2788870000.0,IXIC_chained,,,,,
2001-04-20,1976.4320587620587,2544420000.0,IXIC_chained,,,,,
2001-04-23,1881.338427392424,1845630000.0,IXIC_chained,,,,,
2001-04-24,1842.3196650185607,1983330000.0,IXIC_chained,,,,,
2001-04-25,1881.77692489155,1978940000.0,IXIC_chained,,,,,
2001-04-26,1859.0106550347994,2028800000.0,IXIC_chained,,,,,
2001-04-27,1896.2843511894982,1801600000.0,IXIC_chained,,,,,
2001-04-30,1933.3389095937073,2027180000.0,IXIC_chained,,,,,
2001-05-01,1980.8446857693443,1922520000.0,IXIC_chained,,,,,
2001-05-02,2028.6794467535788,2584140000.0,IXIC_chained,,,,,
2001-05-03,1960.7095096224923,2010880000.0,IXIC_chained,,,,,
2001-05-04,2002.1218276896495,2057110000.0,IXIC_chained,,,,,
2001-05-07,1985.7140990860114,1749600000.0,IXIC_chained,,,,,
2001-05-08,2008.7360852273346,1892280000.0,IXIC_chained,,,,,
2001-05-09,1970.2380099132445,1793520000.0,IXIC_chained,,,,,
2001-05-10,1944.8683029304832,1741690000.0,IXIC_chained,,,,,
2001-05-11,1925.2902818351997,1430930000.0,IXIC_chained,,,,,
2001-05-14,1901.9850351948487,1338540000.0,IXIC_chained,,,,,
2001-05-15,1905.328853496847,1710620000.0,IXIC_chained,,,,,
2001-05-16,1979.200210290514,2078580000.0,IXIC_chained,,,,,
2001-05-17,2004.0859202034444,2154310000.0,IXIC_chained,,,,,
2001-05-18,2008.8364530559497,1792620000.0,IXIC_chained,,,,,
2001-05-21,2106.323974486457,2311480000.0,IXIC_chained,,,,,
2001-05-22,2113.870093453159,2314800000.0,IXIC_chained,,,,,
2001-05-23,2049.5818804692904,1886790000.0,IXIC_chained,,,,,
2001-05-24,2084.791005739292,1864570000.0,IXIC_chained,,,,,
2001-05-25,2056.4793985060037,1385410000.0,IXIC_chained,,,,,
2001-05-29,1987.513810651367,1621060000.0,IXIC_chained,,,,,
2001-05-30,1904.3421238099195,1991230000.0,IXIC_chained,,,,,
2001-05-31,1928.0858670358243,1833070000.0,IXIC_chained,,,,,
2001-06-01,1963.6694757715557,1555300000.0,IXIC_chained,,,,,
2001-06-04,1969.5985538451691,1320350000.0,IXIC_chained,,,,,
2001-06-05,2040.610535230107,1845100000.0,IXIC_chained,,,,,
2001-06-06,2026.0573855361622,1771940000.0,IXIC_chained,,,,,
2001-06-07,2068.328408877744,1660520000.0,IXIC_chained,,,,,
2001-06-08,2023.6547973503862,1437730000.0,IXIC_chained,,,,,
2001-06-11,1983.1651958503326,1418630000.0,IXIC_chained,,,,,
2001-06-12,1982.4068593180957,1713560000.0,IXIC_chained,,,,,
2001-06-13,1938.2904019287344,1546790000.0,IXIC_chained,,,,,
2001-06-14,1867.40633350044,1763760000.0,IXIC_chained,,,,,
2001-06-15,1853.1181564088413,2109340000.0,IXIC_chained,,,,,
2001-06-18,1816.757921417045,1567770000.0,IXIC_chained,,,,,
2001-06-19,1820.439645564263,1980650000.0,IXIC_chained,,,,,
2001-06-20,1855.6852369989156,2110760000.0,IXIC_chained,,,,,
2001-06-21,1880.826773738705,2180500000.0,IXIC_chained,,,,,
2001-06-22,1858.9740765007168,1714580000.0,IXIC_chained,,,,,
2001-06-25,1873.618783528941,1481730000.0,IXIC_chained,,,,,
2001-06-26,1886.1804070369221,1657380000.0,IXIC_chained,,,,,
2001-06-27,1895.4256459150738,1716400000.0,IXIC_chained,,,,,
2001-06-28,1941.762022645089,1952960000.0,IXIC_chained,,,,,
2001-06-29,1973.8102213699333,2071630000.0,IXIC_chained,,,,,
2001-07-02,1963.0117308932254,1513420000.0,IXIC_chained,,,,,
2001-07-03,1955.7763070112926,868430000.0,IXIC_chained,,,,,
2001-07-05,1900.3316377658232,1290680000.0,IXIC_chained,,,,,
2001-07-06,1830.9457306800289,1441420000.0,IXIC_chained,,,,,
2001-07-09,1851.5467265423167,1399630000.0,IXIC_chained,,,,,
2001-07-10,1793.1512360096976,1663970000.0,IXIC_chained,,,,,
2001-07-11,1801.6017827332482,1770290000.0,IXIC_chained,,,,,
2001-07-12,1896.3392185338357,1888690000.0,IXIC_chained,,,,,
2001-07-13,1904.6070954986924,1561760000.0,IXIC_chained,,,,,
2001-07-16,1853.7484676150027,1489350000.0,IXIC_chained,,,,,
2001-07-17,1888.647008342522,1695690000.0,IXIC_chained,,,,,
2001-07-18,1841.91774696709,1738120000.0,IXIC_chained,,,,,
2001-07-19,1869.7085547711733,1906220000.0,IXIC_chained,,,,,
2001-07-20,1853.9768607696933,1642120000.0,IXIC_chained,,,,,
2001-07-23,1816.6940206666532,1356540000.0,IXIC_chained,,,,,
2001-07-24,1789.9080084480333,1601500000.0,IXIC_chained,,,,,
2001-07-25,1812.8203695293955,1675490000.0,IXIC_chained,,,,,
2001-07-26,1848.1208292219583,1765390000.0,IXIC_chained,,,,,
2001-07-27,1853.7027442190063,1583800000.0,IXIC_chained,,,,,
2001-07-30,1843.4433419817583,1338230000.0,IXIC_chained,,,,,
2001-07-31,1851.930467239392,1621790000.0,IXIC_chained,,,,,
2001-08-01,1889.6152263074755,1784220000.0,IXIC_chained,,,,,
2001-08-02,1906.9731060639583,1675930000.0,IXIC_chained,,,,,
2001-08-03,1887.7425805856735,1245120000.0,IXIC_chained,,,,,
2001-08-06,1858.44424457903,1106550000.0,IXIC_chained,,,,,
2001-08-07,1852.5334562292442,1318020000.0,IXIC_chained,,,,,
2001-08-08,1796.4126409257574,1661690000.0,IXIC_chained,,,,,
2001-08-09,1793.635344535388,1457150000.0,IXIC_chained,,,,,
2001-08-10,1787.3773949361819,1372690000.0,IXIC_chained,,,,,
2001-08-13,1810.9293235414789,1147040000.0,IXIC_chained,,,,,
2001-08-14,1794.7408432306177,1231860000.0,IXIC_chained,,,,,
2001-08-15,1753.0453761202916,1463930000.0,IXIC_chained,,,,,
2001-08-16,1763.4874481162337,1613790000.0,IXIC_chained,,,,,
2001-08-17,1705.649224091043,1301510000.0,IXIC_chained,,,,,
2001-08-20,1718.7498243826246,1165790000.0,IXIC_chained,,,,,
2001-08-21,1673.025581504375,1325960000.0,IXIC_chained,,,,,
2001-08-22,1699.254215759707,1550540000.0,IXIC_chained,,,,,
2001-08-23,1683.6869027066662,1456290000.0,IXIC_chained,,,,,
2001-08-24,1751.1360404085476,1495650000.0,IXIC_chained,,,,,
2001-08-27,1747.125442908592,1195290000.0,IXIC_chained,,,,,
2001-08-28,1703.794644267777,1433940000.0,IXIC_chained,,,,,
2001-08-29,1683.8696839212198,1466700000.0,IXIC_chained,,,,,
2001-08-30,1636.8298389168774,1734810000.0,IXIC_chained,,,,,
2001-08-31,1649.3914624248582,1232880000.0,IXIC_chained,,,,,
2001-09-04,1617.7361483454308,1536580000.0,IXIC_chained,,,,,
2001-09-05,1606.9833812647191,1950580000.0,IXIC_chained,,,,,
2001-09-06,1558.2260151692408,1887800000.0,IXIC_chained,,,,,
2001-09-07,1541.8364639199986,1712760000.0,IXIC_chained,,,,,
2001-09-10,1548.8527509650141,1612970000.0,IXIC_chained,,,,,
2001-09-17,1443.0336747309773,2254620000.0,IXIC_chained,,,,,
2001-09-18,1420.6784677876115,1864980000.0,IXIC_chained,,,,,
2001-09-19,1395.7562917100306,2464030000.0,IXIC_chained,,,,,
2001-09-20,1343.8014214488844,2804660000.0,IXIC_chained,,,,,
2001-09-21,1300.1873613954685,2588150000.0,IXIC_chained,,,,,
2001-09-24,1369.8108064978674,2052290000.0,IXIC_chained,,,,,
2001-09-25,1371.857200941741,2181960000.0,IXIC_chained,,,,,
2001-09-26,1337.5068924020231,1760620000.0,IXIC_chained,,,,,
2001-09-27,1334.4646243228806,2043090000.0,IXIC_chained,,,,,
2001-09-28,1369.2626857659252,2114360000.0,IXIC_chained,,,,,
2001-10-01,1352.507683543435,1505140000.0,IXIC_chained,,,,,
2001-10-02,1363.35178596028,1784730000.0,IXIC_chained,,,,,
2001-10-03,1444.1847853663437,2713300000.0,IXIC_chained,,,,,
2001-10-04,1459.2587335759213,2558580000.0,IXIC_chained,,,,,
2001-10-05,1466.5581696641054,1836380000.0,IXIC_chained,,,,,
2001-10-08,1467.151902336184,1417520000.0,IXIC_chained,,,,,
2001-10-09,1434.48253635352,1527430000.0,IXIC_chained,,,,,
2001-10-10,1485.70661612403,1857510000.0,IXIC_chained,,,,,
2001-10-11,1554.416377151807,2532940000.0,IXIC_chained,,,,,
2001-10-12,1556.1796207253672,2185970000.0,IXIC_chained,,,,,
2001-10-15,1549.7024228333842,1586210000.0,IXIC_chained,,,,,
2001-10-16,1573.235950258994,1843310000.0,IXIC_chained,,,,,
2001-10-17,1504.0511141115808,2292410000.0,IXIC_chained,,,,,
2001-10-18,1509.8797119871474,1793870000.0,IXIC_chained,,,,,
2001-10-19,1526.8631073643278,1591110000.0,IXIC_chained,,,,,
2001-10-22,1560.4550784582364,1530830000.0,IXIC_chained,,,,,
2001-10-23,1557.1296604223523,1839490000.0,IXIC_chained,,,,,
2001-10-24,1581.8875679209264,1895000000.0,IXIC_chained,,,,,
2001-10-25,1622.020750940214,2259620000.0,IXIC_chained,,,,,
2001-10-26,1616.0733840563455,1999200000.0,IXIC_chained,,,,,
2001-10-29,1552.634955310279,1659170000.0,IXIC_chained,,,,,
2001-10-30,1523.3001513118397,1778560000.0,IXIC_chained,,,,,
2001-10-31,1544.1203954669043,1897610000.0,IXIC_chained,,,,,
2001-11-01,1595.3719089095832,1784910000.0,IXIC_chained,,,,,
2001-11-02,1594.851109480378,1643860000.0,IXIC_chained,,,,,
2001-11-05,1638.6295495686607,1734250000.0,IXIC_chained,,,,,
2001-11-06,1676.4788010410427,1945510000.0,IXIC_chained,,,,,
2001-11-07,1678.7171206478113,2065810000.0,IXIC_chained,,,,,
2001-11-08,1669.800643666538,2300720000.0,IXIC_chained,,,,,
2001-11-09,1670.4492436829548,1524360000.0,IXIC_chained,,,,,
2001-11-12,1681.0923875308504,1594470000.0,IXIC_chained,,,,,
2001-11-13,1728.57987398266,2189000000.0,IXIC_chained,,,,,
2001-11-14,1738.7022184013506,2175590000.0,IXIC_chained,,,,,
2001-11-15,1736.3086627080565,2025550000.0,IXIC_chained,,,,,
2001-11-16,1734.490662332446,1714140000.0,IXIC_chained,,,,,
2001-11-19,1767.2331853832754,1924900000.0,IXIC_chained,,,,,
2001-11-20,1717.9824544443331,1988580000.0,IXIC_chained,,,,,
2001-11-21,1712.9943835752235,1577590000.0,IXIC_chained,,,,,
2001-11-23,1738.7113632632643,569820000.0,IXIC_chained,,,,,
2001-11-26,1773.454556448399,1734130000.0,IXIC_chained,,,,,
2001-11-27,1768.6491562515557,2137420000.0,IXIC_chained,,,,,
2001-11-28,1724.7976705509675,1905150000.0,IXIC_chained,,,,,
2001-11-29,1766.1734100840422,1957120000.0,IXIC_chained,,,,,
2001-11-30,1763.724986132838,1831850000.0,IXIC_chained,,,,,
2001-12-03,1740.2645034059612,1496760000.0,IXIC_chained,,,,,
2001-12-04,1793.4343859664386,1908630000.0,IXIC_chained,,,,,
2001-12-05,1869.936947925864,2777500000.0,IXIC_chained,,,,,
2001-12-06,1876.7248418161887,2212470000.0,IXIC_chained,,,,,
2001-12-07,1846.5678005351206,1916720000.0,IXIC_chained,,,,,
2001-12-10,1819.9462807207992,1679480000.0,IXIC_chained,,,,,
2001-12-11,1828.9084820116414,1965200000.0,IXIC_chained,,,,,
2001-12-12,1837.5416984938863,1895290000.0,IXIC_chained,,,,,
2001-12-13,1778.278247282642,2095820000.0,IXIC_chained,,,,,
2001-12-14,1784.3626719850677,1900020000.0,IXIC_chained,,,,,
2001-12-17,1815.6798563939844,1840920000.0,IXIC_chained,,,,,
2001-12-18,1831.4938523255435,1852020000.0,IXIC_chained,,,,,
2001-12-19,1811.514023721076,1919850000.0,IXIC_chained,,,,,
2001-12-20,1752.7256476294676,2043110000.0,IXIC_chained,,,,,
2001-12-21,1777.6569685689624,2359670000.0,IXIC_chained,,,,,
2001-12-24,1776.4236674593762,564380000.0,IXIC_chained,,,,,
2001-12-26,1791.2417888420941,1127350000.0,IXIC_chained,,,,,
2001-12-27,1805.60323537129,1241060000.0,IXIC_chained,,,,,
2001-12-28,1815.506331497204,1328290000.0,IXIC_chained,,,,,
2001-12-31,1781.832057559644,1414840000.0,IXIC_chained,,,,,
2002-01-02,1808.188605685192,1517670000.0,IXIC_chained,,,,,
2002-01-03,1867.5891156285663,2209630000.0,IXIC_chained,,,,,
2002-01-04,1881.3930727386153,2205610000.0,IXIC_chained,,,,,
2002-01-07,1861.0387597548456,2121110000.0,IXIC_chained,,,,,
2002-01-08,1878.0677661585908,1873670000.0,IXIC_chained,,,,,
2002-01-09,1868.1555260843356,2321450000.0,IXIC_chained,,,,,
2002-01-10,1870.3023988991117,1761640000.0,IXIC_chained,,,,,
2002-01-11,1847.664042912577,1625530000.0,IXIC_chained,,,,,
2002-01-14,1818.6855459390442,1801650000.0,IXIC_chained,,,,,
2002-01-15,1827.9766196690516,1675150000.0,IXIC_chained,,,,,
2002-01-16,1776.3870889252937,1917270000.0,IXIC_chained,,,,,
2002-01-17,1814.1907284575389,1893110000.0,IXIC_chained,,,,,
2002-01-18,1763.505737840061,1693010000.0,IXIC_chained,,,,,
2002-01-22,1719.8278884921126,1817220000.0,IXIC_chained,,,,,
2002-01-23,1756.2337354240458,1871120000.0,IXIC_chained,,,,,
2002-01-24,1774.6878575579851,1907870000.0,IXIC_chained,,,,,
2002-01-25,1770.2296186105623,1655310000.0,IXIC_chained,,,,,
2002-01-28,1775.9029803996032,1482080000.0,IXIC_chained,,,,,
2002-01-29,1729.3838224550339,1875380000.0,IXIC_chained,,,,,
2002-01-30,1748.0663377436636,2066970000.0,IXIC_chained,,,,,
2002-01-31,1766.876878358369,1803530000.0,IXIC_chained,,,,,
2002-02-01,1746.0565227474451,1710000000.0,IXIC_chained,,,,,
2002-02-04,1695.161427785532,1779030000.0,IXIC_chained,,,,,
2002-02-05,1679.6215493182324,2106870000.0,IXIC_chained,,,,,
2002-02-06,1656.042186127194,2105480000.0,IXIC_chained,,,,,
2002-02-07,1628.086885918812,1998300000.0,IXIC_chained,,,,,
2002-02-08,1661.6789693821524,1794710000.0,IXIC_chained,,,,,
2002-02-11,1687.0580432249737,1564830000.0,IXIC_chained,,,,,
2002-02-12,1675.6839974305826,1621680000.0,IXIC_chained,,,,,
2002-02-13,1698.477700959502,1600740000.0,IXIC_chained,,,,,
2002-02-14,1684.052353679914,1679410000.0,IXIC_chained,,,,,
2002-02-15,1649.1812466245635,1624720000.0,IXIC_chained,,,,,
2002-02-19,1599.309348427801,1749170000.0,IXIC_chained,,,,,
2002-02-20,1622.112085362775,1918210000.0,IXIC_chained,,,,,
2002-02-21,1567.9098620888053,1833750000.0,IXIC_chained,,,,,
2002-02-22,1575.4925595895904,1839340000.0,IXIC_chained,,,,,
2002-02-25,1616.913911062802,1666850000.0,IXIC_chained,,,,,
2002-02-26,1614.1549034826878,1670530000.0,IXIC_chained,,,,,
2002-02-27,1600.4696039250812,1823440000.0,IXIC_chained,,,,,
2002-02-28,1581.8418445249297,1935630000.0,IXIC_chained,,,,,
2002-03-01,1646.9338936117404,1902520000.0,IXIC_chained,,,,,
2002-03-04,1698.6237921841137,2297630000.0,IXIC_chained,,,,,
2002-03-05,1704.99147829914,2074650000.0,IXIC_chained,,,,,
2002-03-06,1727.0177004339087,1907080000.0,IXIC_chained,,,,,
2002-03-07,1719.0056512094839,1898190000.0,IXIC_chained,,,,,
2002-03-08,1762.8937154441546,2059420000.0,IXIC_chained,,,,,
2002-03-11,1762.7292230398562,1763950000.0,IXIC_chained,,,,,
2002-03-12,1733.1568819383851,1750150000.0,IXIC_chained,,,,,
2002-03-13,1701.0996498074865,1664240000.0,IXIC_chained,,,,,
2002-03-14,1693.8915490554357,1492130000.0,IXIC_chained,,,,,
2002-03-15,1706.8277683985782,1698800000.0,IXIC_chained,,,,,
2002-03-18,1714.830673674662,1547190000.0,IXIC_chained,,,,,
2002-03-19,1718.3113268834984,1521620000.0,IXIC_chained,,,,,
2002-03-20,1674.4598411829102,1554640000.0,IXIC_chained,,,,,
2002-03-21,1707.3118769242687,1601590000.0,IXIC_chained,,,,,
2002-03-22,1691.3792243538396,1504960000.0,IXIC_chained,,,,,
2002-03-25,1655.8412266446724,1429310000.0,IXIC_chained,,,,,
2002-03-26,1666.511804164737,1662170000.0,IXIC_chained,,,,,
2002-03-27,1668.8687813239483,1624230000.0,IXIC_chained,,,,,
2002-03-28,1685.8612101071833,1664900000.0,IXIC_chained,,,,,
2002-04-01,1701.6386265910874,1554790000.0,IXIC_chained,,,,,
2002-04-02,1648.4504552203546,1701240000.0,IXIC_chained,,,,,
2002-04-03,1630.1332803626858,1704190000.0,IXIC_chained,,,,,
2002-04-04,1635.066594429745,1731670000.0,IXIC_chained,,,,,
2002-04-05,1617.050968881359,1508100000.0,IXIC_chained,,,,,
2002-04-08,1631.521928101084,1599200000.0,IXIC_chained,,,,,
2002-04-09,1591.9641889436205,1662760000.0,IXIC_chained,,,,,
2002-04-10,1614.3467181032956,1965420000.0,IXIC_chained,,,,,
2002-04-11,1576.1320156576658,1707140000.0,IXIC_chained,,,,,
2002-04-12,1604.4070434432992,1532480000.0,IXIC_chained,,,,,
2002-04-15,1602.2054138264725,1327230000.0,IXIC_chained,,,,,
2002-04-16,1659.7696336704084,1791490000.0,IXIC_chained,,,,,
2002-04-17,1654.1785738114463,1931060000.0,IXIC_chained,,,,,
2002-04-18,1646.6507445685716,1866140000.0,IXIC_chained,,,,,
2002-04-19,1641.5346483733863,1681640000.0,IXIC_chained,,,,,
2002-04-22,1606.681942497723,1703120000.0,IXIC_chained,,,,,
2002-04-23,1580.7456021474734,1957900000.0,IXIC_chained,,,,,
2002-04-24,1565.260479568652,1923230000.0,IXIC_chained,,,,,
2002-04-25,1565.5893520078173,1971760000.0,IXIC_chained,,,,,
2002-04-26,1520.0843583359167,1893790000.0,IXIC_chained,,,,,
2002-04-29,1513.7259285386638,1842550000.0,IXIC_chained,,,,,
2002-04-30,1542.3206839015486,2091610000.0,IXIC_chained,,,,,
2002-05-01,1532.5455016458507,2189110000.0,IXIC_chained,,,,,
2002-05-02,1502.6624654596098,2060340000.0,IXIC_chained,,,,,
2002-05-03,1473.6200677356853,1990950000.0,IXIC_chained,,,,,
2002-05-06,1442.056088992391,1776080000.0,IXIC_chained,,,,,
2002-05-07,1437.7988095274898,2139130000.0,IXIC_chained,,,,,
2002-05-08,1549.6841331095566,2403240000.0,IXIC_chained,,,,,
2002-05-09,1507.8424624051872,1788460000.0,IXIC_chained,,,,,
2002-05-10,1462.4927048198122,1839130000.0,IXIC_chained,,,,,
2002-05-13,1509.715331038708,1648780000.0,IXIC_chained,,,,,
2002-05-14,1570.4770550483117,2603120000.0,IXIC_chained,,,,,
2002-05-15,1576.4244219321802,2266100000.0,IXIC_chained,,,,,
2002-05-16,1580.882548510171,1644660000.0,IXIC_chained,,,,,
2002-05-17,1590.8862362899915,1648910000.0,IXIC_chained,,,,,
2002-05-20,1554.5260012981955,1429300000.0,IXIC_chained,,,,,
2002-05-21,1520.3493300246898,1660880000.0,IXIC_chained,,,,,
2002-05-22,1528.8180541026363,1734730000.0,IXIC_chained,,,,,
2002-05-23,1550.9082893572293,1762570000.0,IXIC_chained,,,,,
2002-05-24,1517.891761211572,1210890000.0,IXIC_chained,,,,,
2002-05-28,1509.377313737629,1319250000.0,IXIC_chained,,,,,
2002-05-29,1483.9982398948077,1418900000.0,IXIC_chained,,,,,
2002-05-30,1490.8774682076935,1585850000.0,IXIC_chained,,,,,
2002-05-31,1476.0866690412852,1682430000.0,IXIC_chained,,,,,
2002-06-03,1427.5120850739327,1623120000.0,IXIC_chained,,,,,
2002-06-04,1441.7272165532258,1881400000.0,IXIC_chained,,,,,
2002-06-05,1457.3858649424003,1632920000.0,IXIC_chained,,,,,
2002-06-06,1420.4957980289173,1630260000.0,IXIC_chained,,,,,
2002-06-07,1402.772466385614,2111740000.0,IXIC_chained,,,,,
2002-06-10,1398.396417912411,1518260000.0,IXIC_chained,,,,,
2002-06-11,1367.7827026913935,1697040000.0,IXIC_chained,,,,,
2002-06-12,1387.8264320462529,2057320000.0,IXIC_chained,,,,,
2002-06-13,1367.5085861407067,1566910000.0,IXIC_chained,,,,,
2002-06-14,1374.6892532205886,1827730000.0,IXIC_chained,,,,,
2002-06-17,1419.0432486265543,1591840000.0,IXIC_chained,,,,,
2002-06-18,1409.605972216076,1589760000.0,IXIC_chained,,,,,
2002-06-19,1367.46286274471,1726700000.0,IXIC_chained,,,,,
2002-06-20,1338.1554933320124,1709470000.0,IXIC_chained,,,,,
2002-06-21,1316.421565102326,1962900000.0,IXIC_chained,,,,,
2002-06-24,1334.1266070218016,2050610000.0,IXIC_chained,,,,,
2002-06-25,1300.9182642555365,1880680000.0,IXIC_chained,,,,,
2002-06-26,1305.7967109782578,2061740000.0,IXIC_chained,,,,,
2002-06-27,1333.0851205328236,1942590000.0,IXIC_chained,,,,,
2002-06-28,1336.7485558697863,2575240000.0,IXIC_chained,,,,,
2002-07-01,1282.473286983511,2320650000.0,IXIC_chained,,,,,
2002-07-02,1240.467123874843,2722550000.0,IXIC_chained,,,,,
2002-07-03,1260.8855614342958,2661060000.0,IXIC_chained,,,,,
2002-07-05,1323.1820244069095,1120960000.0,IXIC_chained,,,,,
2002-07-08,1284.1267949548233,1708150000.0,IXIC_chained,,,,,
2002-07-09,1261.7534106570617,1704220000.0,IXIC_chained,,,,,
2002-07-10,1229.6778897159081,1846320000.0,IXIC_chained,,,,,
2002-07-11,1255.6416637383268,2298330000.0,IXIC_chained,,,,,
2002-07-12,1254.7919918699565,2009340000.0,IXIC_chained,,,,,
2002-07-15,1263.1237695852053,2117700000.0,IXIC_chained,,,,,
2002-07-16,1256.3998888147041,2379260000.0,IXIC_chained,,,,,
2002-07-17,1276.4893415655602,2338390000.0,IXIC_chained,,,,,
2002-07-18,1239.672320264383,1842360000.0,IXIC_chained,,,,,
2002-07-19,1205.139341965971,2396800000.0,IXIC_chained,,,,,
2002-07-22,1171.7939413811484,2014410000.0,IXIC_chained,,,,,
2002-07-23,1122.826471854807,2238890000.0,IXIC_chained,,,,,
2002-07-24,1178.7187816341714,2167790000.0,IXIC_chained,,,,,
2002-07-25,1132.9030928775012,2353210000.0,IXIC_chained,,,,,
2002-07-26,1153.0382690243534,1691540000.0,IXIC_chained,,,,,
2002-07-29,1219.8478392023003,1944170000.0,IXIC_chained,,,,,
2002-07-30,1228.0151245132504,1728270000.0,IXIC_chained,,,,,
2002-07-31,1213.4619757328783,1633300000.0,IXIC_chained,,,,,
2002-08-01,1169.3729520156858,1548860000.0,IXIC_chained,,,,,
2002-08-02,1140.065582602988,1419790000.0,IXIC_chained,,,,,
2002-08-05,1101.7777230891927,1336720000.0,IXIC_chained,,,,,
2002-08-06,1150.6904367270558,1535110000.0,IXIC_chained,,,,,
2002-08-07,1170.1951892983145,1542880000.0,IXIC_chained,,,,,
2002-08-08,1202.7366423243354,1523000000.0,IXIC_chained,,,,,
2002-08-09,1193.2354642498926,1313750000.0,IXIC_chained,,,,,
2002-08-12,1193.8932100417956,1054220000.0,IXIC_chained,,,,,
2002-08-13,1159.5794800361602,1570660000.0,IXIC_chained,,,,,
2002-08-14,1218.9799899795344,1629290000.0,IXIC_chained,,,,,
2002-08-15,1228.764317097146,1642850000.0,IXIC_chained,,,,,
2002-08-16,1243.3814789973421,1389180000.0,IXIC_chained,,,,,
2002-08-19,1274.0135953980464,1489490000.0,IXIC_chained,,,,,
2002-08-20,1257.6149002004627,1396290000.0,IXIC_chained,,,,,
2002-08-21,1287.452212990707,1508530000.0,IXIC_chained,,,,,
2002-08-22,1299.9681131026916,1654080000.0,IXIC_chained,,,,,
2002-08-23,1261.2966243476808,1365830000.0,IXIC_chained,,,,,
2002-08-26,1271.4555473004539,1261360000.0,IXIC_chained,,,,,
2002-08-27,1231.2949306089974,1432360000.0,IXIC_chained,,,,,
2002-08-28,1200.781583216595,1351500000.0,IXIC_chained,,,,,
2002-08-29,1220.3229152355088,1435190000.0,IXIC_chained,,,,,
2002-08-30,1201.2109358538073,1089820000.0,IXIC_chained,,,,,
2002-09-03,1154.6095874350185,1394260000.0,IXIC_chained,,,,,
2002-09-04,1180.6190848534336,1493510000.0,IXIC_chained,,,,,
2002-09-05,1142.8793460715804,1520290000.0,IXIC_chained,,,,,
2002-09-06,1183.3506578478064,1320380000.0,IXIC_chained,,,,,
2002-09-09,1191.8468165114944,1247540000.0,IXIC_chained,,,,,
2002-09-10,1205.9980472403956,1441490000.0,IXIC_chained,,,,,
2002-09-11,1201.7590565857495,1075670000.0,IXIC_chained,,,,,
2002-09-12,1169.080658110603,1192760000.0,IXIC_chained,,,,,
2002-09-13,1179.7877017953183,1265530000.0,IXIC_chained,,,,,
2002-09-16,1165.6090373942482,1097330000.0,IXIC_chained,,,,,
2002-09-17,1151.0466313825304,1500330000.0,IXIC_chained,,,,,
2002-09-18,1143.9116876986448,1570950000.0,IXIC_chained,,,,,
2002-09-19,1111.3153673282861,1521130000.0,IXIC_chained,,,,,
2002-09-20,1115.5543579829323,1796000000.0,IXIC_chained,,,,,
2002-09-23,1082.5196524828796,1443330000.0,IXIC_chained,,,,,
2002-09-24,1079.9981829193696,1666020000.0,IXIC_chained,,,,,
2002-09-25,1116.650711816248,1691640000.0,IXIC_chained,,,,,
2002-09-26,1116.0294331025684,1664160000.0,IXIC_chained,,,,,
2002-09-27,1095.5197725764142,1444460000.0,IXIC_chained,,,,,
2002-09-30,1070.7619774472723,1682900000.0,IXIC_chained,,,,,
2002-10-01,1108.8213323505174,1707860000.0,IXIC_chained,,,,,
2002-10-02,1084.684815021483,1763700000.0,IXIC_chained,,,,,
2002-10-03,1064.8237554253178,1647320000.0,IXIC_chained,,,,,
2002-10-04,1041.3814500528367,1587030000.0,IXIC_chained,,,,,
2002-10-07,1022.6532113682105,1409850000.0,IXIC_chained,,,,,
2002-10-08,1031.624446065107,1836990000.0,IXIC_chained,,,,,
2002-10-09,1017.8203765856261,1755730000.0,IXIC_chained,,,,,
2002-10-10,1062.822972921581,1837940000.0,IXIC_chained,,,,,
2002-10-11,1105.8522213395402,1915390000.0,IXIC_chained,,,,,
2002-10-14,1115.0428148715002,1204240000.0,IXIC_chained,,,,,
2002-10-15,1171.6020153046813,2009640000.0,IXIC_chained,,,,,
2002-10-16,1125.905207012173,1585220000.0,IXIC_chained,,,,,
2002-10-17,1162.3293427543606,1822740000.0,IXIC_chained,,,,,
2002-10-18,1176.5536190955677,1665970000.0,IXIC_chained,,,,,
2002-10-21,1196.478691811557,1572970000.0,IXIC_chained,,,,,
2002-10-22,1181.0667263009007,1723340000.0,IXIC_chained,,,,,
2002-10-23,1206.125960197039,1598320000.0,IXIC_chained,,,,,
2002-10-24,1186.4658600833952,1944060000.0,IXIC_chained,,,,,
2002-10-25,1216.083924580863,1470040000.0,IXIC_chained,,,,,
2002-10-28,1202.106218748742,1636190000.0,IXIC_chained,,,,,
2002-10-29,1188.1377692343945,1598410000.0,IXIC_chained,,,,,
2002-10-30,1212.0641822189934,1675530000.0,IXIC_chained,,,,,
2002-10-31,1214.8231897991077,1761680000.0,IXIC_chained,,,,,
2002-11-01,1243.0982175847414,1842870000.0,IXIC_chained,,,,,
2002-11-04,1275.840740635571,2372480000.0,IXIC_chained,,,,,
2002-11-05,1280.0705864283032,1704780000.0,IXIC_chained,,,,,
2002-11-06,1296.3504011617254,2189420000.0,IXIC_chained,,,,,
2002-11-07,1257.7245243468512,1758820000.0,IXIC_chained,,,,,
2002-11-08,1241.8010157247631,1603460000.0,IXIC_chained,,,,,
2002-11-11,1205.175809044194,1267420000.0,IXIC_chained,,,,,
2002-11-12,1232.9211172775724,1559650000.0,IXIC_chained,,,,,
2002-11-13,1243.6737729024246,1901380000.0,IXIC_chained,,,,,
2002-11-14,1289.5260411067497,1756210000.0,IXIC_chained,,,,,
2002-11-15,1289.178878943757,1700890000.0,IXIC_chained,,,,,
2002-11-18,1273.236969141982,1766300000.0,IXIC_chained,,,,,
2002-11-19,1255.7147093506326,1620330000.0,IXIC_chained,,,,,
2002-11-20,1296.679274514463,1771370000.0,IXIC_chained,,,,,
2002-11-21,1340.713541429605,2441730000.0,IXIC_chained,,,,,
2002-11-22,1341.8006389451475,1960160000.0,IXIC_chained,,,,,
2002-11-25,1353.8232856695276,1952400000.0,IXIC_chained,,,,,
2002-11-26,1319.5917470516845,1927670000.0,IXIC_chained,,,,,
2002-11-27,1359.3411884603245,1734500000.0,IXIC_chained,,,,,
2002-11-29,1350.9729436668526,841810000.0,IXIC_chained,,,,,
2002-12-02,1356.4543793794262,1925550000.0,IXIC_chained,,,,,
2002-12-03,1323.730146052424,1651510000.0,IXIC_chained,,,,,
2002-12-04,1306.7285733208475,1886070000.0,IXIC_chained,,,,,
2002-12-05,1288.8225719188504,1462340000.0,IXIC_chained,,,,,
2002-12-06,1299.502181931397,1529800000.0,IXIC_chained,,,,,
2002-12-09,1248.981683718218,1496820000.0,IXIC_chained,,,,,
2002-12-10,1270.560264405519,1470250000.0,IXIC_chained,,,,,
2002-12-11,1275.8863525757079,1423880000.0,IXIC_chained,,,,,
2002-12-12,1278.5906033537715,1408220000.0,IXIC_chained,,,,,
2002-12-13,1244.669647451266,1371410000.0,IXIC_chained,,,,,
2002-12-16,1279.3031050341524,1406210000.0,IXIC_chained,,,,,
2002-12-17,1271.7388087130546,1336750000.0,IXIC_chained,,,,,
2002-12-18,1243.8382653067233,1529600000.0,IXIC_chained,,,,,
2002-12-19,1237.068661140226,1654540000.0,IXIC_chained,,,,,
2002-12-20,1245.2452027689492,1992120000.0,IXIC_chained,,,,,
2002-12-23,1262.2740977168348,1193060000.0,IXIC_chained,,,,,
2002-12-24,1253.8509855790255,523880000.0,IXIC_chained,,,,,
2002-12-26,1249.6668631822895,812310000.0,IXIC_chained,,,,,
2002-12-27,1231.7791515041197,804960000.0,IXIC_chained,,,,,
2002-12-30,1223.7671013661225,1076580000.0,IXIC_chained,,,,,
2002-12-31,1220.0853772189046,1166770000.0,IXIC_chained,,,,,
2003-01-02,1265.161019167165,1287540000.0,IXIC_chained,,,,,
2003-01-03,1267.1982678355528,1149590000.0,IXIC_chained,,,,,
2003-01-06,1298.478985166246,1567690000.0,IXIC_chained,,,,,
2003-01-07,1307.8431045085595,1755760000.0,IXIC_chained,,,,,
2003-01-08,1279.9791396363105,1457010000.0,IXIC_chained,,,,,
2003-01-09,1314.1376335554203,1685990000.0,IXIC_chained,,,,,
2003-01-10,1322.597325140885,1652320000.0,IXIC_chained,,,,,
2003-01-13,1321.0625852643025,1376040000.0,IXIC_chained,,,,,
2003-01-14,1334.72045114974,1329340000.0,IXIC_chained,,,,,
2003-01-15,1314.44832864019,1513080000.0,IXIC_chained,,,,,
2003-01-16,1300.6990159627596,1366550000.0,IXIC_chained,,,,,
2003-01-17,1257.2494483136427,1433840000.0,IXIC_chained,,,,,
2003-01-21,1246.3414451464057,1355410000.0,IXIC_chained,,,,,
2003-01-22,1241.9836854834573,1477520000.0,IXIC_chained,,,,,
2003-01-23,1268.2854777205273,1566510000.0,IXIC_chained,,,,,
2003-01-24,1226.1423682491616,1568350000.0,IXIC_chained,,,,,
2003-01-27,1210.7304027385053,1440300000.0,IXIC_chained,,,,,
2003-01-28,1226.1789467832439,1406660000.0,IXIC_chained,,,,,
2003-01-29,1240.6864845370517,1507590000.0,IXIC_chained,,,,,
2003-01-30,1208.0627304945242,1446130000.0,IXIC_chained,,,,,
2003-01-31,1206.7472389107186,1554810000.0,IXIC_chained,,,,,
2003-02-03,1209.378332620617,1256550000.0,IXIC_chained,,,,,
2003-02-04,1193.2628979220615,1368150000.0,IXIC_chained,,,,,
2003-02-05,1189.0147633190743,1367130000.0,IXIC_chained,,,,,
2003-02-06,1189.224866749937,1219320000.0,IXIC_chained,,,,,
2003-02-07,1171.6294498904226,1228850000.0,IXIC_chained,,,,,
2003-02-10,1184.6113926295614,1216440000.0,IXIC_chained,,,,,
2003-02-11,1183.496749072418,1296190000.0,IXIC_chained,,,,,
2003-02-12,1168.4319457247548,1231070000.0,IXIC_chained,,,,,
2003-02-13,1167.03415221087,1310440000.0,IXIC_chained,,,,,
2003-02-14,1196.9354781209381,1315410000.0,IXIC_chained,,,,,
2003-02-18,1230.1621096974582,1303930000.0,IXIC_chained,,,,,
2003-02-19,1218.99816733393,1179700000.0,IXIC_chained,,,,,
2003-02-20,1216.1752590034237,1320410000.0,IXIC_chained,,,,,
2003-02-21,1232.427752434109,1342440000.0,IXIC_chained,,,,,
2003-02-24,1208.090164166693,1222480000.0,IXIC_chained,,,,,
2003-02-25,1214.1197206112085,1395960000.0,IXIC_chained,,,,,
2003-02-26,1191.0064009608973,1207090000.0,IXIC_chained,,,,,
2003-02-27,1209.5152789833148,1238110000.0,IXIC_chained,,,,,
2003-02-28,1221.9216673183428,1354370000.0,IXIC_chained,,,,,
2003-03-03,1206.1808284549488,1253490000.0,IXIC_chained,,,,,
2003-03-04,1194.7428819101658,1221830000.0,IXIC_chained,,,,,
2003-03-05,1200.7998720268502,1360590000.0,IXIC_chained,,,,,
2003-03-06,1190.284642962743,1262310000.0,IXIC_chained,,,,,
2003-03-07,1192.4772391735153,1436040000.0,IXIC_chained,,,,,
2003-03-10,1167.88382407924,1119970000.0,IXIC_chained,,,,,
2003-03-11,1161.5801510840377,1251740000.0,IXIC_chained,,,,,
2003-03-12,1168.6786276897003,1533600000.0,IXIC_chained,,,,,
2003-03-13,1224.8907783293203,1789080000.0,IXIC_chained,,,,,
2003-03-14,1224.4887479084173,1611050000.0,IXIC_chained,,,,,
2003-03-17,1271.9397681955763,1886510000.0,IXIC_chained,,,,,
2003-03-18,1279.5041759725339,1632220000.0,IXIC_chained,,,,,
2003-03-19,1276.3248491612615,1694670000.0,IXIC_chained,,,,,
2003-03-20,1281.5322806925801,1596740000.0,IXIC_chained,,,,,
2003-03-21,1298.9540611994548,1911550000.0,IXIC_chained,,,,,
2003-03-24,1251.393528221767,1317380000.0,IXIC_chained,,,,,
2003-03-25,1270.7886575602097,1437240000.0,IXIC_chained,,,,,
2003-03-26,1267.5362851366317,1418520000.0,IXIC_chained,,,,,
2003-03-27,1264.6128975216507,1441300000.0,IXIC_chained,,,,,
2003-03-28,1251.2290367310409,1364880000.0,IXIC_chained,,,,,
2003-03-31,1225.256229302568,1596280000.0,IXIC_chained,,,,,
2003-04-01,1231.770006642206,1412110000.0,IXIC_chained,,,,,
2003-04-02,1276.00512158401,1609690000.0,IXIC_chained,,,,,
2003-04-03,1275.8772077137942,1445510000.0,IXIC_chained,,,,,
2003-04-04,1263.9368629194928,1366800000.0,IXIC_chained,,,,,
2003-04-07,1269.4182986320661,1516080000.0,IXIC_chained,,,,,
2003-04-08,1263.4160634902876,1312770000.0,IXIC_chained,,,,,
2003-04-09,1239.4805056437751,1312000000.0,IXIC_chained,,,,,
2003-04-10,1247.583890204333,1235410000.0,IXIC_chained,,,,,
2003-04-11,1241.4081310793467,1237570000.0,IXIC_chained,,,,,
2003-04-14,1265.252353589726,1173640000.0,IXIC_chained,,,,,
2003-04-15,1270.7886575602097,1295900000.0,IXIC_chained,,,,,
2003-04-16,1274.1779763464856,1551600000.0,IXIC_chained,,,,,
2003-04-17,1302.2977680455936,1644000000.0,IXIC_chained,,,,,
2003-04-21,1301.2654264185294,1271170000.0,IXIC_chained,,,,,
2003-04-22,1325.9227422631964,1614310000.0,IXIC_chained,,,,,
2003-04-23,1339.443661785936,1818020000.0,IXIC_chained,,,,,
2003-04-24,1331.285408967468,1661540000.0,IXIC_chained,,,,,
2003-04-25,1310.5565001485365,1515730000.0,IXIC_chained,,,,,
2003-04-28,1335.8624169231928,1477750000.0,IXIC_chained,,,,,
2003-04-29,1344.1394387499631,1670600000.0,IXIC_chained,,,,,
2003-04-30,1337.753575280541,1619230000.0,IXIC_chained,,,,,
2003-05-01,1345.2905493853298,1473860000.0,IXIC_chained,,,,,
2003-05-02,1372.99002185328,1826120000.0,IXIC_chained,,,,,
2003-05-05,1374.049797152513,1932030000.0,IXIC_chained,,,,,
2003-05-06,1392.0196993049026,2139720000.0,IXIC_chained,,,,,
2003-05-07,1376.5346881819405,1927720000.0,IXIC_chained,,,,,
2003-05-08,1360.9399405431584,1619000000.0,IXIC_chained,,,,,
2003-05-09,1388.767438337184,1545190000.0,IXIC_chained,,,,,
2003-05-12,1408.1808564858818,1796940000.0,IXIC_chained,,,,,
2003-05-13,1406.6095389887894,1856230000.0,IXIC_chained,,,,,
2003-05-14,1402.2426344639273,1816790000.0,IXIC_chained,,,,,
2003-05-15,1417.2982938632495,1982130000.0,IXIC_chained,,,,,
2003-05-16,1405.5589076378972,1783450000.0,IXIC_chained,,,,,
2003-05-19,1363.753816381183,1684210000.0,IXIC_chained,,,,,
2003-05-20,1362.218965048741,1699750000.0,IXIC_chained,,,,,
2003-05-21,1361.1044329474569,1588960000.0,IXIC_chained,,,,,
2003-05-22,1377.256446180095,1783870000.0,IXIC_chained,,,,,
2003-05-23,1379.5768448052238,1448770000.0,IXIC_chained,,,,,
2003-05-27,1422.1493060002294,1932760000.0,IXIC_chained,,,,,
2003-05-28,1428.1332514181806,2042270000.0,IXIC_chained,,,,,
2003-05-29,1438.8311511545544,2228880000.0,IXIC_chained,,,,,
2003-05-30,1457.9797090703385,2314660000.0,IXIC_chained,,,,,
2003-06-02,1453.2656432960562,2517530000.0,IXIC_chained,,,,,
2003-06-03,1464.968562443185,2067880000.0,IXIC_chained,,,,,
2003-06-04,1493.3715031854622,2515710000.0,IXIC_chained,,,,,
2003-06-05,1503.7496753445846,2449080000.0,IXIC_chained,,,,,
2003-06-06,1486.7663914232633,2962610000.0,IXIC_chained,,,,,
2003-06-09,1465.3430468224874,1856700000.0,IXIC_chained,,,,,
2003-06-10,1486.9947845779539,1791650000.0,IXIC_chained,,,,,
2003-06-11,1503.7588202064983,1932200000.0,IXIC_chained,,,,,
2003-06-12,1510.7019492697762,1790700000.0,IXIC_chained,,,,,
2003-06-13,1485.916719554893,1813140000.0,IXIC_chained,,,,,
2003-06-16,1522.5418147796029,1912560000.0,IXIC_chained,,,,,
2003-06-17,1524.2410461469115,1968630000.0,IXIC_chained,,,,,
2003-06-18,1532.1891955345166,2082080000.0,IXIC_chained,,,,,
2003-06-19,1506.1523758997926,1957720000.0,IXIC_chained,,,,,
2003-06-20,1502.5711310370493,1767110000.0,IXIC_chained,,,,,
2003-06-23,1471.5370956713014,1694940000.0,IXIC_chained,,,,,
2003-06-24,1466.8413187072742,1619510000.0,IXIC_chained,,,,,
2003-06-25,1464.1463242469838,1563620000.0,IXIC_chained,,,,,
2003-06-26,1492.7868039194375,1560860000.0,IXIC_chained,,,,,
2003-06-27,1484.7930435052679,1553940000.0,IXIC_chained,,,,,
2003-06-30,1482.5456904924447,1792820000.0,IXIC_chained,,,,,
2003-07-01,1498.3778637783994,1711820000.0,IXIC_chained,,,,,
2003-07-02,1533.6417440233072,1866650000.0,IXIC_chained,,,,,
2003-07-03,1519.6914727769276,944910000.0,IXIC_chained,,,,,
2003-07-07,1571.9935052010667,1836380000.0,IXIC_chained,,,,,
2003-07-08,1595.5180001341948,2018490000.0,IXIC_chained,,,,,
2003-07-09,1596.4315727529572,2113620000.0,IXIC_chained,,,,,
2003-07-10,1567.5626999258127,1733800000.0,IXIC_chained,,,,,
2003-07-11,1584.0710201833572,1516880000.0,IXIC_chained,,,,,
2003-07-14,1603.1554535234582,1973180000.0,IXIC_chained,,,,,
2003-07-15,1601.6846153108402,1915630000.0,IXIC_chained,,,,,
2003-07-16,1596.8975039242519,1920560000.0,IXIC_chained,,,,,
2003-07-17,1551.2645963821358,1912680000.0,IXIC_chained,,,,,
2003-07-18,1560.8388191553117,1602890000.0,IXIC_chained,,,,,
2003-07-21,1536.0901679745111,1459310000.0,IXIC_chained,,,,,
2003-07-22,1558.6462229445397,1749720000.0,IXIC_chained,,,,,
2003-07-23,1570.595824056614,1834980000.0,IXIC_chained,,,,,
2003-07-24,1554.37076521167,1901240000.0,IXIC_chained,,,,,
2003-07-25,1581.1200865267756,1587980000.0,IXIC_chained,,,,,
2003-07-28,1585.3773659916767,1535820000.0,IXIC_chained,,,,,
2003-07-29,1581.7322203785416,1703800000.0,IXIC_chained,,,,,
2003-07-30,1572.1762864156203,1513760000.0,IXIC_chained,,,,,
2003-07-31,1585.066783276339,1858470000.0,IXIC_chained,,,,,
2003-08-01,1567.3434516330358,1484040000.0,IXIC_chained,,,,,
2003-08-04,1565.9183368164145,1573410000.0,IXIC_chained,,,,,
2003-08-05,1528.863777498633,1743380000.0,IXIC_chained,,,,,
2003-08-06,1509.8432449089241,1862270000.0,IXIC_chained,,,,,
2003-08-07,1509.386458599543,1638040000.0,IXIC_chained,,,,,
2003-08-08,1501.9408189173153,1336330000.0,IXIC_chained,,,,,
2003-08-11,1517.9100509353996,1203780000.0,IXIC_chained,,,,,
2003-08-12,1541.2061527138371,1329840000.0,IXIC_chained,,,,,
2003-08-13,1540.8407008270167,1449200000.0,IXIC_chained,,,,,
2003-08-14,1553.3840355247426,1311570000.0,IXIC_chained,,,,,
2003-08-15,1554.909741995271,703950000.0,IXIC_chained,,,,,
2003-08-18,1589.1504254750278,1476310000.0,IXIC_chained,,,,,
2003-08-19,1608.9018609248049,1724390000.0,IXIC_chained,,,,,
2003-08-20,1608.3811738650315,1506760000.0,IXIC_chained,,,,,
2003-08-21,1623.9210532459035,1722470000.0,IXIC_chained,,,,,
2003-08-22,1612.7479660204617,1705200000.0,IXIC_chained,,,,,
2003-08-25,1611.8253609092174,1117840000.0,IXIC_chained,,,,,
2003-08-26,1617.6173793371288,1382860000.0,IXIC_chained,,,,,
2003-08-27,1628.1051756426396,1349730000.0,IXIC_chained,,,,,
2003-08-28,1644.5952061763567,1466510000.0,IXIC_chained,,,,,
2003-08-29,1653.977502873065,1206180000.0,IXIC_chained,,,,,
2003-09-02,1682.325687726864,1773780000.0,IXIC_chained,,,,,
2003-09-03,1692.758727230324,2333120000.0,IXIC_chained,,,,,
2003-09-04,1707.4397907944847,1886580000.0,IXIC_chained,,,,,
2003-09-05,1697.6371739530455,1952040000.0,IXIC_chained,,,,,
2003-09-08,1725.3915146789059,2032940000.0,IXIC_chained,,,,,
2003-09-09,1711.5144005006916,2220160000.0,IXIC_chained,,,,,
2003-09-10,1666.1829317255717,2001600000.0,IXIC_chained,,,,,
2003-09-11,1686.5372447093414,1748050000.0,IXIC_chained,,,,,
2003-09-12,1694.704641476151,1713770000.0,IXIC_chained,,,,,
2003-09-15,1686.1809376844349,1463950000.0,IXIC_chained,,,,,
2003-09-16,1724.1399247590646,1788770000.0,IXIC_chained,,,,,
2003-09-17,1720.3485764654586,1903800000.0,IXIC_chained,,,,,
2003-09-18,1744.5126389225213,2011010000.0,IXIC_chained,,,,,
2003-09-19,1740.99529481017,1885000000.0,IXIC_chained,,,,,
2003-09-22,1712.6014980162345,1720080000.0,IXIC_chained,,,,,
2003-09-23,1737.3592940589485,1868800000.0,IXIC_chained,,,,,
2003-09-24,1684.3537924469103,2207970000.0,IXIC_chained,,,,,
2003-09-25,1660.1806965837932,2033060000.0,IXIC_chained,,,,,
2003-09-26,1637.186033572352,1841530000.0,IXIC_chained,,,,,
2003-09-29,1666.8681111896435,1666930000.0,IXIC_chained,,,,,
2003-09-30,1632.4994014702386,1864240000.0,IXIC_chained,,,,,
2003-10-01,1673.8934307271409,1821740000.0,IXIC_chained,,,,,
2003-10-02,1677.520287530021,1604090000.0,IXIC_chained,,,,,
2003-10-03,1718.0372103328116,2014580000.0,IXIC_chained,,,,,
2003-10-06,1729.8131750922462,1375810000.0,IXIC_chained,,,,,
2003-10-07,1742.9594987798243,1840280000.0,IXIC_chained,,,,,
2003-10-08,1730.1055804531882,1801870000.0,IXIC_chained,,,,,
2003-10-09,1746.6595117372972,2083460000.0,IXIC_chained,,,,,
2003-10-10,1749.774826342318,1464990000.0,IXIC_chained,,,,,
2003-10-13,1766.4200920489877,1498730000.0,IXIC_chained,,,,,
2003-10-14,1775.2451231518407,1757290000.0,IXIC_chained,,,,,
2003-10-15,1771.5086431161446,2017190000.0,IXIC_chained,,,,,
2003-10-16,1781.5945204566121,1765870000.0,IXIC_chained,,,,,
2003-10-17,1747.0797195125956,1747150000.0,IXIC_chained,,,,,
2003-10-20,1758.7552049875558,1537390000.0,IXIC_chained,,,,,
2003-10-21,1773.1531176814026,1735740000.0,IXIC_chained,,,,,
2003-10-22,1734.0247311611508,1711460000.0,IXIC_chained,,,,,
2003-10-23,1722.5503175381446,1937090000.0,IXIC_chained,,,,,
2003-10-24,1704.3519107752052,1957040000.0,IXIC_chained,,,,,
2003-10-27,1720.1750506551057,1518680000.0,IXIC_chained,,,,,
2003-10-28,1765.25983746528,2076260000.0,IXIC_chained,,,,,
2003-10-29,1769.188244491016,1968120000.0,IXIC_chained,,,,,
2003-10-30,1765.652610654837,2158840000.0,IXIC_chained,,,,,
2003-10-31,1765.2141140692836,1833200000.0,IXIC_chained,,,,,
2003-11-03,1797.6367971734298,2089430000.0,IXIC_chained,,,,,
2003-11-04,1788.7477538643252,2081990000.0,IXIC_chained,,,,,
2003-11-05,1790.0267774563354,2018140000.0,IXIC_chained,,,,,
2003-11-06,1805.5575119752937,2141830000.0,IXIC_chained,,,,,
2003-11-07,1800.4140935637993,1957330000.0,IXIC_chained,,,,,
2003-11-10,1773.8291531971329,1750150000.0,IXIC_chained,,,,,
2003-11-11,1763.8803336752226,1637810000.0,IXIC_chained,,,,,
2003-11-12,1802.5792561024027,1837190000.0,IXIC_chained,,,,,
2003-11-13,1797.3170695961783,1871860000.0,IXIC_chained,,,,,
2003-11-14,1763.4326922277553,1829730000.0,IXIC_chained,,,,,
2003-11-17,1744.5673948109993,1861100000.0,IXIC_chained,,,,,
2003-11-18,1719.1152753558724,1898710000.0,IXIC_chained,,,,,
2003-11-19,1735.4682471574595,1798010000.0,IXIC_chained,,,,,
2003-11-20,1719.270622898257,1799100000.0,IXIC_chained,,,,,
2003-11-21,1730.1969157893213,1621590000.0,IXIC_chained,,,,,
2003-11-24,1778.8538026003255,1791020000.0,IXIC_chained,,,,,
2003-11-25,1775.1081767891428,1836350000.0,IXIC_chained,,,,,
2003-11-26,1784.4905858552836,1524790000.0,IXIC_chained,,,,,
2003-11-28,1790.839870790623,703800000.0,IXIC_chained,,,,,
2003-12-01,1817.8450189325877,1840020000.0,IXIC_chained,,,,,
2003-12-02,1808.937685899656,1802760000.0,IXIC_chained,,,,,
2003-12-03,1790.8307259287092,2241590000.0,IXIC_chained,,,,,
2003-12-04,1798.6418165841849,2114230000.0,IXIC_chained,,,,,
2003-12-05,1770.3392427569506,1665920000.0,IXIC_chained,,,,,
2003-12-08,1780.4159761490766,1583730000.0,IXIC_chained,,,,,
2003-12-09,1743.388850503464,1813530000.0,IXIC_chained,,,,,
2003-12-10,1740.0361102512709,1946310000.0,IXIC_chained,,,,,
2003-12-11,1774.4503195413806,1807550000.0,IXIC_chained,,,,,
2003-12-12,1780.553033967634,1457100000.0,IXIC_chained,,,,,
2003-12-15,1752.4698208026084,1815500000.0,IXIC_chained,,,,,
2003-12-16,1757.9786901873506,1811430000.0,IXIC_chained,,,,,
2003-12-17,1755.2744394092872,1501340000.0,IXIC_chained,,,,,
2003-12-18,1787.1125347032682,1714080000.0,IXIC_chained,,,,,
2003-12-19,1782.398468928986,1844570000.0,IXIC_chained,,,,,
2003-12-22,1786.7653725402756,1283590000.0,IXIC_chained,,,,,
2003-12-23,1804.1049625729306,1321000000.0,IXIC_chained,,,,,
2003-12-24,1799.0345897737418,642630000.0,IXIC_chained,,,,,
2003-12-26,1802.606690688144,530810000.0,IXIC_chained,,,,,
2003-12-29,1833.065169822636,1413210000.0,IXIC_chained,,,,,
2003-12-30,1836.171339565743,1544270000.0,IXIC_chained,,,,,
2003-12-31,1830.2239726818746,1775710000.0,IXIC_chained,,,,,
2004-01-02,1833.2479519507622,1666780000.0,IXIC_chained,,,,,
2004-01-05,1870.4120230454998,2362910000.0,IXIC_chained,,,,,
2004-01-06,1879.5570055508958,2273220000.0,IXIC_chained,,,,,
2004-01-07,1898.1114964270228,2294280000.0,IXIC_chained,,,,,
2004-01-08,1918.7308925554248,2683950000.0,IXIC_chained,,,,,
2004-01-09,1906.55289828866,2482760000.0,IXIC_chained,,,,,
2004-01-12,1929.2644113433596,2284010000.0,IXIC_chained,,,,,
2004-01-13,1915.2501269771562,2385700000.0,IXIC_chained,,,,,
2004-01-14,1928.670455759562,2099970000.0,IXIC_chained,,,,,
2004-01-15,1926.79781003776,2235590000.0,IXIC_chained,,,,,
2004-01-16,1955.465611926523,2614390000.0,IXIC_chained,,,,,
2004-01-20,1962.335695377495,2574190000.0,IXIC_chained,,,,,
2004-01-21,1957.2836123021339,2421860000.0,IXIC_chained,,,,,
2004-01-22,1935.869524019131,2353370000.0,IXIC_chained,,,,,
2004-01-23,1940.3095846985857,2253910000.0,IXIC_chained,,,,,
2004-01-26,1967.6801847273707,1946050000.0,IXIC_chained,,,,,
2004-01-27,1933.156239835013,2151260000.0,IXIC_chained,,,,,
2004-01-28,1897.828457926141,2319550000.0,IXIC_chained,,,,,
2004-01-29,1889.4782790312051,2637760000.0,IXIC_chained,,,,,
2004-01-30,1887.5779767255156,1931180000.0,IXIC_chained,,,,,
2004-02-02,1884.8372588692287,1915680000.0,IXIC_chained,,,,,
2004-02-03,1887.6328449834257,1844840000.0,IXIC_chained,,,,,
2004-02-04,1840.0631680573965,2267580000.0,IXIC_chained,,,,,
2004-02-05,1845.0147718482829,1956030000.0,IXIC_chained,,,,,
2004-02-06,1885.6230299872068,1855510000.0,IXIC_chained,,,,,
2004-02-09,1882.4803931658766,1745350000.0,IXIC_chained,,,,,
2004-02-10,1895.9647341545337,1656760000.0,IXIC_chained,,,,,
2004-02-11,1909.0560781283423,2185700000.0,IXIC_chained,,,,,
2004-02-12,1894.3934157438684,1937690000.0,IXIC_chained,,,,,
2004-02-13,1876.0762408861997,1818020000.0,IXIC_chained,,,,,
2004-02-17,1900.5508869721725,1618060000.0,IXIC_chained,,,,,
2004-02-18,1897.0061091876526,1781240000.0,IXIC_chained,,,,,
2004-02-19,1869.1329994534901,2065540000.0,IXIC_chained,,,,,
2004-02-20,1861.7970962870825,1914330000.0,IXIC_chained,,,,,
2004-02-23,1834.0153218890532,1953330000.0,IXIC_chained,,,,,
2004-02-24,1832.115018669791,2069420000.0,IXIC_chained,,,,,
2004-02-25,1848.1391180322132,1707140000.0,IXIC_chained,,,,,
2004-02-26,1856.9002483846741,1752840000.0,IXIC_chained,,,,,
2004-02-27,1854.387923683078,1871780000.0,IXIC_chained,,,,,
2004-03-01,1879.9497796540254,1697920000.0,IXIC_chained,,,,,
2004-03-02,1863.3684137841751,1871950000.0,IXIC_chained,,,,,
2004-03-03,1857.6220063828284,1814850000.0,IXIC_chained,,,,,
2004-03-04,1877.4923222967668,1799070000.0,IXIC_chained,,,,,
2004-03-05,1870.6587059240182,2045230000.0,IXIC_chained,,,,,
2004-03-08,1835.1664316108474,2044260000.0,IXIC_chained,,,,,
2004-03-09,1822.7235771111687,2105450000.0,IXIC_chained,,,,,
2004-03-10,1794.393681067625,2159820000.0,IXIC_chained,,,,,
2004-03-11,1775.884691589348,2191370000.0,IXIC_chained,,,,,
2004-03-12,1813.194965364557,1707130000.0,IXIC_chained,,,,,
2004-03-15,1771.5999775387056,1723290000.0,IXIC_chained,,,,,
2004-03-16,1775.15378872928,1963640000.0,IXIC_chained,,,,,
2004-03-17,1805.9138190002002,1678770000.0,IXIC_chained,,,,,
2004-03-18,1792.8313960630142,1677760000.0,IXIC_chained,,,,,
2004-03-19,1772.760233035986,1645680000.0,IXIC_chained,,,,,
2004-03-22,1744.8323664997727,1982240000.0,IXIC_chained,,,,,
2004-03-23,1737.4324511271138,1835180000.0,IXIC_chained,,,,,
2004-03-24,1744.4486258026973,1839440000.0,IXIC_chained,,,,,
2004-03-25,1797.1526886477393,1968620000.0,IXIC_chained,,,,,
2004-03-26,1790.6206224978462,1579820000.0,IXIC_chained,,,,,
2004-03-29,1820.357343634184,1706000000.0,IXIC_chained,,,,,
2004-03-30,1827.7207928421922,1598550000.0,IXIC_chained,,,,,
2004-03-31,1821.8647612944571,1861460000.0,IXIC_chained,,,,,
2004-04-01,1840.8579716678564,1833430000.0,IXIC_chained,,,,,
2004-04-02,1879.3741128804827,2183740000.0,IXIC_chained,,,,,
2004-04-05,1899.427210008975,1736300000.0,IXIC_chained,,,,,
2004-04-06,1881.8681478582512,1811100000.0,IXIC_chained,,,,,
2004-04-07,1873.0431167553984,1774960000.0,IXIC_chained,,,,,
2004-04-08,1875.4548507166605,1694140000.0,IXIC_chained,,,,,
2004-04-12,1886.9659543296088,1501360000.0,IXIC_chained,,,,,
2004-04-13,1854.6254616996823,1953240000.0,IXIC_chained,,,,,
2004-04-14,1849.8474951750081,1832200000.0,IXIC_chained,,,,,
2004-04-15,1829.127730304418,1956010000.0,IXIC_chained,,,,,
2004-04-16,1823.2534090328556,1870420000.0,IXIC_chained,,,,,
2004-04-19,1845.809575458743,1672830000.0,IXIC_chained,,,,,
2004-04-20,1807.6221952294227,1921740000.0,IXIC_chained,,,,,
2004-04-21,1823.152929748381,2053970000.0,IXIC_chained,,,,,
2004-04-22,1857.2109434694437,2147870000.0,IXIC_chained,,,,,
2004-04-23,1872.6137650317587,1927300000.0,IXIC_chained,,,,,
2004-04-26,1860.7373209878492,1727680000.0,IXIC_chained,,,,,
2004-04-27,1856.863781306451,1971610000.0,IXIC_chained,,,,,
2004-04-28,1817.5893035615877,2037420000.0,IXIC_chained,,,,,
2004-04-29,1789.4878006727347,2371070000.0,IXIC_chained,,,,,
2004-04-30,1754.1964858420856,2174730000.0,IXIC_chained,,,,,
2004-05-03,1771.161480953152,1932490000.0,IXIC_chained,,,,,
2004-05-04,1781.9051031719496,1857530000.0,IXIC_chained,,,,,
2004-05-05,1788.0991529343364,1586660000.0,IXIC_chained,,,,,
2004-05-06,1770.2661971446446,1750770000.0,IXIC_chained,,,,,
2004-05-07,1752.1957042519214,1637090000.0,IXIC_chained,,,,,
2004-05-10,1732.1975859236263,1895630000.0,IXIC_chained,,,,,
2004-05-11,1764.4284553207374,1645220000.0,IXIC_chained,,,,,
2004-05-12,1759.1662679009405,1887780000.0,IXIC_chained,,,,,
2004-05-13,1759.568297408271,1558620000.0,IXIC_chained,,,,,
2004-05-14,1739.670659278023,1526360000.0,IXIC_chained,,,,,
2004-05-17,1714.4469329775866,1528890000.0,IXIC_chained,,,,,
2004-05-18,1733.7963380064602,1435100000.0,IXIC_chained,,,,,
2004-05-19,1734.1161779531437,1834960000.0,IXIC_chained,,,,,
2004-05-20,1732.6726619568353,1540900000.0,IXIC_chained,,,,,
2004-05-21,1746.83303754765,1376620000.0,IXIC_chained,,,,,
2004-05-24,1756.7818561559877,1422080000.0,IXIC_chained,,,,,
2004-05-25,1794.8504673770062,1770600000.0,IXIC_chained,,,,,
2004-05-26,1805.356552492772,1591030000.0,IXIC_chained,,,,,
2004-05-27,1812.984861933694,1641260000.0,IXIC_chained,,,,,
2004-05-28,1815.0312554639952,1233190000.0,IXIC_chained,,,,,
2004-06-01,1818.7129805247855,1459030000.0,IXIC_chained,,,,,
2004-06-02,1817.0776489942966,1520120000.0,IXIC_chained,,,,,
2004-06-03,1790.839870790623,1526670000.0,IXIC_chained,,,,,
2004-06-04,1807.6130503675088,1417600000.0,IXIC_chained,,,,,
2004-06-07,1845.9831003555234,1485300000.0,IXIC_chained,,,,,
2004-06-08,1848.6416277375906,1464790000.0,IXIC_chained,,,,,
2004-06-09,1818.5667769307422,1520200000.0,IXIC_chained,,,,,
2004-06-10,1827.0264685162067,1345640000.0,IXIC_chained,,,,,
2004-06-14,1799.7289140997275,1402630000.0,IXIC_chained,,,,,
2004-06-15,1823.1254960762121,1527280000.0,IXIC_chained,,,,,
2004-06-16,1825.5281957178474,1353130000.0,IXIC_chained,,,,,
2004-06-17,1812.2266368573164,1449920000.0,IXIC_chained,,,,,
2004-06-18,1815.0221106020815,1697770000.0,IXIC_chained,,,,,
2004-06-21,1803.739511599683,1363000000.0,IXIC_chained,,,,,
2004-06-22,1821.8008596304926,1660890000.0,IXIC_chained,,,,,
2004-06-23,1846.3119727946887,1803560000.0,IXIC_chained,,,,,
2004-06-24,1841.3695138657158,1685690000.0,IXIC_chained,,,,,
2004-06-25,1850.4139056307774,1972100000.0,IXIC_chained,,,,,
2004-06-28,1845.2521974954554,1611080000.0,IXIC_chained,,,,,
2004-06-29,1859.0563784307956,1581530000.0,IXIC_chained,,,,,
2004-06-30,1870.8049086044891,1754160000.0,IXIC_chained,,,,,
2004-07-01,1841.3513365113201,1739310000.0,IXIC_chained,,,,,
2004-07-02,1833.2296622269344,1200230000.0,IXIC_chained,,,,,
2004-07-06,1793.7359361892945,1927550000.0,IXIC_chained,,,,,
2004-07-07,1796.156814098898,1762310000.0,IXIC_chained,,,,,
2004-07-08,1768.055311210045,1789150000.0,IXIC_chained,,,,,
2004-07-09,1778.1137548783436,1388750000.0,IXIC_chained,,,,,
2004-07-12,1769.5171169301811,1504000000.0,IXIC_chained,,,,,
2004-07-13,1764.7117158197655,1499660000.0,IXIC_chained,,,,,
2004-07-14,1749.3819407833287,1461800000.0,IXIC_chained,,,,,
2004-07-15,1747.3994480034196,1669940000.0,IXIC_chained,,,,,
2004-07-16,1720.3942989478824,2099400000.0,IXIC_chained,,,,,
2004-07-19,1721.0154662057028,1774620000.0,IXIC_chained,,,,,
2004-07-20,1751.3826109176337,1628240000.0,IXIC_chained,,,,,
2004-07-21,1712.3731048615439,2109750000.0,IXIC_chained,,,,,
2004-07-22,1725.7935450998089,1964570000.0,IXIC_chained,,,,,
2004-07-23,1689.277962565628,1697910000.0,IXIC_chained,,,,,
2004-07-26,1680.0783356276136,1667060000.0,IXIC_chained,,,,,
2004-07-27,1707.5585598027867,1769400000.0,IXIC_chained,,,,,
2004-07-28,1697.655463676873,1847380000.0,IXIC_chained,,,,,
2004-07-29,1718.4849641497108,1703350000.0,IXIC_chained,,,,,
2004-07-30,1724.2404040435392,1507320000.0,IXIC_chained,,,,,
2004-08-02,1728.561585172405,1533970000.0,IXIC_chained,,,,,
2004-08-03,1698.7152389761063,1494480000.0,IXIC_chained,,,,,
2004-08-04,1694.7320760618923,1659390000.0,IXIC_chained,,,,,
2004-08-05,1664.1912940837485,1574660000.0,IXIC_chained,,,,,
2004-08-06,1623.3180642560515,1692260000.0,IXIC_chained,,,,,
2004-08-09,1621.2625258638363,1263490000.0,IXIC_chained,,,,,
2004-08-10,1652.3787507902312,1468460000.0,IXIC_chained,,,,,
2004-08-11,1628.370147331413,1794260000.0,IXIC_chained,,,,,
2004-08-12,1601.026869518937,1632660000.0,IXIC_chained,,,,,
2004-08-13,1605.348050647803,1347750000.0,IXIC_chained,,,,,
2004-08-16,1628.7537765726288,1289730000.0,IXIC_chained,,,,,
2004-08-17,1640.0912438329372,1390280000.0,IXIC_chained,,,,,
2004-08-18,1673.0894822547668,1575050000.0,IXIC_chained,,,,,
2004-08-19,1662.6016868628285,1416730000.0,IXIC_chained,,,,,
2004-08-20,1679.1647630088514,1342650000.0,IXIC_chained,,,,,
2004-08-23,1679.785929353099,1224660000.0,IXIC_chained,,,,,
2004-08-24,1678.1324213817868,1301090000.0,IXIC_chained,,,,,
2004-08-25,1699.9028166896962,1320640000.0,IXIC_chained,,,,,
2004-08-26,1692.7770169541518,1183830000.0,IXIC_chained,,,,,
2004-08-27,1701.1544066095373,1011070000.0,IXIC_chained,,,,,
2004-08-30,1677.7669694949666,1007640000.0,IXIC_chained,,,,,
2004-08-31,1679.237808621157,1298910000.0,IXIC_chained,,,,,
2004-09-01,1690.4839405453322,1426350000.0,IXIC_chained,,,,,
2004-09-02,1711.5144005006916,1208770000.0,IXIC_chained,,,,,
2004-09-03,1685.0664055831508,1244610000.0,IXIC_chained,,,,,
2004-09-07,1697.9295802275599,1320700000.0,IXIC_chained,,,,,
2004-09-08,1690.6940448897678,1442540000.0,IXIC_chained,,,,,
2004-09-09,1708.061068594592,1663790000.0,IXIC_chained,,,,,
2004-09-10,1730.5898013483106,1606650000.0,IXIC_chained,,,,,
2004-09-13,1745.270863998899,1741080000.0,IXIC_chained,,,,,
2004-09-14,1749.857015902965,1509260000.0,IXIC_chained,,,,,
2004-09-15,1732.608761206443,1575500000.0,IXIC_chained,,,,,
2004-09-16,1739.5153117356383,1325500000.0,IXIC_chained,,,,,
2004-09-17,1745.0058923101255,1640370000.0,IXIC_chained,,,,,
2004-09-20,1743.1604573487734,1565540000.0,IXIC_chained,,,,,
2004-09-21,1755.1374930465893,1531560000.0,IXIC_chained,,,,,
2004-09-22,1722.7329872968387,1588290000.0,IXIC_chained,,,,,
2004-09-23,1723.3908445446011,1396810000.0,IXIC_chained,,,,,
2004-09-24,1717.0414472398295,1360090000.0,IXIC_chained,,,,,
2004-09-27,1699.135446751405,1316790000.0,IXIC_chained,,,,,
2004-09-28,1708.2620280771137,1536980000.0,IXIC_chained,,,,,
2004-09-29,1730.2516716777998,1637280000.0,IXIC_chained,,,,,
2004-09-30,1732.9010551115257,1656620000.0,IXIC_chained,,,,,
2004-10-01,1774.3406953949923,1820300000.0,IXIC_chained,,,,,
2004-10-04,1783.6592027971685,1854970000.0,IXIC_chained,,,,,
2004-10-05,1786.4912559895886,1709600000.0,IXIC_chained,,,,,
2004-10-06,1800.6790652525724,1922870000.0,IXIC_chained,,,,,
2004-10-07,1780.1145373820805,1734970000.0,IXIC_chained,,,,,
2004-10-08,1754.0319943513598,1668940000.0,IXIC_chained,,,,,
2004-10-11,1762.062333299612,1173820000.0,IXIC_chained,,,,,
2004-10-12,1758.7826386597246,1508390000.0,IXIC_chained,,,,,
2004-10-13,1754.5436480050785,1776120000.0,IXIC_chained,,,,,
2004-10-14,1738.5469832283977,1590290000.0,IXIC_chained,,,,,
2004-10-15,1746.2940607640494,1648280000.0,IXIC_chained,,,,,
2004-10-18,1769.1516659569331,1505000000.0,IXIC_chained,,,,,
2004-10-19,1756.708810543682,1713330000.0,IXIC_chained,,,,,
2004-10-20,1765.9084383952688,1650470000.0,IXIC_chained,,,,,
2004-10-21,1784.7737348984524,2006000000.0,IXIC_chained,,,,,
2004-10-22,1749.6194787999332,1737960000.0,IXIC_chained,,,,,
2004-10-25,1748.6145708450376,1603830000.0,IXIC_chained,,,,,
2004-10-26,1762.0897669717808,1812550000.0,IXIC_chained,,,,,
2004-10-27,1799.7289140997275,2075920000.0,IXIC_chained,,,,,
2004-10-28,1804.9819566576105,1821820000.0,IXIC_chained,,,,,
2004-10-29,1804.296777193539,1639950000.0,IXIC_chained,,,,,
2004-11-01,1808.7550161409617,1522820000.0,IXIC_chained,,,,,
2004-11-02,1813.2498336224671,1845080000.0,IXIC_chained,,,,,
2004-11-03,1831.1009667665542,1957400000.0,IXIC_chained,,,,,
2004-11-04,1848.732963073724,1823490000.0,IXIC_chained,,,,,
2004-11-05,1862.7197013983266,1908970000.0,IXIC_chained,,,,,
2004-11-08,1863.0029628109276,1609270000.0,IXIC_chained,,,,,
2004-11-09,1866.7302988982822,1692200000.0,IXIC_chained,,,,,
2004-11-10,1858.7183611297169,1853460000.0,IXIC_chained,,,,,
2004-11-11,1883.1198501475246,1764760000.0,IXIC_chained,,,,,
2004-11-12,1905.10960520407,2004310000.0,IXIC_chained,,,,,
2004-11-15,1913.1033656182399,1888260000.0,IXIC_chained,,,,,
2004-11-16,1898.9704236995938,1901080000.0,IXIC_chained,,,,,
2004-11-17,1918.2100940397925,2223370000.0,IXIC_chained,,,,,
2004-11-18,1922.4126167026427,1915430000.0,IXIC_chained,,,,,
2004-11-19,1891.6707646996906,2033710000.0,IXIC_chained,,,,,
2004-11-22,1904.972435016081,1897960000.0,IXIC_chained,,,,,
2004-11-23,1904.1411643273977,2057620000.0,IXIC_chained,,,,,
2004-11-24,1920.8230094817227,1638170000.0,IXIC_chained,,,,,
2004-11-26,1920.3022109660901,667760000.0,IXIC_chained,,,,,
2004-11-29,1924.7788501796272,1844330000.0,IXIC_chained,,,,,
2004-11-30,1915.588256647667,1878760000.0,IXIC_chained,,,,,
2004-12-01,1953.428362344563,2281640000.0,IXIC_chained,,,,,
2004-12-02,1958.3069205231438,2401610000.0,IXIC_chained,,,,,
2004-12-03,1962.31740656724,2410930000.0,IXIC_chained,,,,,
2004-12-06,1965.3230961123,2150250000.0,IXIC_chained,,,,,
2004-12-07,1931.8953935973987,2671520000.0,IXIC_chained,,,,,
2004-12-08,1942.355978228887,2390860000.0,IXIC_chained,,,,,
2004-12-09,1945.0052502067533,2284150000.0,IXIC_chained,,,,,
2004-12-10,1944.1465449323289,1794840000.0,IXIC_chained,,,,,
2004-12-13,1962.8107714107036,2070980000.0,IXIC_chained,,,,,
2004-12-14,1973.170765301858,2228670000.0,IXIC_chained,,,,,
2004-12-15,1975.6465114693717,2337590000.0,IXIC_chained,,,,,
2004-12-16,1960.6637862264959,2396220000.0,IXIC_chained,,,,,
2004-12-17,1950.6602108161073,2423080000.0,IXIC_chained,,,,,
2004-12-20,1943.9455863633796,1991460000.0,IXIC_chained,,,,,
2004-12-21,1965.0124010275304,1972860000.0,IXIC_chained,,,,,
2004-12-22,1970.6035723423518,1802760000.0,IXIC_chained,,,,,
2004-12-23,1973.8833784380986,1430770000.0,IXIC_chained,,,,,
2004-12-27,1968.036380296418,1478700000.0,IXIC_chained,,,,,
2004-12-28,1989.0211159422083,1587550000.0,IXIC_chained,,,,,
2004-12-29,1988.847591045428,1503880000.0,IXIC_chained,,,,,
2004-12-30,1990.0718587489596,1403140000.0,IXIC_chained,,,,,
2004-12-31,1987.4223638593744,1366460000.0,IXIC_chained,,,,,
2005-01-03,1966.1452219390692,2193130000.0,IXIC_chained,,,,,
2005-01-04,1925.6832779364759,2690460000.0,IXIC_chained,,,,,
2005-01-05,1910.499594124651,2375380000.0,IXIC_chained,,,,,
2005-01-06,1909.3667732131119,2174220000.0,IXIC_chained,,,,,
2005-01-07,1908.0970050253025,2191910000.0,IXIC_chained,,,,,
2005-01-10,1915.7983600785303,2098270000.0,IXIC_chained,,,,,
2005-01-11,1899.883996318356,2210240000.0,IXIC_chained,,,,,
2005-01-12,1911.6781384321862,2257670000.0,IXIC_chained,,,,,
2005-01-13,1891.606975405158,2111610000.0,IXIC_chained,,,,,
2005-01-14,1907.4573260455084,2084860000.0,IXIC_chained,,,,,
2005-01-18,1924.0205136473903,1983840000.0,IXIC_chained,,,,,
2005-01-19,1894.3751269336135,2217700000.0,IXIC_chained,,,,,
2005-01-20,1869.0599538411843,2231360000.0,IXIC_chained,,,,,
2005-01-21,1858.4533894409435,2043770000.0,IXIC_chained,,,,,
2005-01-24,1835.0932745426824,2134680000.0,IXIC_chained,,,,,
2005-01-25,1845.3709665037575,2003630000.0,IXIC_chained,,,,,
2005-01-26,1869.2517684617922,2105070000.0,IXIC_chained,,,,,
2005-01-27,1870.220208424892,2106220000.0,IXIC_chained,,,,,
2005-01-28,1859.8785042575653,2098150000.0,IXIC_chained,,,,,
2005-01-31,1884.1612242670708,1823800000.0,IXIC_chained,,,,,
2005-02-01,1889.9076316684175,1904570000.0,IXIC_chained,,,,,
2005-02-02,1895.7180521895882,1965550000.0,IXIC_chained,,,,,
2005-02-03,1879.803465517695,1962750000.0,IXIC_chained,,,,,
2005-02-04,1906.3153602720556,1941510000.0,IXIC_chained,,,,,
2005-02-07,1902.0856259351826,1698460000.0,IXIC_chained,,,,,
2005-02-08,1906.333649995883,1943560000.0,IXIC_chained,,,,,
2005-02-09,1875.1535234055236,1958810000.0,IXIC_chained,,,,,
2005-02-10,1875.656033110901,2085500000.0,IXIC_chained,,,,,
2005-02-11,1897.1796340844328,2163630000.0,IXIC_chained,,,,,
2005-02-14,1902.889462951697,1639640000.0,IXIC_chained,,,,,
2005-02-15,1908.6450152149575,2071590000.0,IXIC_chained,,,,,
2005-02-16,1907.0188294599548,1865070000.0,IXIC_chained,,,,,
2005-02-17,1883.183862353776,1950460000.0,IXIC_chained,,,,,
2005-02-18,1880.6989713243488,1614160000.0,IXIC_chained,,,,,
2005-02-22,1854.8447099924592,2056220000.0,IXIC_chained,,,,,
2005-02-23,1855.6943818608293,1878450000.0,IXIC_chained,,,,,
2005-02-24,1874.3768971494592,2031880000.0,IXIC_chained,,,,,
2005-02-25,1886.8927972614438,1771200000.0,IXIC_chained,,,,,
2005-02-28,1874.3951868732868,2130140000.0,IXIC_chained,,,,,
2005-03-01,1892.2372866113194,1941180000.0,IXIC_chained,,,,,
2005-03-02,1888.811389290961,2004470000.0,IXIC_chained,,,,,
2005-03-03,1880.4977889301078,1895880000.0,IXIC_chained,,,,,
2005-03-04,1891.6526978875818,1829190000.0,IXIC_chained,,,,,
2005-03-07,1909.5585878337197,1949190000.0,IXIC_chained,,,,,
2005-03-08,1894.338548399531,1696700000.0,IXIC_chained,,,,,
2005-03-09,1883.1381389577796,1895520000.0,IXIC_chained,,,,,
2005-03-10,1881.7037678233849,1825790000.0,IXIC_chained,,,,,
2005-03-11,1865.1498365392758,1792090000.0,IXIC_chained,,,,,
2005-03-14,1873.7740196154666,1707720000.0,IXIC_chained,,,,,
2005-03-15,1859.1019894573603,1838790000.0,IXIC_chained,,,,,
2005-03-16,1841.5340062700145,1969690000.0,IXIC_chained,,,,,
2005-03-17,1842.1461401217805,1745120000.0,IXIC_chained,,,,,
2005-03-18,1834.262003853999,2106980000.0,IXIC_chained,,,,,
2005-03-21,1834.0061770271398,1611000000.0,IXIC_chained,,,,,
2005-03-22,1817.4065223470343,1805950000.0,IXIC_chained,,,,,
2005-03-23,1818.210470819408,1741150000.0,IXIC_chained,,,,,
2005-03-24,1818.9779522135589,1697930000.0,IXIC_chained,,,,,
2005-03-28,1820.3117326076194,1487620000.0,IXIC_chained,,,,,
2005-03-29,1803.2827252903019,1797840000.0,IXIC_chained,,,,,
2005-03-30,1832.3252344700861,1753610000.0,IXIC_chained,,,,,
2005-03-31,1826.4417683366096,1686970000.0,IXIC_chained,,,,,
2005-04-01,1813.2681233462947,1869690000.0,IXIC_chained,,,,,
2005-04-04,1818.9869847060406,1589310000.0,IXIC_chained,,,,,
2005-04-05,1826.5239588108293,1647510000.0,IXIC_chained,,,,,
2005-04-06,1826.3595787759625,1746400000.0,IXIC_chained,,,,,
2005-04-07,1844.3113026603837,1714270000.0,IXIC_chained,,,,,
2005-04-08,1826.5513933965706,1516340000.0,IXIC_chained,,,,,
2005-04-11,1819.9462807207992,1382490000.0,IXIC_chained,,,,,
2005-04-12,1832.078551591568,1931870000.0,IXIC_chained,,,,,
2005-04-13,1803.7303667377691,1705450000.0,IXIC_chained,,,,,
2005-04-14,1778.4609170413362,1930060000.0,IXIC_chained,,,,,
2005-04-15,1743.2336144169387,2314620000.0,IXIC_chained,,,,,
2005-04-18,1747.591374079887,1840360000.0,IXIC_chained,,,,,
2005-04-19,1765.3511718878406,1792830000.0,IXIC_chained,,,,,
2005-04-20,1748.3587440181782,2004950000.0,IXIC_chained,,,,,
2005-04-21,1792.8040738467048,1951490000.0,IXIC_chained,,,,,
2005-04-22,1765.195824345456,1802730000.0,IXIC_chained,,,,,
2005-04-25,1782.1792197226366,1442420000.0,IXIC_chained,,,,,
2005-04-26,1760.8563544063354,1670040000.0,IXIC_chained,,,,,
2005-04-27,1763.5880397701403,1764210000.0,IXIC_chained,,,,,
2005-04-28,1739.606758527631,1861340000.0,IXIC_chained,,,,,
2005-04-29,1755.566844770229,2039550000.0,IXIC_chained,,,,,
2005-05-02,1761.9618531015649,1547750000.0,IXIC_chained,,,,,
2005-05-03,1765.9997728178298,1868140000.0,IXIC_chained,,,,,
2005-05-04,1792.6395814424063,1877820000.0,IXIC_chained,,,,,
2005-05-05,1792.246808252849,1719880000.0,IXIC_chained,,,,,
2005-05-06,1797.3170695961783,1511120000.0,IXIC_chained,,,,,
2005-05-09,1808.5723463822674,1441010000.0,IXIC_chained,,,,,
2005-05-10,1793.1329471994425,1595520000.0,IXIC_chained,,,,,
2005-05-11,1801.154141285781,1716160000.0,IXIC_chained,,,,,
2005-05-12,1794.1469991026793,1783430000.0,IXIC_chained,,,,,
2005-05-13,1805.9321078104551,1878980000.0,IXIC_chained,,,,,
2005-05-16,1822.0566873709245,1390290000.0,IXIC_chained,,,,,
2005-05-17,1830.9365858181152,1520510000.0,IXIC_chained,,,,,
2005-05-18,1855.146260215315,1957880000.0,IXIC_chained,,,,,
2005-05-19,1866.0451194342106,1700580000.0,IXIC_chained,,,,,
2005-05-20,1869.5533186846478,1492720000.0,IXIC_chained,,,,,
2005-05-23,1878.8990368472741,1620130000.0,IXIC_chained,,,,,
2005-05-24,1883.4396891806352,1695940000.0,IXIC_chained,,,,,
2005-05-25,1872.9336040648695,1493000000.0,IXIC_chained,,,,,
2005-05-26,1892.2281417494057,1596460000.0,IXIC_chained,,,,,
2005-05-27,1896.330073671922,1237350000.0,IXIC_chained,,,,,
2005-05-31,1889.469135082864,1578740000.0,IXIC_chained,,,,,
2005-06-01,1907.411825561231,1779710000.0,IXIC_chained,,,,,
2005-06-02,1916.4926844045156,1746620000.0,IXIC_chained,,,,,
2005-06-03,1892.4016675597586,1637900000.0,IXIC_chained,,,,,
2005-06-06,1896.3575082576635,1477150000.0,IXIC_chained,,,,,
2005-06-07,1888.5006942061916,1846530000.0,IXIC_chained,,,,,
2005-06-08,1882.1239755986833,1602540000.0,IXIC_chained,,,,,
2005-06-09,1897.4080272391234,1666670000.0,IXIC_chained,,,,,
2005-06-10,1884.700312506531,1449380000.0,IXIC_chained,,,,,
2005-06-13,1890.145169685022,1432130000.0,IXIC_chained,,,,,
2005-06-14,1890.218326753187,1405850000.0,IXIC_chained,,,,,
2005-06-15,1895.5900268635128,1672670000.0,IXIC_chained,,,,,
2005-06-16,1908.5901469570474,1793020000.0,IXIC_chained,,,,,
2005-06-17,1909.467363953446,1993280000.0,IXIC_chained,,,,,
2005-06-20,1907.65828552803,1408110000.0,IXIC_chained,,,,,
2005-06-21,1910.3443580381254,1557480000.0,IXIC_chained,,,,,
2005-06-22,1911.221352122805,1668440000.0,IXIC_chained,,,,,
2005-06-23,1891.6981983718595,2009480000.0,IXIC_chained,,,,,
2005-06-24,1875.8112691974263,2151000000.0,IXIC_chained,,,,,
2005-06-27,1868.4386751275044,1448300000.0,IXIC_chained,,,,,
2005-06-28,1890.9947300975325,1584200000.0,IXIC_chained,,,,,
2005-06-29,1890.0811574787704,1640360000.0,IXIC_chained,,,,,
2005-06-30,1879.1822982598746,1731500000.0,IXIC_chained,,,,,
2005-07-01,1879.5570055508958,1176200000.0,IXIC_chained,,,,,
2005-07-05,1899.0890812520365,1440300000.0,IXIC_chained,,,,,
2005-07-06,1889.861908272421,1592080000.0,IXIC_chained,,,,,
2005-07-07,1896.2660614656706,1617860000.0,IXIC_chained,,,,,
2005-07-08,1930.2692078423959,1685280000.0,IXIC_chained,,,,,
2005-07-11,1950.870315160543,1770800000.0,IXIC_chained,,,,,
2005-07-12,1957.9230683702092,1657520000.0,IXIC_chained,,,,,
2005-07-13,1958.8002853666076,1540000000.0,IXIC_chained,,,,,
2005-07-14,1966.7574672466947,1872310000.0,IXIC_chained,,,,,
2005-07-15,1970.3751791876612,1534960000.0,IXIC_chained,,,,,
2005-07-18,1959.494609692593,1307270000.0,IXIC_chained,,,,,
2005-07-19,1985.357681518818,1632670000.0,IXIC_chained,,,,,
2005-07-20,1999.4176883674454,1957070000.0,IXIC_chained,,,,,
2005-07-21,1990.309396765564,2034880000.0,IXIC_chained,,,,,
2005-07-22,1991.3507708851103,1660360000.0,IXIC_chained,,,,,
2005-07-25,1979.4743268412012,1523020000.0,IXIC_chained,,,,,
2005-07-26,1987.9248735647518,1651840000.0,IXIC_chained,,,,,
2005-07-27,1997.2707040968098,1750070000.0,IXIC_chained,,,,,
2005-07-28,2008.4345340909063,1683870000.0,IXIC_chained,,,,,
2005-07-29,1996.0009359090006,1613950000.0,IXIC_chained,,,,,
2005-08-01,2005.6389488902817,1492680000.0,IXIC_chained,,,,,
2005-08-02,2026.4410147773783,1735020000.0,IXIC_chained,,,,,
2005-08-03,2025.2169708991378,1752440000.0,IXIC_chained,,,,,
2005-08-04,2001.9300130690415,1591380000.0,IXIC_chained,,,,,
2005-08-05,1989.6788617341113,1471740000.0,IXIC_chained,,,,,
2005-08-08,1977.3273425705656,1431010000.0,IXIC_chained,,,,,
2005-08-09,1986.2803980859217,1460470000.0,IXIC_chained,,,,,
2005-08-10,1971.3161863921646,1817680000.0,IXIC_chained,,,,,
2005-08-11,1986.6093828945186,1582090000.0,IXIC_chained,,,,,
2005-08-12,1970.48469187819,1551410000.0,IXIC_chained,,,,,
2005-08-15,1979.748443391888,1380460000.0,IXIC_chained,,,,,
2005-08-16,1952.3595545528478,1540320000.0,IXIC_chained,,,,,
2005-08-17,1959.7502136077337,1518010000.0,IXIC_chained,,,,,
2005-08-18,1951.4642707443409,1391780000.0,IXIC_chained,,,,,
2005-08-19,1950.9891956247045,1205270000.0,IXIC_chained,,,,,
2005-08-22,1956.333461149289,1351650000.0,IXIC_chained,,,,,
2005-08-23,1952.5330794496283,1341270000.0,IXIC_chained,,,,,
2005-08-24,1944.9138034147607,1718580000.0,IXIC_chained,,,,,
2005-08-25,1949.9020971955892,1307580000.0,IXIC_chained,,,,,
2005-08-26,1937.4774209638786,1261130000.0,IXIC_chained,,,,,
2005-08-29,1952.8984189670166,1268560000.0,IXIC_chained,,,,,
2005-08-30,1945.690429670825,1436400000.0,IXIC_chained,,,,,
2005-08-31,1966.0905775064507,1631780000.0,IXIC_chained,,,,,
2005-09-01,1962.2625383093298,1623320000.0,IXIC_chained,,,,,
2005-09-02,1956.0229889762381,1130450000.0,IXIC_chained,,,,,
2005-09-06,1979.5840624434488,1403190000.0,IXIC_chained,,,,,
2005-09-07,1984.3071616237855,1480820000.0,IXIC_chained,,,,,
2005-09-08,1978.825725911212,1578070000.0,IXIC_chained,,,,,
2005-09-09,1987.4863769791982,1617540000.0,IXIC_chained,,,,,
2005-09-12,1994.1737906714761,1723540000.0,IXIC_chained,,,,,
2005-09-13,1984.051334796926,1724570000.0,IXIC_chained,,,,,
2005-09-14,1963.5691079429405,1698250000.0,IXIC_chained,,,,,
2005-09-15,1960.6637862264959,1744660000.0,IXIC_chained,,,,,
2005-09-16,1973.636696473153,2269030000.0,IXIC_chained,,,,,
2005-09-19,1959.8508052616403,1604140000.0,IXIC_chained,,,,,
2005-09-20,1947.12480080522,1845670000.0,IXIC_chained,,,,,
2005-09-21,1924.5685238370456,1772370000.0,IXIC_chained,,,,,
2005-09-22,1928.3508387245975,1692930000.0,IXIC_chained,,,,,
2005-09-23,1933.8871426950811,1604120000.0,IXIC_chained,,,,,
2005-09-26,1938.1077321700402,1502410000.0,IXIC_chained,,,,,
2005-09-27,1933.5032905421463,1658660000.0,IXIC_chained,,,,,
2005-09-28,1932.5714281995565,1703850000.0,IXIC_chained,,,,,
2005-09-29,1956.1599362525085,1801520000.0,IXIC_chained,,,,,
2005-09-30,1965.7250141637708,1610970000.0,IXIC_chained,,,,,
2005-10-03,1969.141767535788,1794420000.0,IXIC_chained,,,,,
2005-10-04,1954.4608154274868,2005300000.0,IXIC_chained,,,,,
2005-10-05,1921.2615069808487,1923900000.0,IXIC_chained,,,,,
2005-10-06,1903.9584945687036,2107360000.0,IXIC_chained,,,,,
2005-10-07,1909.6866131597951,1444780000.0,IXIC_chained,,,,,
2005-10-10,1899.2443173385618,1379210000.0,IXIC_chained,,,,,
2005-10-11,1882.9554691990854,1851960000.0,IXIC_chained,,,,,
2005-10-12,1861.3767770559245,2014750000.0,IXIC_chained,,,,,
2005-10-13,1870.2841100888566,1777590000.0,IXIC_chained,,,,,
2005-10-14,1886.3722216575302,1555430000.0,IXIC_chained,,,,,
2005-10-17,1891.3694373885537,1266030000.0,IXIC_chained,,,,,
2005-10-18,1878.305304175195,1460730000.0,IXIC_chained,,,,,
2005-10-19,1910.499594124651,1893300000.0,IXIC_chained,,,,,
2005-10-20,1889.3687663406763,1797930000.0,IXIC_chained,,,,,
2005-10-21,1902.2500068836216,1770700000.0,IXIC_chained,,,,,
2005-10-24,1932.964425214405,1551470000.0,IXIC_chained,,,,,
2005-10-25,1927.1357158829792,1599120000.0,IXIC_chained,,,,,
2005-10-26,1918.5482227967307,1832000000.0,IXIC_chained,,,,,
2005-10-27,1885.4403602285126,1718600000.0,IXIC_chained,,,,,
2005-10-28,1909.257037610864,1886560000.0,IXIC_chained,,,,,
2005-10-31,1937.0480683266662,1869760000.0,IXIC_chained,,,,,
2005-11-01,1931.3382394594023,1903230000.0,IXIC_chained,,,,,
2005-11-02,1958.9829560388744,2173290000.0,IXIC_chained,,,,,
2005-11-03,1973.5178160089915,2346250000.0,IXIC_chained,,,,,
2005-11-04,1981.9317841984598,1699610000.0,IXIC_chained,,,,,
2005-11-07,1989.980411956967,1621120000.0,IXIC_chained,,,,,
2005-11-08,1984.343740157868,1599370000.0,IXIC_chained,,,,,
2005-11-09,1987.7604935298855,1594180000.0,IXIC_chained,,,,,
2005-11-10,2006.8266380597308,1938030000.0,IXIC_chained,,,,,
2005-11-11,2012.1162591516966,1454900000.0,IXIC_chained,,,,,
2005-11-14,2010.7276104997259,1385360000.0,IXIC_chained,,,,,
2005-11-15,1997.7457792164462,1684810000.0,IXIC_chained,,,,,
2005-11-16,1998.8328776455614,1721760000.0,IXIC_chained,,,,,
2005-11-17,2028.5514214275033,1809860000.0,IXIC_chained,,,,,
2005-11-18,2034.590234189792,1993850000.0,IXIC_chained,,,,,
2005-11-21,2047.9282610421187,1661890000.0,IXIC_chained,,,,,
2005-11-22,2058.7907646386507,1856560000.0,IXIC_chained,,,,,
2005-11-23,2064.6558286788677,1585710000.0,IXIC_chained,,,,,
2005-11-25,2067.423981120896,635420000.0,IXIC_chained,,,,,
2005-11-28,2045.8272221656262,1559380000.0,IXIC_chained,,,,,
2005-11-29,2039.742686007341,1753540000.0,IXIC_chained,,,,,
2005-11-30,2039.8432767476752,1876080000.0,IXIC_chained,,,,,
2005-12-01,2071.224362820556,2010420000.0,IXIC_chained,,,,,
2005-12-02,2076.8886912035427,1758510000.0,IXIC_chained,,,,,
2005-12-05,2062.517989270146,1659920000.0,IXIC_chained,,,,,
2005-12-06,2065.3684427286807,1788200000.0,IXIC_chained,,,,,
2005-12-07,2057.3746823145107,1733530000.0,IXIC_chained,,,,,
2005-12-08,2052.304309515322,1908360000.0,IXIC_chained,,,,,
2005-12-09,2061.68671766789,1658570000.0,IXIC_chained,,,,,
2005-12-12,2065.541967625461,1679280000.0,IXIC_chained,,,,,
2005-12-13,2069.2419814965065,1873980000.0,IXIC_chained,,,,,
2005-12-14,2067.0403518796797,1676210000.0,IXIC_chained,,,,,
2005-12-15,2065.2495622645188,1804630000.0,IXIC_chained,,,,,
2005-12-16,2057.8040340381503,2294480000.0,IXIC_chained,,,,,
2005-12-19,2030.6343934918873,1745530000.0,IXIC_chained,,,,,
2005-12-20,2030.3419881309453,1702920000.0,IXIC_chained,,,,,
2005-12-21,2038.7833899925824,1630030000.0,IXIC_chained,,,,,
2005-12-22,2052.3317431874907,1498880000.0,IXIC_chained,,,,,
2005-12-23,2055.008448837526,978370000.0,IXIC_chained,,,,,
2005-12-27,2034.4256312432067,1250500000.0,IXIC_chained,,,,,
2005-12-28,2036.298498963155,1221540000.0,IXIC_chained,,,,,
2005-12-29,2026.450159639292,1185350000.0,IXIC_chained,,,,,
2005-12-30,2014.720029731713,1284050000.0,IXIC_chained,,,,,
2006-01-03,2049.8194184858944,1998300000.0,IXIC_chained,,,,,
2006-01-04,2067.83504403428,1887560000.0,IXIC_chained,,,,,
2006-01-05,2080.0861953692106,1891750000.0,IXIC_chained,,,,,
2006-01-06,2106.3514081586254,2233640000.0,IXIC_chained,,,,,
2006-01-09,2118.2916414970673,1949140000.0,IXIC_chained,,,,,
2006-01-10,2119.7808808893724,1978160000.0,IXIC_chained,,,,,
2006-01-11,2129.86675822984,2380600000.0,IXIC_chained,,,,,
2006-01-12,2116.464496259543,2011460000.0,IXIC_chained,,,,,
2006-01-13,2116.7843362062263,1784410000.0,IXIC_chained,,,,,
2006-01-17,2103.674479596871,1702260000.0,IXIC_chained,,,,,
2006-01-18,2082.6165868829153,2276900000.0,IXIC_chained,,,,,
2006-01-19,2102.8706434939295,2308150000.0,IXIC_chained,,,,,
2006-01-20,2053.437130426861,2348140000.0,IXIC_chained,,,,,
2006-01-23,2054.1405996147605,1902480000.0,IXIC_chained,,,,,
2006-01-24,2069.470374651197,2067470000.0,IXIC_chained,,,,,
2006-01-25,2065.267851074774,2188120000.0,IXIC_chained,,,,,
2006-01-26,2085.686288634227,2404920000.0,IXIC_chained,,,,,
2006-01-27,2105.0814170590975,2331690000.0,IXIC_chained,,,,,
2006-01-30,2107.4110720019994,1900730000.0,IXIC_chained,,,,,
2006-01-31,2106.53407791732,2235900000.0,IXIC_chained,,,,,
2006-02-01,2110.864403908099,2274610000.0,IXIC_chained,,,,,
2006-02-02,2084.379941912335,2307830000.0,IXIC_chained,,,,,
2006-02-03,2067.031207017766,2230020000.0,IXIC_chained,,,,,
2006-02-06,2063.5778760252383,1769530000.0,IXIC_chained,,,,,
2006-02-07,2050.9339505871785,2117180000.0,IXIC_chained,,,,,
2006-02-08,2071.0508370102034,2181770000.0,IXIC_chained,,,,,
2006-02-09,2060.9011703752035,2321310000.0,IXIC_chained,,,,,
2006-02-10,2066.3915280379715,2017730000.0,IXIC_chained,,,,,
2006-02-13,2046.2291411306696,1662000000.0,IXIC_chained,,,,,
2006-02-14,2066.656499726745,1805300000.0,IXIC_chained,,,,,
2006-02-15,2079.684054406021,1783050000.0,IXIC_chained,,,,,
2006-02-16,2096.3110313024354,1940470000.0,IXIC_chained,,,,,
2006-02-17,2085.101699910489,1948640000.0,IXIC_chained,,,,,
2006-02-21,2067.378257724899,1747180000.0,IXIC_chained,,,,,
2006-02-22,2085.841524720752,1824110000.0,IXIC_chained,,,,,
2006-02-23,2082.32440352012,1754200000.0,IXIC_chained,,,,,
2006-02-24,2089.3771576433587,1583980000.0,IXIC_chained,,,,,
2006-02-27,2107.77641243296,1714420000.0,IXIC_chained,,,,,
2006-02-28,2084.2153389657497,2120560000.0,IXIC_chained,,,,,
2006-03-01,2114.5916285395947,2190420000.0,IXIC_chained,,,,,
2006-03-02,2111.366912699904,2089100000.0,IXIC_chained,,,,,
2006-03-03,2103.592401492084,2389040000.0,IXIC_chained,,,,,
2006-03-06,2088.4544401626827,2112280000.0,IXIC_chained,,,,,
2006-03-07,2072.3297500599265,1908310000.0,IXIC_chained,,,,,
2006-03-08,2071.489334509329,2084040000.0,IXIC_chained,,,,,
2006-03-09,2055.2825653882132,1957560000.0,IXIC_chained,,,,,
2006-03-10,2066.537842174302,1752700000.0,IXIC_chained,,,,,
2006-03-13,2071.0965604062,1649550000.0,IXIC_chained,,,,,
2006-03-14,2097.4712858861435,1911750000.0,IXIC_chained,,,,,
2006-03-15,2112.033803353721,2090520000.0,IXIC_chained,,,,,
2006-03-16,2100.8151051017144,2344240000.0,IXIC_chained,,,,,
2006-03-17,2107.136955451312,2540120000.0,IXIC_chained,,,,,
2006-03-20,2114.107630556191,1943820000.0,IXIC_chained,,,,,
2006-03-21,2095.9456908714747,2360430000.0,IXIC_chained,,,,,
2006-03-22,2104.2775809561554,2116220000.0,IXIC_chained,,,,,
2006-03-23,2101.353969515883,1963750000.0,IXIC_chained,,,,,
2006-03-24,2112.9290862486555,1928040000.0,IXIC_chained,,,,,
2006-03-27,2115.4505558121655,1850220000.0,IXIC_chained,,,,,
2006-03-28,2105.291521403533,1997510000.0,IXIC_chained,,,,,
2006-03-29,2135.7318231836293,2375300000.0,IXIC_chained,,,,,
2006-03-30,2138.5091195739983,2160810000.0,IXIC_chained,,,,,
2006-03-31,2137.5681132830673,1851620000.0,IXIC_chained,,,,,
2006-04-03,2134.781672030784,1952960000.0,IXIC_chained,,,,,
2006-04-04,2142.6567748925113,2082320000.0,IXIC_chained,,,,,
2006-04-05,2155.80298712423,2027440000.0,IXIC_chained,,,,,
2006-04-06,2157.100188984208,2141860000.0,IXIC_chained,,,,,
2006-04-07,2136.864645008741,2002360000.0,IXIC_chained,,,,,
2006-04-10,2131.611602450858,1840950000.0,IXIC_chained,,,,,
2006-04-11,2110.672589287491,2098780000.0,IXIC_chained,,,,,
2006-04-12,2114.628207073677,1536510000.0,IXIC_chained,,,,,
2006-04-13,2125.0705019813377,1516980000.0,IXIC_chained,,,,,
2006-04-17,2111.412413184182,1776170000.0,IXIC_chained,,,,,
2006-04-18,2152.504892218228,2252800000.0,IXIC_chained,,,,,
2006-04-19,2165.9709434830575,2077690000.0,IXIC_chained,,,,,
2006-04-20,2158.3610352218225,2125120000.0,IXIC_chained,,,,,
2006-04-21,2140.372843345606,2326080000.0,IXIC_chained,,,,,
2006-04-24,2131.711970279473,2008130000.0,IXIC_chained,,,,,
2006-04-25,2128.89831826674,2301780000.0,IXIC_chained,,,,,
2006-04-26,2131.9403634341634,2084230000.0,IXIC_chained,,,,,
2006-04-27,2142.2820676014903,2573560000.0,IXIC_chained,,,,,
2006-04-28,2121.8364192815875,2501760000.0,IXIC_chained,,,,,
2006-05-01,2105.593071626389,2076120000.0,IXIC_chained,,,,,
2006-05-02,2110.206658116196,2070740000.0,IXIC_chained,,,,,
2006-05-03,2104.8438799560654,2127260000.0,IXIC_chained,,,,,
2006-05-04,2123.0513192114868,2054110000.0,IXIC_chained,,,,,
2006-05-05,2140.1078716568322,1989260000.0,IXIC_chained,,,,,
2006-05-08,2142.318646135573,1726260000.0,IXIC_chained,,,,,
2006-05-09,2136.1611758208414,1845230000.0,IXIC_chained,,,,,
2006-05-10,2120.164510130588,2014270000.0,IXIC_chained,,,,,
2006-05-11,2076.2764458959173,2446770000.0,IXIC_chained,,,,,
2006-05-12,2049.855997019977,2289510000.0,IXIC_chained,,,,,
2006-05-15,2045.0505968231341,2006700000.0,IXIC_chained,,,,,
2006-05-16,2036.4720247735079,1996620000.0,IXIC_chained,,,,,
2006-05-17,2006.0228010432165,2337800000.0,IXIC_chained,,,,,
2006-05-18,1991.8807142626567,2022640000.0,IXIC_chained,,,,,
2006-05-19,2004.2685899621383,2514380000.0,IXIC_chained,,,,,
2006-05-22,1985.0654981560224,2269960000.0,IXIC_chained,,,,,
2006-05-23,1972.1840356149305,2131750000.0,IXIC_chained,,,,,
2006-05-24,1981.6942461818553,2597020000.0,IXIC_chained,,,,,
2006-05-25,2008.251864332212,2028960000.0,IXIC_chained,,,,,
2006-05-26,2019.3336162215207,1540700000.0,IXIC_chained,,,,,
2006-05-30,1977.6471816036767,1718660000.0,IXIC_chained,,,,,
2006-05-31,1990.5650006807045,2119060000.0,IXIC_chained,,,,,
2006-06-01,2028.0034112378482,2078740000.0,IXIC_chained,,,,,
2006-06-02,2027.5921254127447,1933380000.0,IXIC_chained,,,,,
2006-06-05,1982.1055320069588,1733250000.0,IXIC_chained,,,,,
2006-06-06,1975.8566149002345,2089540000.0,IXIC_chained,,,,,
2006-06-07,1965.8256058176773,1913870000.0,IXIC_chained,,,,,
2006-06-08,1959.9056726059778,2948100000.0,IXIC_chained,,,,,
2006-06-09,1950.5324093153233,1754740000.0,IXIC_chained,,,,,
2006-06-12,1910.572751192816,1887720000.0,IXIC_chained,,,,,
2006-06-13,1893.3518187126035,2594500000.0,IXIC_chained,,,,,
2006-06-14,1905.7124827380628,2090140000.0,IXIC_chained,,,,,
2006-06-15,1958.8366409889713,2201490000.0,IXIC_chained,,,,,
2006-06-16,1945.8639545676058,2428150000.0,IXIC_chained,,,,,
2006-06-19,1928.0218548295727,1681580000.0,IXIC_chained,,,,,
2006-06-20,1924.9523759899803,1572100000.0,IXIC_chained,,,,,
2006-06-21,1956.141646528681,1854850000.0,IXIC_chained,,,,,
2006-06-22,1939.4963799084387,1644700000.0,IXIC_chained,,,,,
2006-06-23,1938.116877031954,1614510000.0,IXIC_chained,,,,,
2006-06-26,1949.2624182157952,1392940000.0,IXIC_chained,,,,,
2006-06-27,1918.7308925554248,1788170000.0,IXIC_chained,,,,,
2006-06-28,1929.3192796012697,1591310000.0,IXIC_chained,,,,,
2006-06-29,1986.4539238962745,2165390000.0,IXIC_chained,,,,,
2006-06-30,1984.3620298816957,2458840000.0,IXIC_chained,,,,,
2006-07-03,2001.116809192467,788200000.0,IXIC_chained,,,,,
2006-07-05,1967.2325432799034,1586970000.0,IXIC_chained,,,,,
2006-07-06,1968.8312953627371,1585090000.0,IXIC_chained,,,,,
2006-07-07,1945.9645462215121,1759870000.0,IXIC_chained,,,,,
2006-07-10,1933.9692217134414,1561790000.0,IXIC_chained,,,,,
2006-07-11,1944.8683029304832,1971500000.0,IXIC_chained,,,,,
2006-07-12,1909.5860215058885,1776520000.0,IXIC_chained,,,,,
2006-07-13,1876.5787496780047,2022040000.0,IXIC_chained,,,,,
2006-07-14,1861.2671529095362,1779960000.0,IXIC_chained,,,,,
2006-07-17,1861.6051702106151,1504880000.0,IXIC_chained,,,,,
2006-07-18,1866.6298196138077,1996880000.0,IXIC_chained,,,,,
2006-07-19,1900.8796479554783,2304740000.0,IXIC_chained,,,,,
2006-07-20,1863.1583103533123,1951450000.0,IXIC_chained,,,,,
2006-07-21,1845.7729969246604,2346890000.0,IXIC_chained,,,,,
2006-07-24,1883.640648663157,1975870000.0,IXIC_chained,,,,,
2006-07-25,1894.658164520923,1913710000.0,IXIC_chained,,,,,
2006-07-26,1891.5155286131653,2073310000.0,IXIC_chained,,,,,
2006-07-27,1876.9075115748828,2120100000.0,IXIC_chained,,,,,
2006-07-28,1913.1488661025173,1803290000.0,IXIC_chained,,,,,
2006-07-31,1910.7096984690866,1582270000.0,IXIC_chained,,,,,
2006-08-01,1883.777595025855,1663070000.0,IXIC_chained,,,,,
2006-08-02,1899.1439495099467,1755730000.0,IXIC_chained,,,,,
2006-08-03,1911.5046135354057,1818790000.0,IXIC_chained,,,,,
2006-08-04,1904.844633515297,1832040000.0,IXIC_chained,,,,,
2006-08-07,1893.3792523847724,1428170000.0,IXIC_chained,,,,,
2006-08-08,1882.7362209063085,1889440000.0,IXIC_chained,,,,,
2006-08-09,1882.2154214771035,2074060000.0,IXIC_chained,,,,,
2006-08-10,1892.684928058787,1730320000.0,IXIC_chained,,,,,
2006-08-11,1879.8674777239464,1423530000.0,IXIC_chained,,,,,
2006-08-14,1890.218326753187,1480120000.0,IXIC_chained,,,,,
2006-08-15,1932.215233544082,1755660000.0,IXIC_chained,,,,,
2006-08-16,1963.7609225635483,2474760000.0,IXIC_chained,,,,,
2006-08-17,1971.133515719898,1919020000.0,IXIC_chained,,,,,
2006-08-18,1976.9254236055222,1683790000.0,IXIC_chained,,,,,
2006-08-21,1962.125591946632,1314000000.0,IXIC_chained,,,,,
2006-08-22,1964.1994200626746,1555940000.0,IXIC_chained,,,,,
2006-08-23,1950.1668459726438,1457180000.0,IXIC_chained,,,,,
2006-08-24,1952.4052770352719,1404360000.0,IXIC_chained,,,,,
2006-08-25,1955.3103758399977,1282510000.0,IXIC_chained,,,,,
2006-08-28,1973.956312594545,1333860000.0,IXIC_chained,,,,,
2006-08-29,1984.5538445023035,1580990000.0,IXIC_chained,,,,,
2006-08-30,1996.8230617357701,1620030000.0,IXIC_chained,,,,,
2006-08-31,1995.014206222073,1700210000.0,IXIC_chained,,,,,
2006-09-01,2003.6108441702354,1325540000.0,IXIC_chained,,,,,
2006-09-05,2015.0670804388462,1732460000.0,IXIC_chained,,,,,
2006-09-06,1980.479346251956,1797080000.0,IXIC_chained,,,,,
2006-09-07,1969.0139651214315,1847190000.0,IXIC_chained,,,,,
2006-09-08,1978.6064776184353,1457220000.0,IXIC_chained,,,,,
2006-09-11,1985.4216937250694,1694280000.0,IXIC_chained,,,,,
2006-09-12,2024.312542228717,2007990000.0,IXIC_chained,,,,,
2006-09-13,2035.138244379447,1860530000.0,IXIC_chained,,,,,
2006-09-14,2036.106684342547,1826600000.0,IXIC_chained,,,,,
2006-09-15,2042.3738911730989,2455870000.0,IXIC_chained,,,,,
2006-09-18,2042.5199823977102,1914200000.0,IXIC_chained,,,,,
2006-09-19,2030.2964876466676,2079920000.0,IXIC_chained,,,,,
2006-09-20,2058.178519331025,2164940000.0,IXIC_chained,,,,,
2006-09-21,2044.3471276352348,1993110000.0,IXIC_chained,,,,,
2006-09-22,2027.1536288271911,1646540000.0,IXIC_chained,,,,,
2006-09-25,2054.6888318025617,1833860000.0,IXIC_chained,,,,,
2006-09-26,2065.898386106227,2011140000.0,IXIC_chained,,,,,
2006-09-27,2067.7710318280288,2039100000.0,IXIC_chained,,,,,
2006-09-28,2073.8281343141452,1805260000.0,IXIC_chained,,,,,
2006-09-29,2063.2397472683,1812120000.0,IXIC_chained,,,,,
2006-10-02,2044.2101812725373,1769170000.0,IXIC_chained,,,,,
2006-10-03,2049.7371165558156,1946800000.0,IXIC_chained,,,,,
2006-10-04,2092.9491461883285,2190280000.0,IXIC_chained,,,,,
2006-10-05,2107.0091539505283,1911090000.0,IXIC_chained,,,,,
2006-10-06,2101.2078782912713,1672470000.0,IXIC_chained,,,,,
2006-10-09,2111.969791147469,1485280000.0,IXIC_chained,,,,,
2006-10-10,2115.3133865377486,1760360000.0,IXIC_chained,,,,,
2006-10-11,2108.7722869818012,1995600000.0,IXIC_chained,,,,,
2006-10-12,2143.405744564688,2003960000.0,IXIC_chained,,,,,
2006-10-13,2153.5556341114066,1940530000.0,IXIC_chained,,,,,
2006-10-16,2159.539579529358,1823620000.0,IXIC_chained,,,,,
2006-10-17,2142.2820676014903,2125950000.0,IXIC_chained,,,,,
2006-10-18,2135.156156410086,2130750000.0,IXIC_chained,,,,,
2006-10-19,2138.6186322645276,2000690000.0,IXIC_chained,,,,,
2006-10-20,2139.861189691887,1922070000.0,IXIC_chained,,,,,
2006-10-23,2151.9751717524005,1823480000.0,IXIC_chained,,,,,
2006-10-24,2142.181699772875,1856880000.0,IXIC_chained,,,,,
2006-10-25,2152.9161780433315,2100780000.0,IXIC_chained,,,,,
2006-10-26,2173.480706827396,2339540000.0,IXIC_chained,,,,,
2006-10-27,2147.4621760029268,2268950000.0,IXIC_chained,,,,,
2006-10-30,2159.4755673231066,1724180000.0,IXIC_chained,,,,,
2006-10-31,2162.161416921483,1922150000.0,IXIC_chained,,,,,
2006-11-01,2132.5983321377853,2027020000.0,IXIC_chained,,,,,
2006-11-02,2132.2967819149294,1887310000.0,IXIC_chained,,,,,
2006-11-03,2129.3459597142073,1830050000.0,IXIC_chained,,,,,
2006-11-06,2161.4670925954974,1892250000.0,IXIC_chained,,,,,
2006-11-07,2170.538806576869,2088770000.0,IXIC_chained,,,,,
2006-11-08,2178.8158274900666,2076020000.0,IXIC_chained,,,,,
2006-11-09,2170.6576870410304,2380240000.0,IXIC_chained,,,,,
2006-11-10,2183.1827320149287,1680460000.0,IXIC_chained,,,,,
2006-11-13,2198.4027714491176,1720810000.0,IXIC_chained,,,,,
2006-11-14,2220.584341126271,1926370000.0,IXIC_chained,,,,,
2006-11-15,2231.629514481497,2103870000.0,IXIC_chained,,,,,
2006-11-16,2237.3942116066714,2038830000.0,IXIC_chained,,,,,
2006-11-17,2234.470823078118,1732400000.0,IXIC_chained,,,,,
2006-11-20,2240.737806996951,1697480000.0,IXIC_chained,,,,,
2006-11-21,2242.674687836723,1660270000.0,IXIC_chained,,,,,
2006-11-22,2252.851788143892,1573120000.0,IXIC_chained,,,,,
2006-11-24,2247.62618017175,681510000.0,IXIC_chained,,,,,
2006-11-27,2197.982563673819,1950300000.0,IXIC_chained,,,,,
2006-11-28,2204.094533504273,1958630000.0,IXIC_chained,,,,,
2006-11-29,2222.018712260666,1903430000.0,IXIC_chained,,,,,
2006-11-30,2221.59850539894,2134200000.0,IXIC_chained,,,,,
2006-12-01,2204.642543693928,2040520000.0,IXIC_chained,,,,,
2006-12-04,2236.781966299046,1954530000.0,IXIC_chained,,,,,
2006-12-05,2240.4271119121813,1990600000.0,IXIC_chained,,,,,
2006-12-06,2234.470823078118,1889000000.0,IXIC_chained,,,,,
2006-12-07,2217.8710569421532,2051030000.0,IXIC_chained,,,,,
2006-12-08,2226.7054558186387,1840600000.0,IXIC_chained,,,,,
2006-12-11,2231.730105221831,1813340000.0,IXIC_chained,,,,,
2006-12-12,2221.4432693124145,1927540000.0,IXIC_chained,,,,,
2006-12-13,2222.1830932091048,1782430000.0,IXIC_chained,,,,,
2006-12-14,2241.770260079875,1889510000.0,IXIC_chained,,,,,
2006-12-15,2244.8305940575533,2324650000.0,IXIC_chained,,,,,
2006-12-18,2225.070125201722,1936350000.0,IXIC_chained,,,,,
2006-12-19,2219.5704006788937,1960720000.0,IXIC_chained,,,,,
2006-12-20,2217.7981227857067,1749530000.0,IXIC_chained,,,,,
2006-12-21,2207.054500566909,1732880000.0,IXIC_chained,,,,,
2006-12-22,2193.6522385966123,1306530000.0,IXIC_chained,,,,,
2006-12-26,2204.916660244615,1016200000.0,IXIC_chained,,,,,
2006-12-27,2221.095995693562,1216260000.0,IXIC_chained,,,,,
2006-12-28,2215.9343990140997,1237530000.0,IXIC_chained,,,,,
2006-12-29,2206.542845999618,1413920000.0,IXIC_chained,,,,,
2007-01-03,2213.732546485554,2435280000.0,IXIC_chained,,,,,
2007-01-04,2241.3864079269397,2104210000.0,IXIC_chained,,,,,
2007-01-05,2223.864147222018,2060360000.0,IXIC_chained,,,,,
2007-01-08,2227.4727143010705,1905620000.0,IXIC_chained,,,,,
2007-01-09,2232.6162441684246,2144160000.0,IXIC_chained,,,,,
2007-01-10,2246.7766197592396,2274210000.0,IXIC_chained,,,,,
2007-01-11,2270.0910112615043,2436270000.0,IXIC_chained,,,,,
2007-01-12,2286.5078838134837,2175810000.0,IXIC_chained,,,,,
2007-01-16,2281.9034421855895,2139550000.0,IXIC_chained,,,,,
2007-01-17,2265.130151152845,2273880000.0,IXIC_chained,,,,,
2007-01-18,2232.0497222567956,2456180000.0,IXIC_chained,,,,,
2007-01-19,2239.4497499988865,2037890000.0,IXIC_chained,,,,,
2007-01-22,2220.959048417292,1900860000.0,IXIC_chained,,,,,
2007-01-23,2221.269520590343,2001100000.0,IXIC_chained,,,,,
2007-01-24,2253.125904694579,2202040000.0,IXIC_chained,,,,,
2007-01-25,2223.855002360104,2202280000.0,IXIC_chained,,,,,
2007-01-26,2224.996968133557,2067080000.0,IXIC_chained,,,,,
2007-01-29,2230.113064328742,1915400000.0,IXIC_chained,,,,,
2007-01-30,2237.010359453737,1769600000.0,IXIC_chained,,,,,
2007-01-31,2250.9789204239437,2186710000.0,IXIC_chained,,,,,
2007-02-01,2255.044273812377,2170040000.0,IXIC_chained,,,,,
2007-02-02,2261.8960684530944,1876770000.0,IXIC_chained,,,,,
2007-02-05,2257.0726014441425,1875310000.0,IXIC_chained,,,,,
2007-02-06,2257.885582408998,2113710000.0,IXIC_chained,,,,,
2007-02-07,2275.252607027395,2198410000.0,IXIC_chained,,,,,
2007-02-08,2273.580697876396,1995880000.0,IXIC_chained,,,,,
2007-02-09,2247.2242612067066,2186590000.0,IXIC_chained,,,,,
2007-02-12,2238.5999666746566,1840250000.0,IXIC_chained,,,,,
2007-02-13,2247.278906552898,1821390000.0,IXIC_chained,,,,,
2007-02-14,2273.3157261876227,2173580000.0,IXIC_chained,,,,,
2007-02-15,2281.282275841342,1949670000.0,IXIC_chained,,,,,
2007-02-16,2280.5605178431874,1887430000.0,IXIC_chained,,,,,
2007-02-20,2295.8445694836278,2165590000.0,IXIC_chained,,,,,
2007-02-21,2300.7594832845725,2012450000.0,IXIC_chained,,,,,
2007-02-22,2306.7159941167824,1850960000.0,IXIC_chained,,,,,
2007-02-23,2297.7265829790626,2012220000.0,IXIC_chained,,,,,
2007-02-26,2288.0609134138936,1912480000.0,IXIC_chained,,,,,
2007-02-27,2199.7550635651523,3037380000.0,IXIC_chained,,,,,
2007-02-28,2207.3283932923046,2620450000.0,IXIC_chained,,,,,
2007-03-01,2196.4203901250676,2710750000.0,IXIC_chained,,,,,
2007-03-02,2163.3399612290186,2352790000.0,IXIC_chained,,,,,
2007-03-05,2138.3810951614955,2291680000.0,IXIC_chained,,,,,
2007-03-06,2178.9984981623334,2121430000.0,IXIC_chained,,,,,
2007-03-07,2169.40598566533,1959330000.0,IXIC_chained,,,,,
2007-03-08,2181.3647307257456,1989910000.0,IXIC_chained,,,,,
2007-03-09,2181.200350690879,1875050000.0,IXIC_chained,,,,,
2007-03-12,2194.6664019557084,1637980000.0,IXIC_chained,,,,,
2007-03-13,2147.4164526069308,2235000000.0,IXIC_chained,,,,,
2007-03-14,2166.756713687463,2255630000.0,IXIC_chained,,,,,
2007-03-15,2173.1151434847166,1690430000.0,IXIC_chained,,,,,
2007-03-16,2167.5971292380605,2031650000.0,IXIC_chained,,,,,
2007-03-19,2187.4673336961396,1650970000.0,IXIC_chained,,,,,
2007-03-20,2200.0746806001166,1761940000.0,IXIC_chained,,,,,
2007-03-21,2243.661194611932,2158740000.0,IXIC_chained,,,,,
2007-03-22,2239.8425231884435,1887290000.0,IXIC_chained,,,,,
2007-03-23,2237.2753311425095,1634470000.0,IXIC_chained,,,,,
2007-03-26,2243.3962229231583,1817870000.0,IXIC_chained,,,,,
2007-03-27,2226.769246026744,1708060000.0,IXIC_chained,,,,,
2007-03-28,2208.196466340362,1868310000.0,IXIC_chained,,,,,
2007-03-29,2208.9088565648835,1926070000.0,IXIC_chained,,,,,
2007-03-30,2212.3438987471554,1998550000.0,IXIC_chained,,,,,
2007-04-02,2212.9104206587845,1784170000.0,IXIC_chained,,,,,
2007-04-03,2238.554466190379,1932030000.0,IXIC_chained,,,,,
2007-04-04,2246.191808123783,1933300000.0,IXIC_chained,,,,,
2007-04-05,2257.7486360463004,1537800000.0,IXIC_chained,,,,,
2007-04-09,2255.7751766724455,1714880000.0,IXIC_chained,,,,,
2007-04-10,2263.4767537238195,1834530000.0,IXIC_chained,,,,,
2007-04-11,2246.758330948984,1957970000.0,IXIC_chained,,,,,
2007-04-12,2265.9524998913334,1905500000.0,IXIC_chained,,,,,
2007-04-13,2276.568097697628,1834320000.0,IXIC_chained,,,,,
2007-04-16,2300.6774042662123,1779410000.0,IXIC_chained,,,,,
2007-04-17,2299.416558028598,1900920000.0,IXIC_chained,,,,,
2007-04-18,2293.52405940264,2046760000.0,IXIC_chained,,,,,
2007-04-19,2288.8192499461306,2112920000.0,IXIC_chained,,,,,
2007-04-20,2308.0406305625015,2084270000.0,IXIC_chained,,,,,
2007-04-23,2305.5557395330748,1928530000.0,IXIC_chained,,,,,
2007-04-24,2306.3506545993937,2220610000.0,IXIC_chained,,,,,
2007-04-25,2327.6824418658903,2644120000.0,IXIC_chained,,,,,
2007-04-26,2333.6846760940966,2406090000.0,IXIC_chained,,,,,
2007-04-27,2336.1970007956925,2078160000.0,IXIC_chained,,,,,
2007-04-30,2306.8531643047713,2080710000.0,IXIC_chained,,,,,
2007-05-01,2312.736518068816,2351750000.0,IXIC_chained,,,,,
2007-05-02,2336.7726675692356,2073150000.0,IXIC_chained,,,,,
2007-05-03,2343.7339749004814,2137140000.0,IXIC_chained,,,,,
2007-05-04,2349.845721819216,2214130000.0,IXIC_chained,,,,,
2007-05-07,2348.74947944176,1652300000.0,IXIC_chained,,,,,
2007-05-08,2349.480382301828,1897750000.0,IXIC_chained,,,,,
2007-05-09,2353.673761016337,2104220000.0,IXIC_chained,,,,,
2007-05-10,2314.7554779269485,2237610000.0,IXIC_chained,,,,,
2007-05-11,2340.7740087514176,1725550000.0,IXIC_chained,,,,,
2007-05-14,2326.3578054201707,1941450000.0,IXIC_chained,,,,,
2007-05-15,2307.0358340634657,2187760000.0,IXIC_chained,,,,,
2007-05-16,2327.2530892286777,2061050000.0,IXIC_chained,,,,,
2007-05-17,2319.9079297444973,1924890000.0,IXIC_chained,,,,,
2007-05-18,2337.329821707232,1996930000.0,IXIC_chained,,,,,
2007-05-21,2355.9119691672463,1974220000.0,IXIC_chained,,,,,
2007-05-22,2364.344227080542,1943950000.0,IXIC_chained,,,,,
2007-05-23,2354.322361946326,2011060000.0,IXIC_chained,,,,,
2007-05-24,2318.5741493504365,2350850000.0,IXIC_chained,,,,,
2007-05-25,2336.178711071865,1559700000.0,IXIC_chained,,,,,
2007-05-29,2349.763643714429,1651000000.0,IXIC_chained,,,,,
2007-05-30,2368.519316071224,1969150000.0,IXIC_chained,,,,,
2007-05-31,2379.418175290119,2286850000.0,IXIC_chained,,,,,
2007-06-01,2388.005668376368,1880030000.0,IXIC_chained,,,,,
2007-06-04,2391.998087608355,1947220000.0,IXIC_chained,,,,,
2007-06-05,2385.5482110191097,2182810000.0,IXIC_chained,,,,,
2007-06-06,2363.5767456863914,2163430000.0,IXIC_chained,,,,,
2007-06-07,2321.735074982022,2716240000.0,IXIC_chained,,,,,
2007-06-08,2351.1157129187445,1908130000.0,IXIC_chained,,,,,
2007-06-11,2349.845721819216,1614980000.0,IXIC_chained,,,,,
2007-06-12,2329.4000744128857,2047210000.0,IXIC_chained,,,,,
2007-06-13,2359.127763056742,2086610000.0,IXIC_chained,,,,,
2007-06-14,2374.7497205424015,1936220000.0,IXIC_chained,,,,,
2007-06-15,2399.690297799669,2420750000.0,IXIC_chained,,,,,
2007-06-18,2399.589929971054,1717120000.0,IXIC_chained,,,,,
2007-06-19,2399.736021195665,1871880000.0,IXIC_chained,,,,,
2007-06-20,2375.252230247779,2793260000.0,IXIC_chained,,,,,
2007-06-21,2390.7829647667377,2562640000.0,IXIC_chained,,,,,
2007-06-22,2365.202931441394,3240350000.0,IXIC_chained,,,,,
2007-06-25,2354.349795618495,2039010000.0,IXIC_chained,,,,,
2007-06-26,2351.6820119186546,2100330000.0,IXIC_chained,,,,,
2007-06-27,2380.176511822356,2020260000.0,IXIC_chained,,,,,
2007-06-28,2382.935518488898,1923410000.0,IXIC_chained,,,,,
2007-06-29,2378.239630069011,2168420000.0,IXIC_chained,,,,,
2007-07-02,2404.7972491329406,1853840000.0,IXIC_chained,,,,,
2007-07-03,2416.353853230167,1089120000.0,IXIC_chained,,,,,
2007-07-05,2427.0426081046267,1694530000.0,IXIC_chained,,,,,
2007-07-06,2436.0505327914657,1597110000.0,IXIC_chained,,,,,
2007-07-09,2439.257181819047,1895200000.0,IXIC_chained,,,,,
2007-07-10,2411.064232138201,2229340000.0,IXIC_chained,,,,,
2007-07-11,2422.6027703368904,2014260000.0,IXIC_chained,,,,,
2007-07-12,2468.2265330170935,2166350000.0,IXIC_chained,,,,,
2007-07-13,2473.0410789894227,1729190000.0,IXIC_chained,,,,,
2007-07-16,2464.2069030246557,1751060000.0,IXIC_chained,,,,,
2007-07-17,2477.873913772007,2158690000.0,IXIC_chained,,,,,
2007-07-18,2466.180139486792,2257380000.0,IXIC_chained,,,,,
2007-07-19,2484.954101567415,2177500000.0,IXIC_chained,,,,,
2007-07-20,2455.3178597155515,2335920000.0,IXIC_chained,,,,,
2007-07-23,2458.040287848011,2034080000.0,IXIC_chained,,,,,
2007-07-24,2411.703911117995,2463270000.0,IXIC_chained,,,,,
2007-07-25,2419.295530568975,2482250000.0,IXIC_chained,,,,,
2007-07-26,2374.685931247869,3392140000.0,IXIC_chained,,,,,
2007-07-27,2340.7922975616725,2705290000.0,IXIC_chained,,,,,
2007-07-30,2360.013901089763,2291710000.0,IXIC_chained,,,,,
2007-07-31,2326.2025702472183,2789130000.0,IXIC_chained,,,,,
2007-08-01,2333.145810766355,2912270000.0,IXIC_chained,,,,,
2007-08-02,2353.34477620774,2456970000.0,IXIC_chained,,,,,
2007-08-03,2294.2092388667115,2504430000.0,IXIC_chained,,,,,
2007-08-06,2327.1710102103175,2815560000.0,IXIC_chained,,,,,
2007-08-07,2340.2077097515075,2704030000.0,IXIC_chained,,,,,
2007-08-08,2387.1469631019436,3542890000.0,IXIC_chained,,,,,
2007-08-09,2335.5392550037895,3593450000.0,IXIC_chained,,,,,
2007-08-10,2324.9417240096036,3202570000.0,IXIC_chained,,,,,
2007-08-13,2322.520845186428,2154750000.0,IXIC_chained,,,,,
2007-08-14,2283.1277098891214,1982860000.0,IXIC_chained,,,,,
2007-08-15,2246.3198334498584,2259870000.0,IXIC_chained,,,,,
2007-08-16,2239.230500792537,3279620000.0,IXIC_chained,,,,,
2007-08-17,2288.526843671616,2580340000.0,IXIC_chained,,,,,
2007-08-20,2291.7792160951944,1656440000.0,IXIC_chained,,,,,
2007-08-21,2303.390688450331,1677080000.0,IXIC_chained,,,,,
2007-08-22,2332.1682259413415,1787060000.0,IXIC_chained,,,,,
2007-08-23,2322.027480342964,1622880000.0,IXIC_chained,,,,,
2007-08-24,2353.993377137729,1624860000.0,IXIC_chained,,,,,
2007-08-27,2339.8878698048243,1314030000.0,IXIC_chained,,,,,
2007-08-28,2284.516135629374,1562800000.0,IXIC_chained,,,,,
2007-08-29,2341.63271311227,1649720000.0,IXIC_chained,,,,,
2007-08-30,2343.5878836758698,1704910000.0,IXIC_chained,,,,,
2007-08-31,2371.9635022018374,1536640000.0,IXIC_chained,,,,,
2007-09-04,2402.915235637506,1863090000.0,IXIC_chained,,,,,
2007-09-05,2380.7245210984383,1921820000.0,IXIC_chained,,,,,
2007-09-06,2388.371230805475,1795220000.0,IXIC_chained,,,,,
2007-09-07,2343.9532231932576,1906520000.0,IXIC_chained,,,,,
2007-09-10,2337.9329221529433,1771430000.0,IXIC_chained,,,,,
2007-09-11,2372.977443562787,1743730000.0,IXIC_chained,,,,,
2007-09-12,2368.044240038015,1888570000.0,IXIC_chained,,,,,
2007-09-13,2376.257249658534,1666510000.0,IXIC_chained,,,,,
2007-09-14,2377.280334967825,1586580000.0,IXIC_chained,,,,,
2007-09-17,2358.5338065593714,1407780000.0,IXIC_chained,,,,,
2007-09-18,2422.4838898727294,2083620000.0,IXIC_chained,,,,,
2007-09-19,2436.023098205724,2183810000.0,IXIC_chained,,,,,
2007-09-20,2424.8867018837964,1751460000.0,IXIC_chained,,,,,
2007-09-21,2440.3534241965035,2268300000.0,IXIC_chained,,,,,
2007-09-24,2437.366023461698,1848950000.0,IXIC_chained,,,,,
2007-09-25,2451.5263990525136,1910890000.0,IXIC_chained,,,,,
2007-09-26,2465.7599317114937,1984010000.0,IXIC_chained,,,,,
2007-09-27,2475.4073124664073,1745070000.0,IXIC_chained,,,,,
2007-09-28,2468.0164295862305,1929890000.0,IXIC_chained,,,,,
2007-10-01,2504.0934031654256,1914080000.0,IXIC_chained,,,,,
2007-10-02,2509.684574480247,1740460000.0,IXIC_chained,,,,,
2007-10-03,2493.5324507053224,1851090000.0,IXIC_chained,,,,,
2007-10-04,2497.3147655928738,1695520000.0,IXIC_chained,,,,,
2007-10-05,2540.0242855200095,2012860000.0,IXIC_chained,,,,,
2007-10-08,2546.4650172473416,1496610000.0,IXIC_chained,,,,,
2007-10-09,2561.5753210792823,1865120000.0,IXIC_chained,,,,,
2007-10-10,2568.6100083904125,1916630000.0,IXIC_chained,,,,,
2007-10-11,2532.6059689676636,2508690000.0,IXIC_chained,,,,,
2007-10-12,2563.192362885944,1957790000.0,IXIC_chained,,,,,
2007-10-15,2539.7776035550637,1967120000.0,IXIC_chained,,,,,
2007-10-16,2525.0324163287924,2038520000.0,IXIC_chained,,,,,
2007-10-17,2551.306773980121,2400080000.0,IXIC_chained,,,,,
2007-10-18,2557.373021328151,1973010000.0,IXIC_chained,,,,,
2007-10-19,2489.6314773517547,2371650000.0,IXIC_chained,,,,,
2007-10-22,2515.9149798649973,1958710000.0,IXIC_chained,,,,,
2007-10-23,2557.3272979321546,2335770000.0,IXIC_chained,,,,,
2007-10-24,2534.944768772479,2739680000.0,IXIC_chained,,,,,
2007-10-25,2513.1104718006054,2753360000.0,IXIC_chained,,,,,
2007-10-26,2561.8311479061417,2583680000.0,IXIC_chained,,,,,
2007-10-29,2573.935985104742,2014730000.0,IXIC_chained,,,,,
2007-10-30,2573.2690953644974,2121930000.0,IXIC_chained,,,,,
2007-10-31,2612.013852643533,2534530000.0,IXIC_chained,,,,,
2007-11-01,2553.2802333539757,2528410000.0,IXIC_chained,,,,,
2007-11-02,2567.4861094290686,2426050000.0,IXIC_chained,,,,,
2007-11-05,2553.59985038894,2092590000.0,IXIC_chained,,,,,
2007-11-06,2581.007028951808,2482160000.0,IXIC_chained,,,,,
2007-11-07,2511.1918806846606,2491180000.0,IXIC_chained,,,,,
2007-11-08,2462.9917801830384,3461810000.0,IXIC_chained,,,,,
2007-11-09,2400.8139738492946,2955790000.0,IXIC_chained,,,,,
2007-11-12,2360.7903044341083,2820740000.0,IXIC_chained,,,,,
2007-11-13,2442.573342623585,2662780000.0,IXIC_chained,,,,,
2007-11-14,2415.7784093683426,2420260000.0,IXIC_chained,,,,,
2007-11-15,2392.1990470908772,2289480000.0,IXIC_chained,,,,,
2007-11-16,2409.310243968842,2515680000.0,IXIC_chained,,,,,
2007-11-19,2369.2408511576596,2188010000.0,IXIC_chained,,,,,
2007-11-20,2372.374566028794,2607370000.0,IXIC_chained,,,,,
2007-11-21,2340.7099956315933,2034730000.0,IXIC_chained,,,,,
2007-11-23,2372.1827514081865,804330000.0,IXIC_chained,,,,,
2007-11-26,2321.378879412975,2019400000.0,IXIC_chained,,,,,
2007-11-27,2357.7482592666843,2166930000.0,IXIC_chained,,,,,
2007-11-28,2432.7615818338045,2518580000.0,IXIC_chained,,,,,
2007-11-29,2437.5304044101376,2157170000.0,IXIC_chained,,,,,
2007-11-30,2430.9801599922766,2571340000.0,IXIC_chained,,,,,
2007-12-03,2409.209653228508,1994710000.0,IXIC_chained,,,,,
2007-12-04,2393.4050250705814,2044740000.0,IXIC_chained,,,,,
2007-12-05,2435.913585515195,2258840000.0,IXIC_chained,,,,,
2007-12-06,2474.895657899116,1970680000.0,IXIC_chained,,,,,
2007-12-07,2472.2735975952723,1855070000.0,IXIC_chained,,,,,
2007-12-10,2483.9582270185733,1776540000.0,IXIC_chained,,,,,
2007-12-11,2423.114424904182,2195200000.0,IXIC_chained,,,,,
2007-12-12,2440.280267128338,2311900000.0,IXIC_chained,,,,,
2007-12-13,2437.859388305162,2143760000.0,IXIC_chained,,,,,
2007-12-14,2407.9398850406988,1902390000.0,IXIC_chained,,,,,
2007-12-17,2351.9561284693414,1873110000.0,IXIC_chained,,,,,
2007-12-18,2371.661951978981,1982590000.0,IXIC_chained,,,,,
2007-12-19,2376.2115262625375,1835920000.0,IXIC_chained,,,,,
2007-12-20,2412.6174837367575,1960470000.0,IXIC_chained,,,,,
2007-12-21,2459.328344846075,2508800000.0,IXIC_chained,,,,,
2007-12-24,2478.979301011377,778620000.0,IXIC_chained,,,,,
2007-12-26,2488.946297887683,1241830000.0,IXIC_chained,,,,,
2007-12-27,2445.4420858059475,2324820000.0,IXIC_chained,,,,,
2007-12-28,2443.313390345567,1338850000.0,IXIC_chained,,,,,
2007-12-31,2423.050411784358,1454550000.0,IXIC_chained,,,,,
2008-01-02,2384.0864062125456,2076690000.0,IXIC_chained,,,,,
2008-01-03,2377.737121277206,1970200000.0,IXIC_chained,,,,,
2008-01-04,2288.179570052764,2516310000.0,IXIC_chained,,,,,
2008-01-07,2283.4381820621725,2600100000.0,IXIC_chained,,,,,
2008-01-08,2229.5831209511957,2566480000.0,IXIC_chained,,,,,
2008-01-09,2260.681168523195,2821160000.0,IXIC_chained,,,,,
2008-01-10,2273.443751513698,2640400000.0,IXIC_chained,,,,,
2008-01-11,2229.0623215219907,2355490000.0,IXIC_chained,,,,,
2008-01-14,2264.1070658435533,2134230000.0,IXIC_chained,,,,,
2008-01-15,2208.644107787829,2390120000.0,IXIC_chained,,,,,
2008-01-16,2187.631937556297,3397330000.0,IXIC_chained,,,,,
2008-01-17,2144.0634894430186,2785930000.0,IXIC_chained,,,,,
2008-01-18,2137.778217627503,2991360000.0,IXIC_chained,,,,,
2008-01-22,2094.155125081605,3161430000.0,IXIC_chained,,,,,
2008-01-23,2116.2086694326836,3650250000.0,IXIC_chained,,,,,
2008-01-24,2156.871795829518,2928900000.0,IXIC_chained,,,,,
2008-01-25,2125.152580999698,2599410000.0,IXIC_chained,,,,,
2008-01-28,2146.813352161219,2033860000.0,IXIC_chained,,,,,
2008-01-29,2154.2591032993064,2160040000.0,IXIC_chained,,,,,
2008-01-30,2145.982081472536,2618850000.0,IXIC_chained,,,,,
2008-01-31,2183.310756427432,2813420000.0,IXIC_chained,,,,,
2008-02-01,2204.7797129683445,3060180000.0,IXIC_chained,,,,,
2008-02-04,2176.9066041477545,2050940000.0,IXIC_chained,,,,,
2008-02-05,2109.959975237678,2501820000.0,IXIC_chained,,,,,
2008-02-06,2081.803605004487,2362020000.0,IXIC_chained,,,,,
2008-02-07,2094.8494484940184,2946360000.0,IXIC_chained,,,,,
2008-02-08,2105.647939884299,2229330000.0,IXIC_chained,,,,,
2008-02-11,2119.5433437863403,2072270000.0,IXIC_chained,,,,,
2008-02-12,2119.525054062513,2183530000.0,IXIC_chained,,,,,
2008-02-13,2168.7573847353406,2174670000.0,IXIC_chained,,,,,
2008-02-14,2130.9447117970412,2267580000.0,IXIC_chained,,,,,
2008-02-15,2121.1329510072605,1999540000.0,IXIC_chained,,,,,
2008-02-19,2106.881128624453,1988690000.0,IXIC_chained,,,,,
2008-02-20,2125.9749306517588,2258180000.0,IXIC_chained,,,,,
2008-02-21,2101.0160636706632,2277540000.0,IXIC_chained,,,,,
2008-02-22,2104.2775809561554,2324450000.0,IXIC_chained,,,,,
2008-02-25,2126.3219804453197,2152880000.0,IXIC_chained,,,,,
2008-02-26,2142.318646135573,2263650000.0,IXIC_chained,,,,,
2008-02-27,2150.348985083825,2216540000.0,IXIC_chained,,,,,
2008-02-28,2130.058572850448,2032040000.0,IXIC_chained,,,,,
2008-02-29,2075.161913794633,2405360000.0,IXIC_chained,,,,,
2008-03-03,2063.3952062665444,2145070000.0,IXIC_chained,,,,,
2008-03-04,2064.9299452295545,2669980000.0,IXIC_chained,,,,,
2008-03-05,2076.377037549824,2209090000.0,IXIC_chained,,,,,
2008-03-06,2028.587999961586,2165090000.0,IXIC_chained,,,,,
2008-03-07,2021.2702741495743,2386980000.0,IXIC_chained,,,,,
2008-03-10,1981.8497051800996,2101010000.0,IXIC_chained,,,,,
2008-03-11,2060.8005796348693,2526040000.0,IXIC_chained,,,,,
2008-03-12,2049.9382989500564,2077140000.0,IXIC_chained,,,,,
2008-03-13,2067.972213308697,2419220000.0,IXIC_chained,,,,,
2008-03-14,2021.2702741495743,2547310000.0,IXIC_chained,,,,,
2008-03-17,1988.8567359073415,2338210000.0,IXIC_chained,,,,,
2008-03-18,2072.220237369397,2411630000.0,IXIC_chained,,,,,
2008-03-19,2018.9589089304998,2265420000.0,IXIC_chained,,,,,
2008-03-20,2062.9475639055045,2764480000.0,IXIC_chained,,,,,
2008-03-24,2125.6550907050755,2312600000.0,IXIC_chained,,,,,
2008-03-25,2138.719223918434,2099060000.0,IXIC_chained,,,,,
2008-03-26,2123.4717498985037,1915210000.0,IXIC_chained,,,,,
2008-03-27,2083.703907310177,2038770000.0,IXIC_chained,,,,,
2008-03-28,2065.7520719698964,1785770000.0,IXIC_chained,,,,,
2008-03-31,2082.1234449511708,1788360000.0,IXIC_chained,,,,,
2008-04-01,2158.543704980517,2160120000.0,IXIC_chained,,,,,
2008-04-02,2157.310292415071,1996680000.0,IXIC_chained,,,,,
2008-04-03,2159.046214685894,1993480000.0,IXIC_chained,,,,,
2008-04-04,2166.062389361478,1977560000.0,IXIC_chained,,,,,
2008-04-07,2160.4440072862067,1730020000.0,IXIC_chained,,,,,
2008-04-08,2145.762833179759,1635290000.0,IXIC_chained,,,,,
2008-04-09,2121.4253563682028,1922050000.0,IXIC_chained,,,,,
2008-04-10,2148.4486827781357,2159000000.0,IXIC_chained,,,,,
2008-04-11,2092.3005452583393,1902540000.0,IXIC_chained,,,,,
2008-04-14,2079.126899354452,1626710000.0,IXIC_chained,,,,,
2008-04-15,2088.4635850245963,1884750000.0,IXIC_chained,,,,,
2008-04-16,2146.996244831632,2128770000.0,IXIC_chained,,,,,
2008-04-17,2139.431837054675,1779300000.0,IXIC_chained,,,,,
2008-04-18,2195.2875692135285,2190920000.0,IXIC_chained,,,,,
2008-04-21,2199.9194445135913,1601280000.0,IXIC_chained,,,,,
2008-04-22,2171.5072465399685,1941680000.0,IXIC_chained,,,,,
2008-04-23,2197.33396274383,2181580000.0,IXIC_chained,,,,,
2008-04-24,2218.994733905351,2337160000.0,IXIC_chained,,,,,
2008-04-25,2213.5224430546914,1956260000.0,IXIC_chained,,,,,
2008-04-28,2214.8653673970935,1724680000.0,IXIC_chained,,,,,
2008-04-29,2216.418619909222,1769030000.0,IXIC_chained,,,,,
2008-04-30,2204.268059314626,2127390000.0,IXIC_chained,,,,,
2008-05-01,2266.3086954603805,2344770000.0,IXIC_chained,,,,,
2008-05-02,2262.9102318121904,2279510000.0,IXIC_chained,,,,,
2008-05-05,2251.152668232443,2085110000.0,IXIC_chained,,,,,
2008-05-06,2268.684073799279,2097260000.0,IXIC_chained,,,,,
2008-05-07,2227.7376859898436,2238810000.0,IXIC_chained,,,,,
2008-05-08,2239.3857368790623,2031770000.0,IXIC_chained,,,,,
2008-05-09,2234.160128906921,1711510000.0,IXIC_chained,,,,,
2008-05-12,2273.4163169279564,1769330000.0,IXIC_chained,,,,,
2008-05-13,2279.4734194140724,1895250000.0,IXIC_chained,,,,,
2008-05-14,2280.9167124986625,2129270000.0,IXIC_chained,,,,,
2008-05-15,2314.746333065035,2176320000.0,IXIC_chained,,,,,
2008-05-16,2310.2882064870437,2286090000.0,IXIC_chained,,,,,
2008-05-19,2298.631010735911,2269590000.0,IXIC_chained,,,,,
2008-05-20,2276.8605039721424,1991010000.0,IXIC_chained,,,,,
2008-05-21,2236.672453608517,2166450000.0,IXIC_chained,,,,,
2008-05-22,2251.5728760077413,1932080000.0,IXIC_chained,,,,,
2008-05-23,2233.3835026508564,1734070000.0,IXIC_chained,,,,,
2008-05-27,2266.7929154419303,1742710000.0,IXIC_chained,,,,,
2008-05-28,2271.7809863110397,1792750000.0,IXIC_chained,,,,,
2008-05-29,2291.5325332166763,1956100000.0,IXIC_chained,,,,,
2008-05-30,2304.6330220523987,2153350000.0,IXIC_chained,,,,,
2008-06-02,2276.193613318326,1972760000.0,IXIC_chained,,,,,
2008-06-03,2266.0985911159446,2148040000.0,IXIC_chained,,,,,
2008-06-04,2286.8000671762793,2153510000.0,IXIC_chained,,,,,
2008-06-05,2329.5553095858386,2254760000.0,IXIC_chained,,,,,
2008-06-06,2260.6903133851088,2192240000.0,IXIC_chained,,,,,
2008-06-09,2246.895277311682,2084630000.0,IXIC_chained,,,,,
2008-06-10,2237.2844750908507,2081430000.0,IXIC_chained,,,,,
2008-06-11,2187.101994178751,2065810000.0,IXIC_chained,,,,,
2008-06-12,2196.548415451143,2276640000.0,IXIC_chained,,,,,
2008-06-13,2242.3639927519534,2106050000.0,IXIC_chained,,,,,
2008-06-16,2260.891271954058,1871720000.0,IXIC_chained,,,,,
2008-06-17,2245.314814039103,1798050000.0,IXIC_chained,,,,,
2008-06-18,2219.716491903505,2030700000.0,IXIC_chained,,,,,
2008-06-19,2249.2706556505805,2294540000.0,IXIC_chained,,,,,
2008-06-20,2198.1380226720635,2570320000.0,IXIC_chained,,,,,
2008-06-23,2179.5467303501346,1916230000.0,IXIC_chained,,,,,
2008-06-24,2163.5957880558776,2195920000.0,IXIC_chained,,,,,
2008-06-25,2193.7253956647774,2153970000.0,IXIC_chained,,,,,
2008-06-26,2120.7401769041307,2300840000.0,IXIC_chained,,,,,
2008-06-27,2115.496056296443,3403540000.0,IXIC_chained,,,,,
2008-06-30,2094.803725098022,2096400000.0,IXIC_chained,,,,,
2008-07-01,2105.7574525748278,2653890000.0,IXIC_chained,,,,,
2008-07-02,2056.8721726091335,2376300000.0,IXIC_chained,,,,,
2008-07-03,2051.3175798283946,1423670000.0,IXIC_chained,,,,,
2008-07-07,2049.4357892446787,2363990000.0,IXIC_chained,,,,,
2008-07-08,2096.1375054920827,2462380000.0,IXIC_chained,,,,,
2008-07-09,2041.7342121933045,2285560000.0,IXIC_chained,,,,,
2008-07-10,2062.710026802473,2300880000.0,IXIC_chained,,,,,
2008-07-11,2045.5622504768528,2340180000.0,IXIC_chained,,,,,
2008-07-14,2021.6175477684264,1997990000.0,IXIC_chained,,,,,
2008-07-15,2024.2119514883827,2798410000.0,IXIC_chained,,,,,
2008-07-16,2087.3764875090533,2425020000.0,IXIC_chained,,,,,
2008-07-17,2112.4540111290194,2570670000.0,IXIC_chained,,,,,
2008-07-18,2085.485329151705,2225800000.0,IXIC_chained,,,,,
2008-07-21,2082.5162181407277,1859410000.0,IXIC_chained,,,,,
2008-07-22,2104.8347350941517,2510310000.0,IXIC_chained,,,,,
2008-07-23,2124.860175638756,2730180000.0,IXIC_chained,,,,,
2008-07-24,2083.046161518274,2499920000.0,IXIC_chained,,,,,
2008-07-25,2110.8369693223576,2045130000.0,IXIC_chained,,,,,
2008-07-28,2068.529368360266,1931230000.0,IXIC_chained,,,,,
2008-07-29,2119.141424821297,2274090000.0,IXIC_chained,,,,,
2008-07-30,2128.3683748891935,2280940000.0,IXIC_chained,,,,,
2008-07-31,2124.558848327619,2316510000.0,IXIC_chained,,,,,
2008-08-01,2111.2297434254874,2312140000.0,IXIC_chained,,,,,
2008-08-04,2088.0250884390425,2010200000.0,IXIC_chained,,,,,
2008-08-05,2146.7404180047724,2324730000.0,IXIC_chained,,,,,
2008-08-06,2172.8138161735797,2228710000.0,IXIC_chained,,,,,
2008-08-07,2152.1304069253533,2189120000.0,IXIC_chained,,,,,
2008-08-08,2205.4557484840752,2189630000.0,IXIC_chained,,,,,
2008-08-11,2229.0714663839044,2272240000.0,IXIC_chained,,,,,
2008-08-12,2220.5388406419934,2052610000.0,IXIC_chained,,,,,
2008-08-13,2218.7208402663828,1995490000.0,IXIC_chained,,,,,
2008-08-14,2241.605656219717,1835830000.0,IXIC_chained,,,,,
2008-08-15,2240.5551372382565,1742180000.0,IXIC_chained,,,,,
2008-08-18,2208.0867298245416,1632610000.0,IXIC_chained,,,,,
2008-08-19,2178.2861070242393,1716280000.0,IXIC_chained,,,,,
2008-08-20,2182.5981432911913,1746470000.0,IXIC_chained,,,,,
2008-08-21,2174.6498833612986,1562430000.0,IXIC_chained,,,,,
2008-08-22,2206.012902622071,1365910000.0,IXIC_chained,,,,,
2008-08-25,2161.138331612192,2366920000.0,IXIC_chained,,,,,
2008-08-26,2157.831091844276,1256980000.0,IXIC_chained,,,,,
2008-08-27,2176.5501856669885,1540700000.0,IXIC_chained,,,,,
2008-08-28,2203.208172559533,1582680000.0,IXIC_chained,,,,,
2008-08-29,2162.901464643465,1559030000.0,IXIC_chained,,,,,
2008-09-02,2146.2013297653125,2010580000.0,IXIC_chained,,,,,
2008-09-03,2132.031809312584,2062140000.0,IXIC_chained,,,,,
2008-09-04,2063.7971243180154,2332320000.0,IXIC_chained,,,,,
2008-09-05,2060.910092325398,2261030000.0,IXIC_chained,,,,,
2008-09-08,2073.5905962975407,2566300000.0,IXIC_chained,,,,,
2008-09-09,2018.8219625678018,2590590000.0,IXIC_chained,,,,,
2008-09-10,2036.079250670378,2250360000.0,IXIC_chained,,,,,
2008-09-11,2063.047932647692,2269670000.0,IXIC_chained,,,,,
2008-09-12,2065.834373899975,1973590000.0,IXIC_chained,,,,,
2008-09-15,1991.5060069716358,2697820000.0,IXIC_chained,,,,,
2008-09-16,2017.0768954350651,3187630000.0,IXIC_chained,,,,,
2008-09-17,1917.4519804192744,3102010000.0,IXIC_chained,,,,,
2008-09-18,2009.0376354501902,3867290000.0,IXIC_chained,,,,,
2008-09-19,2077.372688273374,3898230000.0,IXIC_chained,,,,,
2008-09-22,1990.6564465591248,1881160000.0,IXIC_chained,,,,,
2008-09-23,1967.2233984179895,1974180000.0,IXIC_chained,,,,,
2008-09-24,1969.3701606904785,1818170000.0,IXIC_chained,,,,,
2008-09-25,1997.590543129921,1846330000.0,IXIC_chained,,,,,
2008-09-26,1994.639721842771,1949200000.0,IXIC_chained,,,,,
2008-09-29,1812.2813927457948,2808100000.0,IXIC_chained,,,,,
2008-09-30,1911.0841828483885,2376240000.0,IXIC_chained,,,,,
2008-10-01,1890.5470877364928,1899330000.0,IXIC_chained,,,,,
2008-10-02,1805.8772404661174,2173750000.0,IXIC_chained,,,,,
2008-10-03,1779.082195755016,2501480000.0,IXIC_chained,,,,,
2008-10-06,1701.9492102199974,3502250000.0,IXIC_chained,,,,,
2008-10-07,1603.210321781368,2825810000.0,IXIC_chained,,,,,
2008-10-08,1589.9177954133193,3516070000.0,IXIC_chained,,,,,
2008-10-09,1502.936582010297,2622310000.0,IXIC_chained,,,,,
2008-10-10,1506.9471795102525,4164090000.0,IXIC_chained,,,,,
2008-10-13,1684.8563021522878,2665690000.0,IXIC_chained,,,,,
2008-10-14,1625.2548336399645,2912850000.0,IXIC_chained,,,,,
2008-10-15,1487.5976621119466,2540180000.0,IXIC_chained,,,,,
2008-10-16,1569.25278734478,3331040000.0,IXIC_chained,,,,,
2008-10-17,1563.3877223909903,2711030000.0,IXIC_chained,,,,,
2008-10-20,1617.050968881359,2021750000.0,IXIC_chained,,,,,
2008-10-21,1550.040440134463,2099810000.0,IXIC_chained,,,,,
2008-10-22,1476.1049587651125,2560810000.0,IXIC_chained,,,,,
2008-10-23,1465.2882900204365,3104700000.0,IXIC_chained,,,,,
2008-10-24,1417.8921379911878,2691940000.0,IXIC_chained,,,,,
2008-10-27,1375.7490285198216,2224430000.0,IXIC_chained,,,,,
2008-10-28,1506.91060097617,2777540000.0,IXIC_chained,,,,,
2008-10-29,1513.9816439096637,2748720000.0,IXIC_chained,,,,,
2008-10-30,1551.7213826915167,2504420000.0,IXIC_chained,,,,,
2008-10-31,1572.2127534938434,2437120000.0,IXIC_chained,,,,,
2008-11-03,1577.1277787506474,1770880000.0,IXIC_chained,,,,,
2008-11-04,1626.2688855432013,2306350000.0,IXIC_chained,,,,,
2008-11-05,1536.3002723189468,2092410000.0,IXIC_chained,,,,,
2008-11-06,1469.6642270377804,2367880000.0,IXIC_chained,,,,,
2008-11-07,1505.0195540746809,1886230000.0,IXIC_chained,,,,,
2008-11-10,1477.009386521961,1674900000.0,IXIC_chained,,,,,
2008-11-11,1444.266974926991,1909080000.0,IXIC_chained,,,,,
2008-11-12,1369.6371701452274,2120870000.0,IXIC_chained,,,,,
2008-11-13,1458.7013556126335,3009550000.0,IXIC_chained,,,,,
2008-11-14,1385.7526048437828,2243750000.0,IXIC_chained,,,,,
2008-11-17,1353.9603444016575,1831540000.0,IXIC_chained,,,,,
2008-11-18,1355.0748765029414,2349230000.0,IXIC_chained,,,,,
2008-11-19,1266.59539030156,2372880000.0,IXIC_chained,,,,,
2008-11-20,1202.3711904375152,3147650000.0,IXIC_chained,,,,,
2008-11-21,1264.704232857784,3071280000.0,IXIC_chained,,,,,
2008-11-24,1344.7971845418663,2553620000.0,IXIC_chained,,,,,
2008-11-25,1338.1372036081846,2457510000.0,IXIC_chained,,,,,
2008-11-26,1399.6845872799072,1980020000.0,IXIC_chained,,,,,
2008-11-28,1402.8546568598338,787580000.0,IXIC_chained,,,,,
2008-12-01,1277.2384217800238,1904470000.0,IXIC_chained,,,,,
2008-12-02,1324.4976274465746,2056730000.0,IXIC_chained,,,,,
2008-12-03,1363.3975093562765,2240150000.0,IXIC_chained,,,,,
2008-12-04,1320.6240886787489,2020110000.0,IXIC_chained,,,,,
2008-12-05,1378.8643431248427,2177720000.0,IXIC_chained,,,,,
2008-12-08,1435.8986186776597,2290810000.0,IXIC_chained,,,,,
2008-12-09,1413.6074248541179,2246470000.0,IXIC_chained,,,,,
2008-12-10,1430.1796449484818,1955600000.0,IXIC_chained,,,,,
2008-12-11,1377.5578849470912,2018190000.0,IXIC_chained,,,,,
2008-12-12,1407.5595786857746,1869900000.0,IXIC_chained,,,,,
2008-12-15,1377.9780927223896,1677890000.0,IXIC_chained,,,,,
2008-12-16,1452.47998454751,2180960000.0,IXIC_chained,,,,,
2008-12-17,1442.8144264382004,2111370000.0,IXIC_chained,,,,,
2008-12-18,1418.2027216200977,2092320000.0,IXIC_chained,,,,,
2008-12-19,1429.1198696492486,2651440000.0,IXIC_chained,,,,,
2008-12-22,1399.9129804345978,1629320000.0,IXIC_chained,,,,,
2008-12-23,1390.0373179808528,1331050000.0,IXIC_chained,,,,,
2008-12-24,1393.1069082763047,490990000.0,IXIC_chained,,,,,
2008-12-26,1397.985354999026,592760000.0,IXIC_chained,,,,,
2008-12-29,1379.7869482360868,1186240000.0,IXIC_chained,,,,,
2008-12-30,1416.6770151495698,1374180000.0,IXIC_chained,,,,,
2008-12-31,1440.7314534602442,1521220000.0,IXIC_chained,,,,,
2009-01-02,1491.1423284406073,1438410000.0,IXIC_chained,,,,,
2009-01-05,1487.3236570171189,1816580000.0,IXIC_chained,,,,,
2009-01-06,1509.569128358237,2137640000.0,IXIC_chained,,,,,
2009-01-07,1460.8574856587552,2020170000.0,IXIC_chained,,,,,
2009-01-08,1477.2560694004794,1968160000.0,IXIC_chained,,,,,
2009-01-09,1435.7615608591025,1907390000.0,IXIC_chained,,,,,
2009-01-12,1405.7964456545017,1763590000.0,IXIC_chained,,,,,
2009-01-13,1412.8034763817438,1965570000.0,IXIC_chained,,,,,
2009-01-14,1360.8943295165939,1919980000.0,IXIC_chained,,,,,
2009-01-15,1381.1755968880577,2507870000.0,IXIC_chained,,,,,
2009-01-16,1397.1539728544835,2235070000.0,IXIC_chained,,,,,
2009-01-20,1316.3302297661928,1989610000.0,IXIC_chained,,,,,
2009-01-21,1376.8178372251093,2120080000.0,IXIC_chained,,,,,
2009-01-22,1338.83152793417,2286190000.0,IXIC_chained,,,,,
2009-01-23,1349.611729600623,2210840000.0,IXIC_chained,,,,,
2009-01-26,1360.7298371122954,1815400000.0,IXIC_chained,,,,,
2009-01-27,1374.8354559010595,1784110000.0,IXIC_chained,,,,,
2009-01-28,1423.6567236605024,2122250000.0,IXIC_chained,,,,,
2009-01-29,1377.5213064130087,1932100000.0,IXIC_chained,,,,,
2009-01-30,1348.8169259901629,2054590000.0,IXIC_chained,,,,,
2009-02-02,1365.2703779897972,1987080000.0,IXIC_chained,,,,,
2009-02-03,1385.250206594265,2049840000.0,IXIC_chained,,,,,
2009-02-04,1384.108240820812,2197050000.0,IXIC_chained,,,,,
2009-02-05,1412.602516899222,2511750000.0,IXIC_chained,,,,,
2009-02-06,1454.142637380736,2389530000.0,IXIC_chained,,,,,
2009-02-09,1454.005691018038,1906940000.0,IXIC_chained,,,,,
2009-02-10,1392.95156073392,2443370000.0,IXIC_chained,,,,,
2009-02-11,1398.2228930156305,2236450000.0,IXIC_chained,,,,,
2009-02-12,1408.4640064426233,2428250000.0,IXIC_chained,,,,,
2009-02-13,1401.7492696204636,1990190000.0,IXIC_chained,,,,,
2009-02-17,1343.5547385703662,2335370000.0,IXIC_chained,,,,,
2009-02-18,1341.0971706708208,2029710000.0,IXIC_chained,,,,,
2009-02-19,1318.1207964696346,1991000000.0,IXIC_chained,,,,,
2009-02-20,1316.6682470672715,2526040000.0,IXIC_chained,,,,,
2009-02-23,1267.78296801515,1977740000.0,IXIC_chained,,,,,
2009-02-24,1317.216368712786,2339660000.0,IXIC_chained,,,,,
2009-02-25,1302.2338672952017,2345380000.0,IXIC_chained,,,,,
2009-02-26,1271.2088653355083,2301990000.0,IXIC_chained,,,,,
2009-02-27,1258.7568659739156,2393280000.0,IXIC_chained,,,,,
2009-03-02,1208.5195168039054,2033110000.0,IXIC_chained,,,,,
2009-03-03,1206.8385742468517,2338880000.0,IXIC_chained,,,,,
2009-03-04,1236.7397877874882,2305180000.0,IXIC_chained,,,,,
2009-03-05,1187.269808555769,2325840000.0,IXIC_chained,,,,,
2009-03-06,1182.0259108598,2443820000.0,IXIC_chained,,,,,
2009-03-09,1158.9947807701358,2037130000.0,IXIC_chained,,,,,
2009-03-10,1240.887443106001,2359730000.0,IXIC_chained,,,,,
2009-03-11,1253.092760502648,2169050000.0,IXIC_chained,,,,,
2009-03-12,1302.8458896911084,2392770000.0,IXIC_chained,,,,,
2009-03-13,1307.7792037581673,2022170000.0,IXIC_chained,,,,,
2009-03-16,1282.6742464660326,2099460000.0,IXIC_chained,,,,,
2009-03-17,1335.7436479148907,2073230000.0,IXIC_chained,,,,,
2009-03-18,1362.337734057043,2764950000.0,IXIC_chained,,,,,
2009-03-19,1355.266690209977,2323510000.0,IXIC_chained,,,,,
2009-03-20,1331.3219884151229,2394470000.0,IXIC_chained,,,,,
2009-03-23,1421.308891363205,2172590000.0,IXIC_chained,,,,,
2009-03-24,1385.4511660767864,2009530000.0,IXIC_chained,,,,,
2009-03-25,1396.8068106914907,2431180000.0,IXIC_chained,,,,,
2009-03-26,1449.8397459756977,2535050000.0,IXIC_chained,,,,,
2009-03-27,1411.6523657463774,2071670000.0,IXIC_chained,,,,,
2009-03-30,1372.0034036222119,2020200000.0,IXIC_chained,,,,,
2009-03-31,1396.4779382523257,2157410000.0,IXIC_chained,,,,,
2009-04-01,1417.499253345771,2256580000.0,IXIC_chained,,,,,
2009-04-02,1464.118890574815,2833600000.0,IXIC_chained,,,,,
2009-04-03,1481.6960186240744,2113380000.0,IXIC_chained,,,,,
2009-04-06,1467.8462266621698,1998090000.0,IXIC_chained,,,,,
2009-04-07,1426.6441234817348,1854700000.0,IXIC_chained,,,,,
2009-04-08,1453.1834528218367,1837900000.0,IXIC_chained,,,,,
2009-04-09,1509.715331038708,2165450000.0,IXIC_chained,,,,,
2009-04-13,1510.4188002266073,1824530000.0,IXIC_chained,,,,,
2009-04-14,1485.2132512805665,2253650000.0,IXIC_chained,,,,,
2009-04-15,1486.199980967494,2042600000.0,IXIC_chained,,,,,
2009-04-16,1526.068191384436,2390620000.0,IXIC_chained,,,,,
2009-04-17,1528.4708919396437,2418440000.0,IXIC_chained,,,,,
2009-04-20,1469.2165855903131,3061850000.0,IXIC_chained,,,,,
2009-04-21,1501.776327426589,2422990000.0,IXIC_chained,,,,,
2009-04-22,1503.850154629059,2657480000.0,IXIC_chained,,,,,
2009-04-23,1509.4137808158523,2463500000.0,IXIC_chained,,,,,
2009-04-24,1547.856987872032,2547150000.0,IXIC_chained,,,,,
2009-04-27,1534.2630227369868,2203700000.0,IXIC_chained,,,,,
2009-04-28,1529.1470389112335,2080410000.0,IXIC_chained,,,,,
2009-04-29,1563.9814550630695,2385720000.0,IXIC_chained,,,,,
2009-04-30,1568.8783029654778,2871300000.0,IXIC_chained,,,,,
2009-05-01,1570.6140014110094,2165930000.0,IXIC_chained,,,,,
2009-05-04,1611.1401814451458,2524800000.0,IXIC_chained,,,,,
2009-05-05,1602.5159974553828,2538290000.0,IXIC_chained,,,,,
2009-05-06,1607.0655717389388,2966510000.0,IXIC_chained,,,,,
2009-05-07,1567.9098620888053,3299360000.0,IXIC_chained,,,,,
2009-05-08,1588.7027840275605,3206310000.0,IXIC_chained,,,,,
2009-05-11,1581.613451370239,2543450000.0,IXIC_chained,,,,,
2009-05-12,1567.617568183723,2475150000.0,IXIC_chained,,,,,
2009-05-13,1520.3583625171718,2356410000.0,IXIC_chained,,,,,
2009-05-14,1543.2159677100556,2162620000.0,IXIC_chained,,,,,
2009-05-15,1534.9299133908034,2057500000.0,IXIC_chained,,,,,
2009-05-18,1582.6366481353898,2023250000.0,IXIC_chained,,,,,
2009-05-19,1584.6282857772128,2076390000.0,IXIC_chained,,,,,
2009-05-20,1578.5072825407046,2261780000.0,IXIC_chained,,,,,
2009-05-21,1548.733981956712,2206610000.0,IXIC_chained,,,,,
2009-05-22,1545.7740158076483,1619520000.0,IXIC_chained,,,,,
2009-05-26,1599.1449683929345,2095650000.0,IXIC_chained,,,,,
2009-05-27,1581.4672486897682,2118100000.0,IXIC_chained,,,,,
2009-05-28,1600.387413450862,2189090000.0,IXIC_chained,,,,,
2009-05-29,1620.9792644512356,2465310000.0,IXIC_chained,,,,,
2009-06-01,1670.6320258110807,2600340000.0,IXIC_chained,,,,,
2009-06-02,1678.0502309075673,2611690000.0,IXIC_chained,,,,,
2009-06-03,1668.110556247571,2246950000.0,IXIC_chained,,,,,
2009-06-04,1690.1276344339983,2468840000.0,IXIC_chained,,,,,
2009-06-05,1689.579512788484,2310590000.0,IXIC_chained,,,,,
2009-06-08,1683.1662147333204,1972980000.0,IXIC_chained,,,,,
2009-06-09,1699.3638399060956,2140370000.0,IXIC_chained,,,,,
2009-06-10,1692.9231081787634,2347870000.0,IXIC_chained,,,,,
2009-06-11,1701.4102334363968,2463860000.0,IXIC_chained,,,,,
2009-06-12,1698.1488285203368,2013560000.0,IXIC_chained,,,,,
2009-06-15,1659.395037835247,2154700000.0,IXIC_chained,,,,,
2009-06-16,1640.9409157013076,2227700000.0,IXIC_chained,,,,,
2009-06-17,1651.7941629800664,2523180000.0,IXIC_chained,,,,,
2009-06-18,1651.4834678952966,2067830000.0,IXIC_chained,,,,,
2009-06-19,1669.5265271158512,2864420000.0,IXIC_chained,,,,,
2009-06-22,1613.5427696309218,2318970000.0,IXIC_chained,,,,,
2009-06-23,1612.3826265030732,2152480000.0,IXIC_chained,,,,,
2009-06-24,1637.43271645087,2150570000.0,IXIC_chained,,,,,
2009-06-25,1671.417684559627,2227980000.0,IXIC_chained,,,,,
2009-06-26,1679.3474327675453,3989940000.0,IXIC_chained,,,,,
2009-06-29,1684.6827772555073,1981450000.0,IXIC_chained,,,,,
2009-06-30,1676.4423339628195,2044980000.0,IXIC_chained,,,,,
2009-07-01,1686.1992274082622,1971050000.0,IXIC_chained,,,,,
2009-07-02,1641.2514993302175,1923070000.0,IXIC_chained,,,,,
2009-07-06,1632.9197207013965,1970530000.0,IXIC_chained,,,,,
2009-07-07,1595.253139901281,2027240000.0,IXIC_chained,,,,,
2009-07-08,1596.1667125200431,2467520000.0,IXIC_chained,,,,,
2009-07-09,1601.0817377768471,1868280000.0,IXIC_chained,,,,,
2009-07-10,1604.2609522186876,1658010000.0,IXIC_chained,,,,,
2009-07-13,1638.2275200613303,1899410000.0,IXIC_chained,,,,,
2009-07-14,1644.18403089354,1856910000.0,IXIC_chained,,,,,
2009-07-15,1701.8944534179468,2543340000.0,IXIC_chained,,,,,
2009-07-16,1722.1118200390183,2072730000.0,IXIC_chained,,,,,
2009-07-17,1723.5552245794674,1876760000.0,IXIC_chained,,,,,
2009-07-20,1744.275100905917,2046350000.0,IXIC_chained,,,,,
2009-07-21,1750.5878073071738,2205230000.0,IXIC_chained,,,,,
2009-07-22,1759.8880258990948,2306340000.0,IXIC_chained,,,,,
2009-07-23,1803.0268984634424,3021430000.0,IXIC_chained,,,,,
2009-07-24,1796.0471899525096,2232920000.0,IXIC_chained,,,,,
2009-07-27,1797.8104344396422,2141690000.0,IXIC_chained,,,,,
2009-07-28,1804.7718532267475,2206850000.0,IXIC_chained,,,,,
2009-07-29,1797.6916654313397,2072650000.0,IXIC_chained,,,,,
2009-07-30,1812.8021921749996,2525670000.0,IXIC_chained,,,,,
2009-07-31,1807.5034262211204,2190380000.0,IXIC_chained,,,,,
2009-08-03,1835.0110840684627,2155720000.0,IXIC_chained,,,,,
2009-08-04,1837.4777977434944,2235010000.0,IXIC_chained,,,,,
2009-08-05,1820.7959525891695,2353550000.0,IXIC_chained,,,,,
2009-08-06,1802.6249794983992,2408400000.0,IXIC_chained,,,,,
2009-08-07,1827.3736306791993,2323980000.0,IXIC_chained,,,,,
2009-08-10,1820.0559048671876,1844700000.0,IXIC_chained,,,,,
2009-08-11,1799.491376083123,1915530000.0,IXIC_chained,,,,,
2009-08-12,1825.9758380788874,2140190000.0,IXIC_chained,,,,,
2009-08-13,1835.687119584193,2084370000.0,IXIC_chained,,,,,
2009-08-14,1813.9167242762837,1923410000.0,IXIC_chained,,,,,
2009-08-17,1763.9625241494423,1924190000.0,IXIC_chained,,,,,
2009-08-18,1786.874996686664,1749420000.0,IXIC_chained,,,,,
2009-08-19,1799.0437346356557,1977750000.0,IXIC_chained,,,,,
2009-08-20,1817.296898200646,1958470000.0,IXIC_chained,,,,,
2009-08-21,1846.238927182383,2259140000.0,IXIC_chained,,,,,
2009-08-24,1843.5712549384018,2046370000.0,IXIC_chained,,,,,
2009-08-25,1849.281083805666,1936980000.0,IXIC_chained,,,,,
2009-08-26,1849.4638659337922,2037560000.0,IXIC_chained,,,,,
2009-08-27,1852.4785879713338,2140540000.0,IXIC_chained,,,,,
2009-08-28,1853.4287400377511,2340180000.0,IXIC_chained,,,,,
2009-08-31,1835.4222593512793,2256210000.0,IXIC_chained,,,,,
2009-09-01,1798.7240070584044,2778570000.0,IXIC_chained,,,,,
2009-09-02,1797.0612418557464,1974330000.0,IXIC_chained,,,,,
2009-09-03,1811.7971727642448,1853450000.0,IXIC_chained,,,,,
2009-09-04,1844.30215779847,1722150000.0,IXIC_chained,,,,,
2009-09-08,1861.6508936066116,2037180000.0,IXIC_chained,,,,,
2009-09-09,1882.3157902192913,2493930000.0,IXIC_chained,,,,,
2009-09-10,1903.903627224366,2451330000.0,IXIC_chained,,,,,
2009-09-11,1901.053172852259,2318050000.0,IXIC_chained,,,,,
2009-09-14,1910.9929589681144,2157600000.0,IXIC_chained,,,,,
2009-09-15,1920.9142333619966,2372990000.0,IXIC_chained,,,,,
2009-09-16,1948.7873421825864,2707080000.0,IXIC_chained,,,,,
2009-09-17,1942.9405669526247,2615780000.0,IXIC_chained,,,,,
2009-09-18,1948.5225934055322,3023010000.0,IXIC_chained,,,,,
2009-09-21,1953.2548374477826,2408860000.0,IXIC_chained,,,,,
2009-09-22,1960.800956414485,2490480000.0,IXIC_chained,,,,,
2009-09-23,1947.2068798235803,2683250000.0,IXIC_chained,,,,,
2009-09-24,1925.4548847817853,2607280000.0,IXIC_chained,,,,,
2009-09-25,1910.2071887637087,2363930000.0,IXIC_chained,,,,,
2009-09-28,1946.5857125657599,1890030000.0,IXIC_chained,,,,,
2009-09-29,1940.4648207851112,2062970000.0,IXIC_chained,,,,,
2009-09-30,1938.9847262547198,2640660000.0,IXIC_chained,,,,,
2009-10-01,1879.657373379511,2708170000.0,IXIC_chained,,,,,
2009-10-02,1871.097313965431,2448110000.0,IXIC_chained,,,,,
2009-10-05,1889.40512196304,2156250000.0,IXIC_chained,,,,,
2009-10-06,1921.7640157726535,2413450000.0,IXIC_chained,,,,,
2009-10-07,1927.9397758112127,2220910000.0,IXIC_chained,,,,,
2009-10-08,1940.364230044777,2366950000.0,IXIC_chained,,,,,
2009-10-09,1954.3876583593217,1936850000.0,IXIC_chained,,,,,
2009-10-12,1954.2596339468187,1784280000.0,IXIC_chained,,,,,
2009-10-13,1954.9448134108904,2020110000.0,IXIC_chained,,,,,
2009-10-14,1984.4898313824797,2348620000.0,IXIC_chained,,,,,
2009-10-15,1985.458272259152,2140090000.0,IXIC_chained,,,,,
2009-10-16,1970.3934689114888,2209950000.0,IXIC_chained,,,,,
2009-10-19,1988.2264237876077,1970440000.0,IXIC_chained,,,,,
2009-10-20,1976.4869270199686,2110580000.0,IXIC_chained,,,,,
2009-10-21,1964.8480200790914,2565680000.0,IXIC_chained,,,,,
2009-10-22,1978.149691309054,2265230000.0,IXIC_chained,,,,,
2009-10-23,1968.2647734511083,2441920000.0,IXIC_chained,,,,,
2009-10-26,1956.7356030260514,2316210000.0,IXIC_chained,,,,,
2009-10-27,1933.2019632310094,2384620000.0,IXIC_chained,,,,,
2009-10-28,1881.603399081197,2769570000.0,IXIC_chained,,,,,
2009-10-29,1916.264291249825,2301370000.0,IXIC_chained,,,,,
2009-10-30,1868.3564846532852,2610280000.0,IXIC_chained,,,,,
2009-11-02,1872.0929656025535,2408320000.0,IXIC_chained,,,,,
2009-11-03,1879.5112821548994,2061050000.0,IXIC_chained,,,,,
2009-11-04,1877.8668075896414,2217520000.0,IXIC_chained,,,,,
2009-11-05,1923.3627678554876,2209690000.0,IXIC_chained,,,,,
2009-11-06,1929.8672888773524,1829150000.0,IXIC_chained,,,,,
2009-11-09,1967.8902890718064,2004700000.0,IXIC_chained,,,,,
2009-11-10,1965.1678600257744,1997240000.0,IXIC_chained,,,,,
2009-11-11,1979.6204180658126,1851790000.0,IXIC_chained,,,,,
2009-11-12,1963.2858474439124,2212370000.0,IXIC_chained,,,,,
2009-11-13,1980.5157018743198,1876220000.0,IXIC_chained,,,,,
2009-11-16,2007.8956696767375,2105020000.0,IXIC_chained,,,,,
2009-11-17,2013.3130922694872,1887240000.0,IXIC_chained,,,,,
2009-11-18,2003.5925553599805,1990220000.0,IXIC_chained,,,,,
2009-11-19,1970.4117577217437,2208700000.0,IXIC_chained,,,,,
2009-11-20,1960.5634183978807,1962760000.0,IXIC_chained,,,,,
2009-11-23,1987.9431632885794,1840170000.0,IXIC_chained,,,,,
2009-11-24,1981.7033910437692,1858490000.0,IXIC_chained,,,,,
2009-11-25,1987.9797418226622,1398610000.0,IXIC_chained,,,,,
2009-11-27,1953.6201769651711,971990000.0,IXIC_chained,,,,,
2009-11-30,1959.2479277276475,1986050000.0,IXIC_chained,,,,,
2009-12-01,1987.7604935298855,2151300000.0,IXIC_chained,,,,,
2009-12-02,1996.1836056676948,2068920000.0,IXIC_chained,,,,,
2009-12-03,1985.3211029847355,2001660000.0,IXIC_chained,,,,,
2009-12-04,2004.6981655110694,2305950000.0,IXIC_chained,,,,,
2009-12-07,2000.36783952029,1878980000.0,IXIC_chained,,,,,
2009-12-08,1985.1841557084651,1981800000.0,IXIC_chained,,,,,
2009-12-09,1994.9959164982456,1906210000.0,IXIC_chained,,,,,
2009-12-10,2001.5098052937428,1946370000.0,IXIC_chained,,,,,
2009-12-11,2001.007296501938,1754430000.0,IXIC_chained,,,,,
2009-12-14,2020.9140794940997,1841890000.0,IXIC_chained,,,,,
2009-12-15,2010.8190572917185,1946960000.0,IXIC_chained,,,,,
2009-12-16,2016.1724676782167,2022440000.0,IXIC_chained,,,,,
2009-12-17,1991.6340322977112,1904840000.0,IXIC_chained,,,,,
2009-12-18,2020.539371289506,2848410000.0,IXIC_chained,,,,,
2009-12-21,2044.2648257051558,1808830000.0,IXIC_chained,,,,,
2009-12-22,2057.9775598485035,1724200000.0,IXIC_chained,,,,,
2009-12-23,2073.480860695293,1582900000.0,IXIC_chained,,,,,
2009-12-24,2088.143745077913,632650000.0,IXIC_chained,,,,,
2009-12-28,2093.06802665249,1232130000.0,IXIC_chained,,,,,
2009-12-29,2090.6194912454266,1177710000.0,IXIC_chained,,,,,
2009-12-30,2093.2506964111844,1312670000.0,IXIC_chained,,,,,
2009-12-31,2073.033218334253,1237820000.0,IXIC_chained,,,,,
2010-01-04,2108.909233344499,1931380000.0,IXIC_chained,,,,,
2010-01-05,2109.1742050332723,2367860000.0,IXIC_chained,,,,,
2010-01-06,2102.2128977020266,2253340000.0,IXIC_chained,,,,,
2010-01-07,2101.262746549182,2270050000.0,IXIC_chained,,,,,
2010-01-08,2116.902993758669,2145390000.0,IXIC_chained,,,,,
2010-01-11,2112.5543789576345,2077890000.0,IXIC_chained,,,,,
2010-01-12,2085.0559774280655,2368320000.0,IXIC_chained,,,,,
2010-01-13,2108.4341573112906,2318350000.0,IXIC_chained,,,,,
2010-01-14,2116.510219655539,2254170000.0,IXIC_chained,,,,,
2010-01-15,2090.245006866124,2637770000.0,IXIC_chained,,,,,
2010-01-19,2119.8538150458185,2045290000.0,IXIC_chained,,,,,
2010-01-20,2093.2232627390154,2351890000.0,IXIC_chained,,,,,
2010-01-21,2069.8814375645816,2877800000.0,IXIC_chained,,,,,
2010-01-22,2014.6925960595443,2817620000.0,IXIC_chained,,,,,
2010-01-25,2019.7263903246503,2134350000.0,IXIC_chained,,,,,
2010-01-26,2013.2673688734906,2361260000.0,IXIC_chained,,,,,
2010-01-27,2029.4192706502693,2492880000.0,IXIC_chained,,,,,
2010-01-28,1990.6747362829526,2829640000.0,IXIC_chained,,,,,
2010-01-29,1961.7602524292436,3090580000.0,IXIC_chained,,,,,
2010-02-01,1983.5488250915487,2234140000.0,IXIC_chained,,,,,
2010-02-02,2000.7789033472475,2468470000.0,IXIC_chained,,,,,
2010-02-03,2001.5553057780205,2303350000.0,IXIC_chained,,,,,
2010-02-04,1941.7345889729204,2801390000.0,IXIC_chained,,,,,
2010-02-05,1956.0687123722346,2811100000.0,IXIC_chained,,,,,
2010-02-08,1942.3011108845492,2036280000.0,IXIC_chained,,,,,
2010-02-09,1964.9760454051666,2296420000.0,IXIC_chained,,,,,
2010-02-10,1962.23532754888,2059940000.0,IXIC_chained,,,,,
2010-02-11,1989.22207542473,2141260000.0,IXIC_chained,,,,,
2010-02-12,1994.8132467395512,2236180000.0,IXIC_chained,,,,,
2010-02-16,2022.8233028364116,2072850000.0,IXIC_chained,,,,,
2010-02-17,2033.8776210535516,2103530000.0,IXIC_chained,,,,,
2010-02-18,2047.9648395762013,2076820000.0,IXIC_chained,,,,,
2010-02-19,2049.9382989500564,2166660000.0,IXIC_chained,,,,,
2010-02-22,2048.2572449371432,1976290000.0,IXIC_chained,,,,,
2010-02-23,2022.13812337234,2310910000.0,IXIC_chained,,,,,
2010-02-24,2042.6569287604082,2155810000.0,IXIC_chained,,,,,
2010-02-25,2041.122189797398,2300530000.0,IXIC_chained,,,,,
2010-02-26,2044.8130588065299,2283430000.0,IXIC_chained,,,,,
2010-03-01,2077.071360962237,2504940000.0,IXIC_chained,,,,,
2010-03-02,2083.6673287760946,2831870000.0,IXIC_chained,,,,,
2010-03-03,2083.5667380357604,2603510000.0,IXIC_chained,,,,,
2010-03-04,2094.191703615688,2186020000.0,IXIC_chained,,,,,
2010-03-05,2125.289751187687,2411880000.0,IXIC_chained,,,,,
2010-03-08,2130.6431615741853,2312310000.0,IXIC_chained,,,,,
2010-03-09,2138.3810951614955,2620360000.0,IXIC_chained,,,,,
2010-03-10,2155.0720842641617,2554740000.0,IXIC_chained,,,,,
2010-03-11,2163.760169004317,2256790000.0,IXIC_chained,,,,,
2010-03-12,2163.029266144249,2098780000.0,IXIC_chained,,,,,
2010-03-15,2158.050340137053,1956170000.0,IXIC_chained,,,,,
2010-03-16,2172.484832278555,2201880000.0,IXIC_chained,,,,,
2010-03-17,2182.607288153105,2281410000.0,IXIC_chained,,,,,
2010-03-18,2184.6079582874095,2173060000.0,IXIC_chained,,,,,
2010-03-19,2169.195881320894,3055760000.0,IXIC_chained,,,,,
2010-03-22,2188.371761452988,2448130000.0,IXIC_chained,,,,,
2010-03-23,2206.4971226036214,2465230000.0,IXIC_chained,,,,,
2010-03-24,2191.441464117872,2436100000.0,IXIC_chained,,,,,
2010-03-25,2190.208051552426,2704870000.0,IXIC_chained,,,,,
2010-03-26,2188.125079488042,2367930000.0,IXIC_chained,,,,,
2010-03-29,2196.5575593994845,1967850000.0,IXIC_chained,,,,,
2010-03-30,2202.3403224231947,2147270000.0,IXIC_chained,,,,,
2010-03-31,2190.710561257804,2368690000.0,IXIC_chained,,,,,
2010-04-01,2194.9313736444815,2340270000.0,IXIC_chained,,,,,
2010-04-05,2219.552110955066,2130340000.0,IXIC_chained,,,,,
2010-04-06,2226.2029470268335,2220390000.0,IXIC_chained,,,,,
2010-04-07,2221.041127435652,2984850000.0,IXIC_chained,,,,,
2010-04-08,2226.2029470268335,2428900000.0,IXIC_chained,,,,,
2010-04-09,2241.9529298385687,2215530000.0,IXIC_chained,,,,,
2010-04-12,2245.4428393651788,2161650000.0,IXIC_chained,,,,,
2010-04-13,2252.8609330058057,2665420000.0,IXIC_chained,,,,,
2010-04-14,2288.371607585091,3143270000.0,IXIC_chained,,,,,
2010-04-15,2298.2654473932316,2840660000.0,IXIC_chained,,,,,
2010-04-16,2266.8112051657577,2960950000.0,IXIC_chained,,,,,
2010-04-19,2265.760685270725,2223650000.0,IXIC_chained,,,,,
2010-04-20,2284.214808318237,2157100000.0,IXIC_chained,,,,,
2010-04-21,2288.1432144304003,2715900000.0,IXIC_chained,,,,,
2010-04-22,2301.3534388683706,2800840000.0,IXIC_chained,,,,,
2010-04-23,2311.4756718312015,2517010000.0,IXIC_chained,,,,,
2010-04-26,2304.8979937411714,2491040000.0,IXIC_chained,,,,,
2010-04-27,2257.867293598743,2864810000.0,IXIC_chained,,,,,
2010-04-28,2258.104830701775,2755190000.0,IXIC_chained,,,,,
2010-04-29,2294.821261262618,3069640000.0,IXIC_chained,,,,,
2010-04-30,2248.4757396706887,2841130000.0,IXIC_chained,,,,,
2010-05-03,2282.7804362702695,2398370000.0,IXIC_chained,,,,,
2010-05-04,2214.7284210343955,3052590000.0,IXIC_chained,,,,,
2010-05-05,2194.6664019557084,3041480000.0,IXIC_chained,,,,,
2010-05-06,2119.1594916334057,4553600000.0,IXIC_chained,,,,,
2010-05-07,2069.826570220244,4227720000.0,IXIC_chained,,,,,
2010-05-10,2169.4334193374984,2871800000.0,IXIC_chained,,,,,
2010-05-11,2170.018230972955,2548840000.0,IXIC_chained,,,,,
2010-05-12,2215.4318902222944,2351900000.0,IXIC_chained,,,,,
2010-05-13,2187.4218332118617,2375250000.0,IXIC_chained,,,,,
2010-05-14,2144.0179898723136,2653020000.0,IXIC_chained,,,,,
2010-05-17,2150.76004799721,2434480000.0,IXIC_chained,,,,,
2010-05-18,2116.985295688748,2490310000.0,IXIC_chained,,,,,
2010-05-19,2099.728006672599,2646160000.0,IXIC_chained,,,,,
2010-05-20,2013.5231966139224,3420420000.0,IXIC_chained,,,,,
2010-05-21,2036.3899457551477,3389670000.0,IXIC_chained,,,,,
2010-05-24,2022.2387150262466,2150020000.0,IXIC_chained,,,,,
2010-05-25,2019.8633366873482,2946380000.0,IXIC_chained,,,,,
2010-05-26,2006.0957351996628,3077300000.0,IXIC_chained,,,,,
2010-05-27,2080.8260201794737,2408220000.0,IXIC_chained,,,,,
2010-05-28,2061.9699790804907,2165590000.0,IXIC_chained,,,,,
2010-06-01,2030.259909112585,2167810000.0,IXIC_chained,,,,,
2010-06-02,2083.923155602954,2190140000.0,IXIC_chained,,,,,
2010-06-03,2103.9851746816407,2249050000.0,IXIC_chained,,,,,
2010-06-04,2027.372877119968,2342480000.0,IXIC_chained,,,,,
2010-06-07,1986.0154263971483,2256670000.0,IXIC_chained,,,,,
2010-06-08,1982.9733812297247,2696580000.0,IXIC_chained,,,,,
2010-06-09,1972.2663375450095,2325060000.0,IXIC_chained,,,,,
2010-06-10,2026.9526693446694,2187840000.0,IXIC_chained,,,,,
2010-06-11,2049.6916169851106,1877120000.0,IXIC_chained,,,,,
2010-06-14,2050.020377968416,1951910000.0,IXIC_chained,,,,,
2010-06-15,2106.588723263511,2289060000.0,IXIC_chained,,,,,
2010-06-16,2106.6344466595074,1936400000.0,IXIC_chained,,,,,
2010-06-17,2107.7581227091323,1821680000.0,IXIC_chained,,,,,
2010-06-18,2110.1700795821134,2037230000.0,IXIC_chained,,,,,
2010-06-21,2091.2500262768795,1910700000.0,IXIC_chained,,,,,
2010-06-22,2066.3185938815254,1934450000.0,IXIC_chained,,,,,
2010-06-23,2059.4027861209843,1929450000.0,IXIC_chained,,,,,
2010-06-24,2025.7741250371341,2064360000.0,IXIC_chained,,,,,
2010-06-25,2031.3104280940452,3540350000.0,IXIC_chained,,,,,
2010-06-28,2028.7249463242838,1876740000.0,IXIC_chained,,,,,
2010-06-29,1950.6419220058524,2827090000.0,IXIC_chained,,,,,
2010-06-30,1926.9439012623714,2221560000.0,IXIC_chained,,,,,
2010-07-01,1919.7450559145211,2717070000.0,IXIC_chained,,,,,
2010-07-02,1911.0021038300283,1672320000.0,IXIC_chained,,,,,
2010-07-06,1912.911328085913,2173030000.0,IXIC_chained,,,,,
2010-07-07,1972.8326365449198,2199500000.0,IXIC_chained,,,,,
2010-07-08,1987.3857853252916,2034030000.0,IXIC_chained,,,,,
2010-07-09,2006.6165337152956,1592610000.0,IXIC_chained,,,,,
2010-07-12,2008.36159993446,1767970000.0,IXIC_chained,,,,,
2010-07-13,2048.2572449371432,2278480000.0,IXIC_chained,,,,,
2010-07-14,2055.3923009904606,2213010000.0,IXIC_chained,,,,,
2010-07-15,2054.6979766644754,2011600000.0,IXIC_chained,,,,,
2010-07-16,1990.7204596789488,2195150000.0,IXIC_chained,,,,,
2010-07-19,2008.2427194702984,1735090000.0,IXIC_chained,,,,,
2010-07-20,2030.4060003371967,1933270000.0,IXIC_chained,,,,,
2010-07-21,1998.2848674559061,2222030000.0,IXIC_chained,,,,,
2010-07-22,2051.7835109996895,2213220000.0,IXIC_chained,,,,,
2010-07-23,2073.3256246087676,2410600000.0,IXIC_chained,,,,,
2010-07-26,2097.9555067812657,2164280000.0,IXIC_chained,,,,,
2010-07-27,2090.4825448827287,2065390000.0,IXIC_chained,,,,,
2010-07-28,2068.8400634450354,1848520000.0,IXIC_chained,,,,,
2010-07-29,2057.0822760399965,2324590000.0,IXIC_chained,,,,,
2010-07-30,2059.832138758197,2138610000.0,IXIC_chained,,,,,
2010-08-02,2096.9781439543985,1953200000.0,IXIC_chained,,,,,
2010-08-03,2086.1613646674355,1997030000.0,IXIC_chained,,,,,
2010-08-04,2104.4785395251047,2021980000.0,IXIC_chained,,,,,
2010-08-05,2094.87688307976,1774300000.0,IXIC_chained,,,,,
2010-08-06,2090.6835043652504,1876630000.0,IXIC_chained,,,,,
2010-08-09,2106.415197453158,1614580000.0,IXIC_chained,,,,,
2010-08-10,2080.360089008179,2039590000.0,IXIC_chained,,,,,
2010-08-11,2017.7437860888817,2274460000.0,IXIC_chained,,,,,
2010-08-12,2000.9707179678553,2189680000.0,IXIC_chained,,,,,
2010-08-13,1985.6317971559326,1605040000.0,IXIC_chained,,,,,
2010-08-16,1993.2967965867963,1627620000.0,IXIC_chained,,,,,
2010-08-17,2018.4838328972912,1736870000.0,IXIC_chained,,,,,
2010-08-18,2024.2028066264688,1654560000.0,IXIC_chained,,,,,
2010-08-19,1990.629012886956,2094800000.0,IXIC_chained,,,,,
2010-08-20,1991.3690606089378,1898500000.0,IXIC_chained,,,,,
2010-08-23,1972.9787277695314,1665900000.0,IXIC_chained,,,,,
2010-08-24,1940.2089939582518,2141650000.0,IXIC_chained,,,,,
2010-08-25,1956.4523416134505,2019480000.0,IXIC_chained,,,,,
2010-08-26,1935.5771177446163,1804510000.0,IXIC_chained,,,,,
2010-08-27,1967.4972920569576,2134550000.0,IXIC_chained,,,,,
2010-08-30,1936.7465181038106,1585200000.0,IXIC_chained,,,,,
2010-08-31,1931.3199497355747,2084110000.0,IXIC_chained,,,,,
2010-09-01,1988.7014998208165,2133970000.0,IXIC_chained,,,,,
2010-09-02,2009.8689061388734,1680590000.0,IXIC_chained,,,,,
2010-09-03,2040.6928371601857,1647790000.0,IXIC_chained,,,,,
2010-09-07,2017.981324105486,1685240000.0,IXIC_chained,,,,,
2010-09-08,2036.2347096686224,2018210000.0,IXIC_chained,,,,,
2010-09-09,2042.9310453110952,1706650000.0,IXIC_chained,,,,,
2010-09-10,2048.668307850528,1692470000.0,IXIC_chained,,,,,
2010-09-13,2088.1620348017404,1937630000.0,IXIC_chained,,,,,
2010-09-14,2091.8711935346996,2079030000.0,IXIC_chained,,,,,
2010-09-15,2102.4230011328896,2067130000.0,IXIC_chained,,,,,
2010-09-16,2104.1861341641625,1809280000.0,IXIC_chained,,,,,
2010-09-17,2115.477989484334,2432480000.0,IXIC_chained,,,,,
2010-09-20,2152.221853717346,1989520000.0,IXIC_chained,,,,,
2010-09-21,2146.301921419219,2125100000.0,IXIC_chained,,,,,
2010-09-22,2132.781001896479,2170210000.0,IXIC_chained,,,,,
2010-09-23,2125.9566409279314,1923110000.0,IXIC_chained,,,,,
2010-09-24,2175.4173647554494,1993380000.0,IXIC_chained,,,,,
2010-09-27,2164.95700303568,1873120000.0,IXIC_chained,,,,,
2010-09-28,2173.9283482748633,2125730000.0,IXIC_chained,,,,,
2010-09-29,2171.160196746408,2077930000.0,IXIC_chained,,,,,
2010-09-30,2163.9064831406477,2418300000.0,IXIC_chained,,,,,
2010-10-01,2165.8522859306145,1932650000.0,IXIC_chained,,,,,
2010-10-04,2141.889294411933,1901980000.0,IXIC_chained,,,,,
2010-10-05,2192.419048942885,2203470000.0,IXIC_chained,,,,,
2010-10-06,2174.905710188158,2103800000.0,IXIC_chained,,,,,
2010-10-07,2177.655572906359,1846240000.0,IXIC_chained,,,,,
2010-10-08,2194.319128336856,2000980000.0,IXIC_chained,,,,,
2010-10-11,2194.702980489791,1539990000.0,IXIC_chained,,,,,
2010-10-12,2208.945435098966,1960920000.0,IXIC_chained,,,,,
2010-10-13,2230.2408658295262,2294450000.0,IXIC_chained,,,,,
2010-10-14,2224.896377393223,2014540000.0,IXIC_chained,,,,,
2010-10-15,2255.400692293143,2232810000.0,IXIC_chained,,,,,
2010-10-18,2266.2629720643836,1724710000.0,IXIC_chained,,,,,
2010-10-19,2226.3307485276177,2241840000.0,IXIC_chained,,,,,
2010-10-20,2245.0041198679064,2016770000.0,IXIC_chained,,,,,
2010-10-21,2247.08709193229,2135480000.0,IXIC_chained,,,,,
2010-10-22,2265.102717480676,1648180000.0,IXIC_chained,,,,,
2010-10-25,2275.572446974078,1746320000.0,IXIC_chained,,,,,
2010-10-26,2281.4558007381224,1914350000.0,IXIC_chained,,,,,
2010-10-27,2286.909802778527,2013240000.0,IXIC_chained,,,,,
2010-10-28,2290.6646839939103,1998340000.0,IXIC_chained,,,,,
2010-10-29,2290.701039616274,2068700000.0,IXIC_chained,,,,,
2010-11-01,2288.3533187748358,1904790000.0,IXIC_chained,,,,,
2010-11-02,2314.554519357999,1914980000.0,IXIC_chained,,,,,
2010-11-03,2320.7211345346445,1990410000.0,IXIC_chained,,,,,
2010-11-04,2354.587333635099,2492050000.0,IXIC_chained,,,,,
2010-11-05,2356.085494064027,2092850000.0,IXIC_chained,,,,,
2010-11-08,2357.0630798026127,1799330000.0,IXIC_chained,,,,,
2010-11-09,2341.468332163831,2157370000.0,IXIC_chained,,,,,
2010-11-10,2355.9028243053326,1998930000.0,IXIC_chained,,,,,
2010-11-11,2334.6531169707687,2559980000.0,IXIC_chained,,,,,
2010-11-12,2300.567668663965,2191790000.0,IXIC_chained,,,,,
2010-11-15,2296.557182619869,1852210000.0,IXIC_chained,,,,,
2010-11-16,2256.378277118157,2234090000.0,IXIC_chained,,,,,
2010-11-17,2262.014948917256,1816260000.0,IXIC_chained,,,,,
2010-11-18,2297.0869030856957,2046660000.0,IXIC_chained,,,,,
2010-11-19,2300.4855896456047,1839670000.0,IXIC_chained,,,,,
2010-11-22,2313.184160429856,1850570000.0,IXIC_chained,,,,,
2010-11-23,2279.3179604158286,1892260000.0,IXIC_chained,,,,,
2010-11-24,2323.324905114661,1634640000.0,IXIC_chained,,,,,
2010-11-26,2315.5046705108443,623980000.0,IXIC_chained,,,,,
2010-11-29,2306.9718218572143,1683260000.0,IXIC_chained,,,,,
2010-11-30,2282.3145050989747,2317480000.0,IXIC_chained,,,,,
2010-12-01,2329.0893793281166,2109940000.0,IXIC_chained,,,,,
2010-12-02,2356.423623734537,2038130000.0,IXIC_chained,,,,,
2010-12-03,2367.4868629883,1810400000.0,IXIC_chained,,,,,
2010-12-06,2370.647788619885,1617030000.0,IXIC_chained,,,,,
2010-12-07,2373.909304991804,1906290000.0,IXIC_chained,,,,,
2010-12-08,2383.6570535753335,1763460000.0,IXIC_chained,,,,,
2010-12-09,2390.517993077964,1924980000.0,IXIC_chained,,,,,
2010-12-10,2409.5843605195287,1736730000.0,IXIC_chained,,,,,
2010-12-13,2398.045822320839,1835330000.0,IXIC_chained,,,,,
2010-12-14,2400.6130152803453,1853270000.0,IXIC_chained,,,,,
2010-12-15,2391.0205027833417,1863980000.0,IXIC_chained,,,,,
2010-12-16,2409.3742570886657,1735290000.0,IXIC_chained,,,,,
2010-12-17,2414.5449977164694,2421830000.0,IXIC_chained,,,,,
2010-12-20,2420.565521668503,1707950000.0,IXIC_chained,,,,,
2010-12-21,2437.0555512886476,1647550000.0,IXIC_chained,,,,,
2010-12-22,2440.5909612995356,1614040000.0,IXIC_chained,,,,,
2010-12-23,2435.2192621027816,1270290000.0,IXIC_chained,,,,,
2010-12-27,2436.744857117451,1097100000.0,IXIC_chained,,,,,
2010-12-28,2432.734148161636,1130200000.0,IXIC_chained,,,,,
2010-12-29,2436.4341620326813,1122150000.0,IXIC_chained,,,,,
2010-12-30,2432.8255940400563,1074350000.0,IXIC_chained,,,,,
2010-12-31,2423.5895000238183,1026600000.0,IXIC_chained,,,,,
2011-01-03,2458.898993122435,1919660000.0,IXIC_chained,,,,,
2011-01-04,2449.516584056295,2015440000.0,IXIC_chained,,,,,
2011-01-05,2468.6558856543056,2060750000.0,IXIC_chained,,,,,
2011-01-06,2475.681206105375,2095490000.0,IXIC_chained,,,,,
2011-01-07,2469.5420246008994,1976220000.0,IXIC_chained,,,,,
2011-01-10,2473.7719818494907,1868870000.0,IXIC_chained,,,,,
2011-01-11,2482.02156909052,1893100000.0,IXIC_chained,,,,,
2011-01-12,2500.749807775146,1873960000.0,IXIC_chained,,,,,
2011-01-13,2498.8860840035395,1923900000.0,IXIC_chained,,,,,
2011-01-14,2517.166681240698,2020210000.0,IXIC_chained,,,,,
2011-01-18,2526.804917133698,2020190000.0,IXIC_chained,,,,,
2011-01-19,2489.814370022168,2130930000.0,IXIC_chained,,,,,
2011-01-20,2470.565332821909,2323250000.0,IXIC_chained,,,,,
2011-01-21,2457.090136695166,1916960000.0,IXIC_chained,,,,,
2011-01-24,2482.6793148824227,1871300000.0,IXIC_chained,,,,,
2011-01-25,2484.23234356926,1936120000.0,IXIC_chained,,,,,
2011-01-26,2502.732189099196,2031410000.0,IXIC_chained,,,,,
2011-01-27,2517.1483915168706,2020550000.0,IXIC_chained,,,,,
2011-01-28,2454.6690358738438,2371140000.0,IXIC_chained,,,,,
2011-01-31,2466.719227726252,1952310000.0,IXIC_chained,,,,,
2011-02-01,2513.4117991117423,2255990000.0,IXIC_chained,,,,,
2011-02-02,2511.9227835447286,2024600000.0,IXIC_chained,,,,,
2011-02-03,2515.869256469001,1941260000.0,IXIC_chained,,,,,
2011-02-04,2529.9566979033693,1956710000.0,IXIC_chained,,,,,
2011-02-07,2543.3770257722026,1768090000.0,IXIC_chained,,,,,
2011-02-08,2555.3083380740222,1803010000.0,IXIC_chained,,,,,
2011-02-09,2548.018045934179,1930820000.0,IXIC_chained,,,,,
2011-02-10,2549.2786692600744,2497540000.0,IXIC_chained,,,,,
2011-02-11,2566.627404154644,2066700000.0,IXIC_chained,,,,,
2011-02-14,2573.69844800171,1964780000.0,IXIC_chained,,,,,
2011-02-15,2561.9774629560447,2006220000.0,IXIC_chained,,,,,
2011-02-16,2581.35430257066,2276980000.0,IXIC_chained,,,,,
2011-02-17,2586.8540270934886,1939320000.0,IXIC_chained,,,,,
2011-02-18,2589.019078176233,2109460000.0,IXIC_chained,,,,,
2011-02-22,2518.189766549989,2262100000.0,IXIC_chained,,,,,
2011-02-23,2487.649096027705,2479150000.0,IXIC_chained,,,,,
2011-02-24,2501.27038337906,2065290000.0,IXIC_chained,,,,,
2011-02-25,2540.691176173826,1867820000.0,IXIC_chained,,,,,
2011-02-28,2541.8057082751097,2009500000.0,IXIC_chained,,,,,
2011-03-01,2500.8227419315926,2212860000.0,IXIC_chained,,,,,
2011-03-02,2510.561568564927,1986900000.0,IXIC_chained,,,,,
2011-03-03,2556.852221898946,1990380000.0,IXIC_chained,,,,,
2011-03-04,2543.998193030023,1897900000.0,IXIC_chained,,,,,
2011-03-07,2508.332282364212,2189970000.0,IXIC_chained,,,,,
2011-03-08,2526.731760065533,1835540000.0,IXIC_chained,,,,,
2011-03-09,2513.896020006865,1996700000.0,IXIC_chained,,,,,
2011-03-10,2467.5779330006767,2363330000.0,IXIC_chained,,,,,
2011-03-11,2480.907036989236,1851810000.0,IXIC_chained,,,,,
2011-03-14,2467.5322096046802,1782070000.0,IXIC_chained,,,,,
2011-03-15,2436.7997244617886,2359830000.0,IXIC_chained,,,,,
2011-03-16,2390.655162352381,2596000000.0,IXIC_chained,,,,,
2011-03-17,2408.2231464532993,1994360000.0,IXIC_chained,,,,,
2011-03-18,2415.184453784545,1986900000.0,IXIC_chained,,,,,
2011-03-21,2459.419791638068,1751060000.0,IXIC_chained,,,,,
2011-03-22,2451.9102512054483,1657430000.0,IXIC_chained,,,,,
2011-03-23,2465.0930419712495,1769950000.0,IXIC_chained,,,,,
2011-03-24,2499.918314174744,1954180000.0,IXIC_chained,,,,,
2011-03-25,2505.984561522774,1857570000.0,IXIC_chained,,,,,
2011-03-28,2494.674416478775,1669260000.0,IXIC_chained,,,,,
2011-03-29,2518.6191191872012,1631160000.0,IXIC_chained,,,,,
2011-03-30,2536.799347682173,1818410000.0,IXIC_chained,,,,,
2011-03-31,2540.709464984081,1896420000.0,IXIC_chained,,,,,
2011-04-01,2548.502266829302,2090120000.0,IXIC_chained,,,,,
2011-04-04,2548.127558624708,1705920000.0,IXIC_chained,,,,,
2011-04-05,2549.9547038622327,1954520000.0,IXIC_chained,,,,,
2011-04-06,2557.8389515858735,1996750000.0,IXIC_chained,,,,,
2011-04-07,2554.4768444736196,1806900000.0,IXIC_chained,,,,,
2011-04-08,2540.1155094002834,1650810000.0,IXIC_chained,,,,,
2011-04-11,2531.9756577615017,2053190000.0,IXIC_chained,,,,,
2011-04-12,2507.5650238817802,1818610000.0,IXIC_chained,,,,,
2011-04-13,2522.8490764357934,1744940000.0,IXIC_chained,,,,,
2011-04-14,2521.6613872663443,1717650000.0,IXIC_chained,,,,,
2011-04-15,2525.70845093095,1785050000.0,IXIC_chained,,,,,
2011-04-18,2498.968163021899,1786230000.0,IXIC_chained,,,,,
2011-04-19,2507.7294048302197,1675970000.0,IXIC_chained,,,,,
2011-04-20,2560.296408943132,2094470000.0,IXIC_chained,,,,,
2011-04-21,2576.4208761341692,2094470000.0,IXIC_chained,,,,,
2011-04-25,2581.646485019883,1480600000.0,IXIC_chained,,,,,
2011-04-26,2601.434610459602,2057740000.0,IXIC_chained,,,,,
2011-04-27,2621.8436802454225,2071380000.0,IXIC_chained,,,,,
2011-04-28,2624.2647810667445,1983630000.0,IXIC_chained,,,,,
2011-04-29,2625.187498547421,2455650000.0,IXIC_chained,,,,,
2011-05-02,2616.545137203262,2062630000.0,IXIC_chained,,,,,
2011-05-03,2596.0263318151938,2214380000.0,IXIC_chained,,,,,
2011-05-04,2583.7934692905187,2209580000.0,IXIC_chained,,,,,
2011-05-05,2571.4510949888872,2227690000.0,IXIC_chained,,,,,
2011-05-06,2583.1814478081847,2043740000.0,IXIC_chained,,,,,
2011-05-09,2597.51534829578,1649110000.0,IXIC_chained,,,,,
2011-05-10,2623.679970344861,2018000000.0,IXIC_chained,,,,,
2011-05-11,2599.1689686365244,2258770000.0,IXIC_chained,,,,,
2011-05-12,2615.594986050417,2209650000.0,IXIC_chained,,,,,
2011-05-13,2584.012718496868,1917050000.0,IXIC_chained,,,,,
2011-05-16,2541.8422868091925,2066020000.0,IXIC_chained,,,,,
2011-05-17,2542.664412635962,2220440000.0,IXIC_chained,,,,,
2011-05-18,2571.706921815746,1875150000.0,IXIC_chained,,,,,
2011-05-19,2579.298764178445,1753390000.0,IXIC_chained,,,,,
2011-05-20,2561.0364557515413,1780140000.0,IXIC_chained,,,,,
2011-05-23,2520.4554083730673,1795680000.0,IXIC_chained,,,,,
2011-05-24,2508.8165023457623,1875370000.0,IXIC_chained,,,,,
2011-05-25,2522.721051109718,1894510000.0,IXIC_chained,,,,,
2011-05-26,2542.399440947189,1904400000.0,IXIC_chained,,,,,
2011-05-27,2555.134812263669,1641320000.0,IXIC_chained,,,,,
2011-05-31,2590.2524907416782,2450090000.0,IXIC_chained,,,,,
2011-06-01,2529.856106249463,2254850000.0,IXIC_chained,,,,,
2011-06-02,2533.620133240332,1919030000.0,IXIC_chained,,,,,
2011-06-03,2496.5930075947194,1936400000.0,IXIC_chained,,,,,
2011-06-06,2468.984870462903,1878150000.0,IXIC_chained,,,,,
2011-06-07,2468.0712978441406,1847300000.0,IXIC_chained,,,,,
2011-06-08,2444.153805896164,2089320000.0,IXIC_chained,,,,,
2011-06-09,2452.82382382421,1704960000.0,IXIC_chained,,,,,
2011-06-10,2415.2393211288827,1972000000.0,IXIC_chained,,,,,
2011-06-13,2411.548452119751,1847050000.0,IXIC_chained,,,,,
2011-06-14,2447.2052188372204,1701300000.0,IXIC_chained,,,,,
2011-06-15,2404.02976773879,1982430000.0,IXIC_chained,,,,,
2011-06-16,2396.940435081469,1958250000.0,IXIC_chained,,,,,
2011-06-17,2390.3444672676114,2393690000.0,IXIC_chained,,,,,
2011-06-20,2402.3852922599594,1625850000.0,IXIC_chained,,,,,
2011-06-21,2455.007164630782,1882490000.0,IXIC_chained,,,,,
2011-06-22,2438.4988443732377,1617370000.0,IXIC_chained,,,,,
2011-06-23,2454.541233459487,2060450000.0,IXIC_chained,,,,,
2011-06-24,2423.607566835927,2842870000.0,IXIC_chained,,,,,
2011-06-27,2455.9390260597993,1710740000.0,IXIC_chained,,,,,
2011-06-28,2493.422938014793,1682590000.0,IXIC_chained,,,,,
2011-06-29,2503.6366168560444,1804490000.0,IXIC_chained,,,,,
2011-06-30,2533.8119478609406,1859130000.0,IXIC_chained,,,,,
2011-07-01,2572.6479281066777,1646380000.0,IXIC_chained,,,,,
2011-07-05,2581.546117191268,1556620000.0,IXIC_chained,,,,,
2011-07-06,2589.0830912960564,1639490000.0,IXIC_chained,,,,,
2011-07-07,2624.3834386191875,1873710000.0,IXIC_chained,,,,,
2011-07-08,2612.644164763267,1612120000.0,IXIC_chained,,,,,
2011-07-11,2560.396999683466,1765920000.0,IXIC_chained,,,,,
2011-07-12,2541.476723466513,2015410000.0,IXIC_chained,,,,,
2011-07-13,2555.1894576098607,1885510000.0,IXIC_chained,,,,,
2011-07-14,2523.8995954172533,1946500000.0,IXIC_chained,,,,,
2011-07-15,2548.6849365879957,1804380000.0,IXIC_chained,,,,,
2011-07-18,2526.1288816179676,1752220000.0,IXIC_chained,,,,,
2011-07-19,2582.2312966553395,1882760000.0,IXIC_chained,,,,,
2011-07-20,2571.003452627847,1863670000.0,IXIC_chained,,,,,
2011-07-21,2589.4575756753584,2284150000.0,IXIC_chained,,,,,
2011-07-22,2611.7488809547604,1665220000.0,IXIC_chained,,,,,
2011-07-25,2597.1042853823956,1613240000.0,IXIC_chained,,,,,
2011-07-26,2594.50965875072,1739980000.0,IXIC_chained,,,,,
2011-07-27,2525.8364762570254,2367470000.0,IXIC_chained,,,,,
2011-07-28,2527.170256651086,2067020000.0,IXIC_chained,,,,,
2011-07-29,2518.1531880159064,2301210000.0,IXIC_chained,,,,,
2011-08-01,2507.4006429333417,2209790000.0,IXIC_chained,,,,,
2011-08-02,2438.544567769234,2377250000.0,IXIC_chained,,,,,
2011-08-03,2460.3150745330026,2601310000.0,IXIC_chained,,,,,
2011-08-04,2335.4478091253695,3272990000.0,IXIC_chained,,,,,
2011-08-05,2313.5403550853302,3750150000.0,IXIC_chained,,,,,
2011-08-08,2153.9209736287953,3987990000.0,IXIC_chained,,,,,
2011-08-09,2267.962315801124,3803050000.0,IXIC_chained,,,,,
2011-08-10,2175.262128668924,3397010000.0,IXIC_chained,,,,,
2011-08-11,2277.2441332133585,3134140000.0,IXIC_chained,,,,,
2011-08-12,2291.2218381319067,2232470000.0,IXIC_chained,,,,,
2011-08-15,2334.3607106962545,1945850000.0,IXIC_chained,,,,,
2011-08-16,2305.3547800505526,2074370000.0,IXIC_chained,,,,,
2011-08-17,2294.4193422975745,1913320000.0,IXIC_chained,,,,,
2011-08-18,2174.695606757295,2775580000.0,IXIC_chained,,,,,
2011-08-19,2139.440981916588,2385300000.0,IXIC_chained,,,,,
2011-08-22,2142.67484170462,1957230000.0,IXIC_chained,,,,,
2011-08-23,2234.6534937503848,2147270000.0,IXIC_chained,,,,,
2011-08-24,2254.413961692643,1888640000.0,IXIC_chained,,,,,
2011-08-25,2210.5076086477175,1789230000.0,IXIC_chained,,,,,
2011-08-26,2265.5231481676933,1852130000.0,IXIC_chained,,,,,
2011-08-29,2340.67364000923,1615510000.0,IXIC_chained,,,,,
2011-08-30,2353.4636566719014,1871800000.0,IXIC_chained,,,,,
2011-08-31,2356.523991563153,1995490000.0,IXIC_chained,,,,,
2011-09-01,2325.9924659027824,1742440000.0,IXIC_chained,,,,,
2011-09-02,2265.9616447532467,1571530000.0,IXIC_chained,,,,,
2011-09-06,2260.023422731292,1737170000.0,IXIC_chained,,,,,
2011-09-07,2328.641736967076,1791480000.0,IXIC_chained,,,,,
2011-09-08,2310.552955264098,1979990000.0,IXIC_chained,,,,,
2011-09-09,2254.6880782433304,2054190000.0,IXIC_chained,,,,,
2011-09-12,2279.4459857419038,1980350000.0,IXIC_chained,,,,,
2011-09-13,2313.302817068726,1931390000.0,IXIC_chained,,,,,
2011-09-14,2350.211285161896,2323770000.0,IXIC_chained,,,,,
2011-09-15,2381.747829319449,1967730000.0,IXIC_chained,,,,,
2011-09-16,2395.670667807232,2703730000.0,IXIC_chained,,,,,
2011-09-19,2387.0100167392457,1891770000.0,IXIC_chained,,,,,
2011-09-20,2366.372330887016,1914990000.0,IXIC_chained,,,,,
2011-09-21,2318.8208313153823,2172030000.0,IXIC_chained,,,,,
2011-09-22,2243.432801457241,2919330000.0,IXIC_chained,,,,,
2011-09-23,2268.610915817541,1975200000.0,IXIC_chained,,,,,
2011-09-26,2299.1790200119935,1982710000.0,IXIC_chained,,,,,
2011-09-27,2326.7142239009363,2095620000.0,IXIC_chained,,,,,
2011-09-28,2276.2393367143222,1929310000.0,IXIC_chained,,,,,
2011-09-29,2266.3544188563765,2290370000.0,IXIC_chained,,,,,
2011-09-30,2206.643213828233,2041370000.0,IXIC_chained,,,,,
2011-10-03,2133.950401342101,2547690000.0,IXIC_chained,,,,,
2011-10-04,2196.977767174783,3040940000.0,IXIC_chained,,,,,
2011-10-05,2247.854573326441,2472400000.0,IXIC_chained,,,,,
2011-10-06,2290.1621742885327,2249140000.0,IXIC_chained,,,,,
2011-10-07,2265.066361858312,2084900000.0,IXIC_chained,,,,,
2011-10-10,2344.2730631399413,1574750000.0,IXIC_chained,,,,,
2011-10-11,2359.7855079350725,1661400000.0,IXIC_chained,,,,,
2011-10-12,2379.6099889971547,1967190000.0,IXIC_chained,,,,,
2011-10-13,2393.7795094498833,1675220000.0,IXIC_chained,,,,,
2011-10-14,2437.2748004949967,1664350000.0,IXIC_chained,,,,,
2011-10-17,2388.91924099513,1675210000.0,IXIC_chained,,,,,
2011-10-18,2427.7552221544397,1931690000.0,IXIC_chained,,,,,
2011-10-19,2378.979677790993,1980180000.0,IXIC_chained,,,,,
2011-10-20,2374.0281854559657,2040180000.0,IXIC_chained,,,,,
2011-10-21,2409.5112034513636,2019950000.0,IXIC_chained,,,,,
2011-10-24,2466.1344160907956,1884450000.0,IXIC_chained,,,,,
2011-10-25,2410.388197536043,1777770000.0,IXIC_chained,,,,,
2011-10-26,2421.5794621158807,2118650000.0,IXIC_chained,,,,,
2011-10-27,2501.9372740328763,2810680000.0,IXIC_chained,,,,,
2011-10-28,2500.5852039149886,1838530000.0,IXIC_chained,,,,,
2011-10-31,2452.4033931371932,1772560000.0,IXIC_chained,,,,,
2011-11-01,2381.647238579115,2294220000.0,IXIC_chained,,,,,
2011-11-02,2411.813423808524,1921790000.0,IXIC_chained,,,,,
2011-11-03,2464.7914917483936,2106240000.0,IXIC_chained,,,,,
2011-11-04,2453.9930003581135,1930750000.0,IXIC_chained,,,,,
2011-11-07,2462.3066007189664,1712700000.0,IXIC_chained,,,,,
2011-11-08,2491.7601728121354,1850270000.0,IXIC_chained,,,,,
2011-11-09,2395.0675664479477,2144160000.0,IXIC_chained,,,,,
2011-11-10,2398.2650706136155,1892390000.0,IXIC_chained,,,,,
2011-11-11,2447.232652509389,1602640000.0,IXIC_chained,,,,,
2011-11-14,2427.5634075338317,1401710000.0,IXIC_chained,,,,,
2011-11-15,2454.03872375411,1706960000.0,IXIC_chained,,,,,
2011-11-16,2411.475517963305,1950030000.0,IXIC_chained,,,,,
2011-11-17,2364.316792494801,2197320000.0,IXIC_chained,,,,,
2011-11-18,2350.1655617658994,1755360000.0,IXIC_chained,,,,,
2011-11-21,2305.0715195515245,2048520000.0,IXIC_chained,,,,,
2011-11-22,2303.372398726503,1792060000.0,IXIC_chained,,,,,
2011-11-23,2247.461799223311,1707770000.0,IXIC_chained,,,,,
2011-11-25,2230.496693569958,691750000.0,IXIC_chained,,,,,
2011-11-28,2308.9087026969864,1626060000.0,IXIC_chained,,,,,
2011-11-29,2298.101067358365,1623550000.0,IXIC_chained,,,,,
2011-11-30,2393.8709562418762,2440960000.0,IXIC_chained,,,,,
2011-12-01,2399.2243666283744,1826860000.0,IXIC_chained,,,,,
2011-12-02,2399.891257282191,1662730000.0,IXIC_chained,,,,,
2011-12-05,2426.2296271397713,1686660000.0,IXIC_chained,,,,,
2011-12-06,2420.565521668503,1491130000.0,IXIC_chained,,,,,
2011-12-07,2420.24568172182,1658010000.0,IXIC_chained,,,,,
2011-12-08,2371.981569013946,1845640000.0,IXIC_chained,,,,,
2011-12-09,2418.0897755009896,1664710000.0,IXIC_chained,,,,,
2011-12-12,2386.489218223613,1572600000.0,IXIC_chained,,,,,
2011-12-13,2356.3504666663725,1752320000.0,IXIC_chained,,,,,
2011-12-14,2319.8441404499645,1793960000.0,IXIC_chained,,,,,
2011-12-15,2321.397169136802,1748400000.0,IXIC_chained,,,,,
2011-12-16,2334.4795911604156,2664690000.0,IXIC_chained,,,,,
2011-12-19,2305.0715195515245,1560110000.0,IXIC_chained,,,,,
2011-12-20,2378.6964163783923,1835720000.0,IXIC_chained,,,,,
2011-12-21,2355.1627774969234,1853710000.0,IXIC_chained,,,,,
2011-12-22,2374.7862990764843,1515610000.0,IXIC_chained,,,,,
2011-12-23,2392.3177046433198,960940000.0,IXIC_chained,,,,,
2011-12-27,2398.310794009612,945590000.0,IXIC_chained,,,,,
2011-12-28,2366.1347928704113,1069930000.0,IXIC_chained,,,,,
2011-12-29,2387.841287427929,1011380000.0,IXIC_chained,,,,,
2011-12-30,2379.9936182383703,1056790000.0,IXIC_chained,,,,,
2012-01-03,2419.7980402743524,1636850000.0,IXIC_chained,,,,,
2012-01-04,2419.4692783774744,1670530000.0,IXIC_chained,,,,,
2012-01-05,2439.1110896808627,1836410000.0,IXIC_chained,,,,,
2012-01-06,2443.09414205279,1683090000.0,IXIC_chained,,,,,
2012-01-09,2445.231982375084,1768080000.0,IXIC_chained,,,,,
2012-01-10,2468.9300022049924,1809500000.0,IXIC_chained,,,,,
2012-01-11,2476.476121171695,1699660000.0,IXIC_chained,,,,,
2012-01-12,2489.2112695764563,1669550000.0,IXIC_chained,,,,,
2012-01-13,2476.3938192416163,1655960000.0,IXIC_chained,,,,,
2012-01-17,2492.2992610515957,1664210000.0,IXIC_chained,,,,,
2012-01-18,2530.3311822826713,1968940000.0,IXIC_chained,,,,,
2012-01-19,2547.3420113320212,1959950000.0,IXIC_chained,,,,,
2012-01-20,2545.8527719397166,1949660000.0,IXIC_chained,,,,,
2012-01-23,2543.5414067206416,1652940000.0,IXIC_chained,,,,,
2012-01-24,2545.797904595379,1620690000.0,IXIC_chained,,,,,
2012-01-25,2574.7309010846334,1918040000.0,IXIC_chained,,,,,
2012-01-26,2562.8270224549833,1998970000.0,IXIC_chained,,,,,
2012-01-27,2573.123004139886,1707350000.0,IXIC_chained,,,,,
2012-01-30,2568.9113357015494,1668970000.0,IXIC_chained,,,,,
2012-01-31,2570.6472579723722,1786550000.0,IXIC_chained,,,,,
2012-02-01,2602.1015011134186,2125720000.0,IXIC_chained,,,,,
2012-02-02,2612.525284299106,1913430000.0,IXIC_chained,,,,,
2012-02-03,2654.5313350383417,2152890000.0,IXIC_chained,,,,,
2012-02-06,2651.1785947861486,1684490000.0,IXIC_chained,,,,,
2012-02-07,2653.088041953752,1784580000.0,IXIC_chained,,,,,
2012-02-08,2663.8499538963774,1981150000.0,IXIC_chained,,,,,
2012-02-09,2674.237158547982,2153090000.0,IXIC_chained,,,,,
2012-02-10,2652.905149283339,1787640000.0,IXIC_chained,,,,,
2012-02-13,2678.037541161215,1619980000.0,IXIC_chained,,,,,
2012-02-14,2678.4396821244045,1881630000.0,IXIC_chained,,,,,
2012-02-15,2663.8225202242083,2038980000.0,IXIC_chained,,,,,
2012-02-16,2704.038005173575,1945230000.0,IXIC_chained,,,,,
2012-02-17,2696.6654111036537,1973900000.0,IXIC_chained,,,,,
2012-02-21,2693.7328786267585,1821540000.0,IXIC_chained,,,,,
2012-02-22,2679.6637269162175,1706310000.0,IXIC_chained,,,,,
2012-02-23,2701.4159439561586,1768390000.0,IXIC_chained,,,,,
2012-02-24,2707.6008488566317,1643180000.0,IXIC_chained,,,,,
2012-02-27,2709.8024784734585,1763650000.0,IXIC_chained,,,,,
2012-02-28,2728.6221639500773,1812490000.0,IXIC_chained,,,,,
2012-02-29,2710.469369127275,2170190000.0,IXIC_chained,,,,,
2012-03-01,2730.6411238082096,1903690000.0,IXIC_chained,,,,,
2012-03-02,2718.9656383332494,1755130000.0,IXIC_chained,,,,,
2012-03-05,2695.477721934204,1679030000.0,IXIC_chained,,,,,
2012-03-06,2658.7887259591025,1870720000.0,IXIC_chained,,,,,
2012-03-07,2681.9659472733783,1589360000.0,IXIC_chained,,,,,
2012-03-08,2713.6943069651115,1619740000.0,IXIC_chained,,,,,
2012-03-09,2730.065679946386,1580560000.0,IXIC_chained,,,,,
2012-03-12,2725.789999301798,1341660000.0,IXIC_chained,,,,,
2012-03-13,2777.151025435006,1709900000.0,IXIC_chained,,,,,
2012-03-14,2777.927650777498,1662300000.0,IXIC_chained,,,,,
2012-03-15,2792.2160516943877,1677540000.0,IXIC_chained,,,,,
2012-03-16,2791.2018883352916,2088610000.0,IXIC_chained,,,,,
2012-03-19,2812.268925911161,1548400000.0,IXIC_chained,,,,,
2012-03-20,2808.459176437868,1508580000.0,IXIC_chained,,,,,
2012-03-21,2809.5282080548745,1552400000.0,IXIC_chained,,,,,
2012-03-22,2798.5653366297274,1524800000.0,IXIC_chained,,,,,
2012-03-23,2802.7676372944316,1428940000.0,IXIC_chained,,,,,
2012-03-26,2852.694514291391,1627520000.0,IXIC_chained,,,,,
2012-03-27,2850.6664104849174,1662460000.0,IXIC_chained,,,,,
2012-03-28,2836.6064027227176,1765680000.0,IXIC_chained,,,,,
2012-03-29,2827.836238964202,1756160000.0,IXIC_chained,,,,,
2012-03-30,2824.373763109761,1833130000.0,IXIC_chained,,,,,
2012-04-02,2850.072453987547,1768210000.0,IXIC_chained,,,,,
2012-04-03,2844.4723607225305,1804950000.0,IXIC_chained,,,,,
2012-04-04,2802.9230962926754,1813150000.0,IXIC_chained,,,,,
2012-04-05,2814.2604520971245,1548040000.0,IXIC_chained,,,,,
2012-04-09,2783.7289264367546,1371140000.0,IXIC_chained,,,,,
2012-04-10,2732.6966622004247,1953600000.0,IXIC_chained,,,,,
2012-04-11,2755.755225962258,1540890000.0,IXIC_chained,,,,,
2012-04-12,2791.4668600240648,1480340000.0,IXIC_chained,,,,,
2012-04-13,2751.0687053160036,1483850000.0,IXIC_chained,,,,,
2012-04-16,2730.1203243790046,1594320000.0,IXIC_chained,,,,,
2012-04-17,2779.837097945101,1555070000.0,IXIC_chained,,,,,
2012-04-18,2769.4496703817777,1599470000.0,IXIC_chained,,,,,
2012-04-19,2747.6245191853905,1991120000.0,IXIC_chained,,,,,
2012-04-20,2741.128919200148,1935880000.0,IXIC_chained,,,,,
2012-04-23,2713.7217406372806,1767360000.0,IXIC_chained,,,,,
2012-04-24,2705.636757256409,1690840000.0,IXIC_chained,,,,,
2012-04-25,2767.786906092693,1721330000.0,IXIC_chained,,,,,
2012-04-26,2786.953864274591,1763510000.0,IXIC_chained,,,,,
2012-04-27,2803.937036740053,1777750000.0,IXIC_chained,,,,,
2012-04-30,2783.0711806448517,1633170000.0,IXIC_chained,,,,,
2012-05-01,2786.7984052763472,1854230000.0,IXIC_chained,,,,,
2012-05-02,2795.3952670498006,1825190000.0,IXIC_chained,,,,,
2012-05-03,2762.9177156877445,1869130000.0,IXIC_chained,,,,,
2012-05-04,2700.8313561459936,1944010000.0,IXIC_chained,,,,,
2012-05-07,2702.1285580059716,1740430000.0,IXIC_chained,,,,,
2012-05-08,2691.63161775212,2175840000.0,IXIC_chained,,,,,
2012-05-09,2681.070664378444,2047090000.0,IXIC_chained,,,,,
2012-05-10,2680.0930795534296,2004150000.0,IXIC_chained,,,,,
2012-05-11,2680.2576825000156,1735380000.0,IXIC_chained,,,,,
2012-05-14,2651.717683025609,1683460000.0,IXIC_chained,,,,,
2012-05-15,2643.659910405188,1826210000.0,IXIC_chained,,,,,
2012-05-16,2625.644284856802,1933900000.0,IXIC_chained,,,,,
2012-05-17,2570.5100877843834,2016980000.0,IXIC_chained,,,,,
2012-05-18,2538.6264929196973,2692450000.0,IXIC_chained,,,,,
2012-05-21,2601.1330602367466,1870420000.0,IXIC_chained,,,,,
2012-05-22,2593.7058217342055,1861850000.0,IXIC_chained,,,,,
2012-05-23,2603.791699074673,1929640000.0,IXIC_chained,,,,,
2012-05-24,2593.979715373174,1750290000.0,IXIC_chained,,,,,
2012-05-25,2592.289739410066,1282680000.0,IXIC_chained,,,,,
2012-05-29,2622.857843604519,221430000.0,IXIC_chained,,,,,
2012-05-30,2592.1345033235407,1671040000.0,IXIC_chained,,,,,
2012-05-31,2582.980488325663,2180130000.0,IXIC_chained,,,,,
2012-06-01,2510.0224803254664,1966370000.0,IXIC_chained,,,,,
2012-06-04,2521.469572645736,1755750000.0,IXIC_chained,,,,,
2012-06-05,2538.005325661877,1625600000.0,IXIC_chained,,,,,
2012-06-06,2598.8582735517543,1761050000.0,IXIC_chained,,,,,
2012-06-07,2586.3423734397697,1655370000.0,IXIC_chained,,,,,
2012-06-08,2611.3741736637394,1390260000.0,IXIC_chained,,,,,
2012-06-11,2566.892375843417,1480220000.0,IXIC_chained,,,,,
2012-06-12,2597.350967347341,1594310000.0,IXIC_chained,,,,,
2012-06-13,2575.0050167217482,1602080000.0,IXIC_chained,,,,,
2012-06-14,2591.1934970326092,1633370000.0,IXIC_chained,,,,,
2012-06-15,2624.5114639452627,2020100000.0,IXIC_chained,,,,,
2012-06-18,2645.0942815395824,1586190000.0,IXIC_chained,,,,,
2012-06-19,2676.548524680629,1835480000.0,IXIC_chained,,,,,
2012-06-20,2677.1788358867902,1563080000.0,IXIC_chained,,,,,
2012-06-21,2611.9864189713644,1822200000.0,IXIC_chained,,,,,
2012-06-22,2642.435642701656,3544010000.0,IXIC_chained,,,,,
2012-06-25,2591.0380380343654,1514430000.0,IXIC_chained,,,,,
2012-06-26,2607.3911222053844,1623160000.0,IXIC_chained,,,,,
2012-06-27,2626.8136843024236,1668580000.0,IXIC_chained,,,,,
2012-06-28,2603.2160323011303,1795850000.0,IXIC_chained,,,,,
2012-06-29,2681.3813594632134,2021190000.0,IXIC_chained,,,,,
2012-07-02,2696.1629013982756,1845240000.0,IXIC_chained,,,,,
2012-07-03,2718.8652705046343,1009330000.0,IXIC_chained,,,,,
2012-07-05,2718.901849038717,1423990000.0,IXIC_chained,,,,,
2012-07-06,2683.464331527597,1437420000.0,IXIC_chained,,,,,
2012-07-09,2678.384814780067,1455500000.0,IXIC_chained,,,,,
2012-07-10,2651.489289870918,1725730000.0,IXIC_chained,,,,,
2012-07-11,2638.3794332615635,1635120000.0,IXIC_chained,,,,,
2012-07-12,2618.472650269402,1719460000.0,IXIC_chained,,,,,
2012-07-13,2657.0985279978486,1373620000.0,IXIC_chained,,,,,
2012-07-16,2646.565008296341,1414470000.0,IXIC_chained,,,,,
2012-07-17,2658.532899132243,1774160000.0,IXIC_chained,,,,,
2012-07-18,2688.2788774999262,1817040000.0,IXIC_chained,,,,,
2012-07-19,2709.564940456854,1735920000.0,IXIC_chained,,,,,
2012-07-20,2672.4740264302814,1810420000.0,IXIC_chained,,,,,
2012-07-23,2640.361814585613,1607140000.0,IXIC_chained,,,,,
2012-07-24,2615.549262654421,1748410000.0,IXIC_chained,,,,,
2012-07-25,2607.555502240251,1784150000.0,IXIC_chained,,,,,
2012-07-26,2643.1939792338926,1981520000.0,IXIC_chained,,,,,
2012-07-27,2702.4301082288275,2102610000.0,IXIC_chained,,,,,
2012-07-30,2691.23884364899,1483990000.0,IXIC_chained,,,,,
2012-07-31,2685.4650025754745,1801440000.0,IXIC_chained,,,,,
2012-08-01,2667.8238614063907,1722530000.0,IXIC_chained,,,,,
2012-08-02,2658.2862171672978,1822620000.0,IXIC_chained,,,,,
2012-08-03,2711.3920856943787,1730210000.0,IXIC_chained,,,,,
2012-08-06,2731.4998281690614,1528260000.0,IXIC_chained,,,,,
2012-08-07,2755.207215772603,1899240000.0,IXIC_chained,,,,,
2012-08-08,2750.995548247839,1874580000.0,IXIC_chained,,,,,
2012-08-09,2757.7467521482217,1677970000.0,IXIC_chained,,,,,
2012-08-10,2759.7750788664143,1556460000.0,IXIC_chained,,,,,
2012-08-13,2761.2915299327415,1353380000.0,IXIC_chained,,,,,
2012-08-14,2756.230301081894,1567830000.0,IXIC_chained,,,,,
2012-08-15,2768.9745952621415,1536730000.0,IXIC_chained,,,,,
2012-08-16,2797.7155542190703,1937430000.0,IXIC_chained,,,,,
2012-08-17,2810.6884635521546,1640640000.0,IXIC_chained,,,,,
2012-08-20,2810.3411899333028,1451550000.0,IXIC_chained,,,,,
2012-08-21,2802.1647597604388,1574220000.0,IXIC_chained,,,,,
2012-08-22,2808.0206798523145,1459130000.0,IXIC_chained,,,,,
2012-08-23,2789.502544598551,1383860000.0,IXIC_chained,,,,,
2012-08-24,2804.476124979513,1349740000.0,IXIC_chained,,,,,
2012-08-27,2807.5821823531883,1383530000.0,IXIC_chained,,,,,
2012-08-28,2811.1907503458133,1364740000.0,IXIC_chained,,,,,
2012-08-29,2814.8907633032863,1282900000.0,IXIC_chained,,,,,
2012-08-30,2785.2179429173407,1216640000.0,IXIC_chained,,,,,
2012-08-31,2801.890643209752,1394760000.0,IXIC_chained,,,,,
2012-09-04,2809.2906709518425,1505960000.0,IXIC_chained,,,,,
2012-09-05,2804.0010498598767,1495030000.0,IXIC_chained,,,,,
2012-09-06,2864.7902075416496,1918900000.0,IXIC_chained,,,,,
2012-09-07,2865.347361679646,1740640000.0,IXIC_chained,,,,,
2012-09-10,2835.7476983618653,1575370000.0,IXIC_chained,,,,,
2012-09-11,2836.213628619588,1586250000.0,IXIC_chained,,,,,
2012-09-12,2845.1483962382613,1689140000.0,IXIC_chained,,,,,
2012-09-13,2883.0799487271497,1870050000.0,IXIC_chained,,,,,
2012-09-14,2908.769494743022,1984720000.0,IXIC_chained,,,,,
2012-09-17,2903.9458048223514,1485390000.0,IXIC_chained,,,,,
2012-09-18,2903.15111266775,1707200000.0,IXIC_chained,,,,,
2012-09-19,2907.5545948131225,1850920000.0,IXIC_chained,,,,,
2012-09-20,2901.4700586548374,1809130000.0,IXIC_chained,,,,,
2012-09-21,2905.1243491298865,2526250000.0,IXIC_chained,,,,,
2012-09-24,2887.6020884249647,1704860000.0,IXIC_chained,,,,,
2012-09-25,2848.272742422191,1975470000.0,IXIC_chained,,,,,
2012-09-26,2826.3195658997283,1738010000.0,IXIC_chained,,,,,
2012-09-27,2865.511965539804,1691800000.0,IXIC_chained,,,,,
2012-09-28,2846.902383494048,1864640000.0,IXIC_chained,,,,,
2012-10-01,2844.4357821884482,1758170000.0,IXIC_chained,,,,,
2012-10-02,2850.3831490723164,1609570000.0,IXIC_chained,,,,,
2012-10-03,2864.2602632505304,1704050000.0,IXIC_chained,,,,,
2012-10-04,2877.2603842576377,1585190000.0,IXIC_chained,,,,,
2012-10-05,2865.1372573352105,1607940000.0,IXIC_chained,,,,,
2012-10-08,2843.3578295348193,1186260000.0,IXIC_chained,,,,,
2012-10-09,2800.1183662301373,1645740000.0,IXIC_chained,,,,,
2012-10-10,2788.0226729798787,1788970000.0,IXIC_chained,,,,,
2012-10-11,2785.857398985416,1595020000.0,IXIC_chained,,,,,
2012-10-12,2781.0156422526366,1524840000.0,IXIC_chained,,,,,
2012-10-15,2799.3508848359866,1563440000.0,IXIC_chained,,,,,
2012-10-16,2833.143926868276,1736930000.0,IXIC_chained,,,,,
2012-10-17,2835.8391442402853,1770920000.0,IXIC_chained,,,,,
2012-10-18,2807.289999903965,2043290000.0,IXIC_chained,,,,,
2012-10-19,2745.8522412922034,2225580000.0,IXIC_chained,,,,,
2012-10-22,2756.212012271639,1654130000.0,IXIC_chained,,,,,
2012-10-23,2732.002337874439,1830840000.0,IXIC_chained,,,,,
2012-10-24,2723.9994325983557,1967000000.0,IXIC_chained,,,,,
2012-10-25,2728.03757522634,1922660000.0,IXIC_chained,,,,,
2012-10-26,2729.70926146562,1839700000.0,IXIC_chained,,,,,
2012-10-31,2719.9157894860946,1806780000.0,IXIC_chained,,,,,
2012-11-01,2759.0441769199188,1880140000.0,IXIC_chained,,,,,
2012-11-02,2724.3922067014855,1834590000.0,IXIC_chained,,,,,
2012-11-05,2740.407161201994,1496210000.0,IXIC_chained,,,,,
2012-11-06,2751.616715505659,1782430000.0,IXIC_chained,,,,,
2012-11-07,2683.4277529935143,2059690000.0,IXIC_chained,,,,,
2012-11-08,2645.322674694273,1876420000.0,IXIC_chained,,,,,
2012-11-09,2653.8097999519064,1802580000.0,IXIC_chained,,,,,
2012-11-12,2653.2432780402773,1379240000.0,IXIC_chained,,,,,
2012-11-13,2634.642841770008,1816260000.0,IXIC_chained,,,,,
2012-11-14,2600.7677207193583,2106590000.0,IXIC_chained,,,,,
2012-11-15,2591.7506511706056,2010300000.0,IXIC_chained,,,,,
2012-11-16,2606.541338881155,2187730000.0,IXIC_chained,,,,,
2012-11-19,2664.0417685169855,1767240000.0,IXIC_chained,,,,,
2012-11-20,2664.5989235685543,1588750000.0,IXIC_chained,,,,,
2012-11-21,2673.615992203734,1430060000.0,IXIC_chained,,,,,
2012-11-23,2710.4330135049113,792750000.0,IXIC_chained,,,,,
2012-11-26,2719.50472657271,1641710000.0,IXIC_chained,,,,,
2012-11-27,2711.2917178657635,1763320000.0,IXIC_chained,,,,,
2012-11-28,2733.2083158541436,1725550000.0,IXIC_chained,,,,,
2012-11-29,2751.708161384079,1758440000.0,IXIC_chained,,,,,
2012-11-30,2750.072830767163,2194240000.0,IXIC_chained,,,,,
2012-12-03,2742.727671282982,1667330000.0,IXIC_chained,,,,,
2012-12-04,2737.693877017876,1781760000.0,IXIC_chained,,,,,
2012-12-05,2716.690851648258,1800820000.0,IXIC_chained,,,,,
2012-12-06,2730.915240358897,1713460000.0,IXIC_chained,,,,,
2012-12-07,2720.6558372080763,1613570000.0,IXIC_chained,,,,,
2012-12-10,2728.8048337087716,1528430000.0,IXIC_chained,,,,,
2012-12-11,2761.09057045022,1921860000.0,IXIC_chained,,,,,
2012-12-12,2753.3343480526546,1756220000.0,IXIC_chained,,,,,
2012-12-13,2733.5553665612765,1833990000.0,IXIC_chained,,,,,
2012-12-14,2714.5258005655137,1786980000.0,IXIC_chained,,,,,
2012-12-17,2750.40181557576,1911420000.0,IXIC_chained,,,,,
2012-12-18,2790.534997681475,2022130000.0,IXIC_chained,,,,,
2012-12-19,2781.244035407327,1933270000.0,IXIC_chained,,,,,
2012-12-20,2786.752682793923,1691190000.0,IXIC_chained,,,,,
2012-12-21,2759.9120261426847,2843090000.0,IXIC_chained,,,,,
2012-12-24,2752.228960813284,614230000.0,IXIC_chained,,,,,
2012-12-26,2731.728221323752,1059190000.0,IXIC_chained,,,,,
2012-12-27,2727.8455376940124,1342790000.0,IXIC_chained,,,,,
2012-12-28,2704.4582129488736,1143530000.0,IXIC_chained,,,,,
2012-12-31,2758.541667214541,1557230000.0,IXIC_chained,,,,,
2013-01-02,2843.27552760474,2111300000.0,IXIC_chained,,,,,
2013-01-03,2832.595916678621,1769420000.0,IXIC_chained,,,,,
2013-01-04,2833.5915683157436,1745140000.0,IXIC_chained,,,,,
2013-01-07,2830.988020647446,1702540000.0,IXIC_chained,,,,,
2013-01-08,2824.59301231611,1744380000.0,IXIC_chained,,,,,
2013-01-09,2837.383028978782,1732510000.0,IXIC_chained,,,,,
2013-01-10,2851.9544674829817,1754240000.0,IXIC_chained,,,,,
2013-01-11,2855.4898774938692,1772600000.0,IXIC_chained,,,,,
2013-01-14,2848.0626389913286,1876050000.0,IXIC_chained,,,,,
2013-01-15,2841.923457486852,1852870000.0,IXIC_chained,,,,,
2013-01-16,2848.0992175254105,1692380000.0,IXIC_chained,,,,,
2013-01-17,2864.96373243843,1766510000.0,IXIC_chained,,,,,
2013-01-18,2863.7851881308943,1860070000.0,IXIC_chained,,,,,
2013-01-22,2871.523121718205,1790730000.0,IXIC_chained,,,,,
2013-01-23,2881.106489353295,1698190000.0,IXIC_chained,,,,,
2013-01-24,2859.82934743299,2046990000.0,IXIC_chained,,,,,
2013-01-25,2877.4887774123285,1920250000.0,IXIC_chained,,,,,
2013-01-28,2881.6821561268375,1935590000.0,IXIC_chained,,,,,
2013-01-29,2881.097344491381,2050670000.0,IXIC_chained,,,,,
2013-01-30,2870.728429563604,2014350000.0,IXIC_chained,,,,,
2013-01-31,2870.5638257034466,2190840000.0,IXIC_chained,,,,,
2013-02-01,2904.3388018371993,2012930000.0,IXIC_chained,,,,,
2013-02-04,2860.551105431144,1874750000.0,IXIC_chained,,,,,
2013-02-05,2897.468717472655,2150080000.0,IXIC_chained,,,,,
2013-02-06,2894.636552824376,2002740000.0,IXIC_chained,,,,,
2013-02-07,2891.575995934978,1955960000.0,IXIC_chained,,,,,
2013-02-08,2917.8322867741977,1816480000.0,IXIC_chained,,,,,
2013-02-11,2916.1237990891163,1551370000.0,IXIC_chained,,,,,
2013-02-12,2911.09000482401,1786800000.0,IXIC_chained,,,,,
2013-02-13,2920.5819265806795,1822450000.0,IXIC_chained,,,,,
2013-02-14,2922.2081123356825,1924900000.0,IXIC_chained,,,,,
2013-02-15,2916.151232761285,1858670000.0,IXIC_chained,,,,,
2013-02-19,2935.8479123225834,1843840000.0,IXIC_chained,,,,,
2013-02-20,2890.9182501430755,2001800000.0,IXIC_chained,,,,,
2013-02-21,2860.843510792086,2052630000.0,IXIC_chained,,,,,
2013-02-22,2888.5522395778094,1581500000.0,IXIC_chained,,,,,
2013-02-25,2846.9206732178754,1930990000.0,IXIC_chained,,,,,
2013-02-26,2859.162456779173,1847750000.0,IXIC_chained,,,,,
2013-02-27,2888.954158542853,1727260000.0,IXIC_chained,,,,,
2013-02-28,2887.0630001855043,2022530000.0,IXIC_chained,,,,,
2013-03-01,2895.7876634597424,1870250000.0,IXIC_chained,,,,,
2013-03-04,2907.0155065736626,1718290000.0,IXIC_chained,,,,,
2013-03-05,2945.476780441951,1891510000.0,IXIC_chained,,,,,
2013-03-06,2943.8691064089226,1764020000.0,IXIC_chained,,,,,
2013-03-07,2952.7490057696855,1675640000.0,IXIC_chained,,,,,
2013-03-08,2963.9677040216916,1611700000.0,IXIC_chained,,,,,
2013-03-11,2971.733071281171,1628500000.0,IXIC_chained,,,,,
2013-03-12,2962.094835388171,1673740000.0,IXIC_chained,,,,,
2013-03-13,2964.6528834857636,1577280000.0,IXIC_chained,,,,,
2013-03-14,2977.2691523399358,1651650000.0,IXIC_chained,,,,,
2013-03-15,2968.261450564816,2305230000.0,IXIC_chained,,,,,
2013-03-18,2957.773655172878,1550510000.0,IXIC_chained,,,,,
2013-03-19,2950.017432775312,1690680000.0,IXIC_chained,,,,,
2013-03-20,2972.9388263491564,1599120000.0,IXIC_chained,,,,,
2013-03-21,2944.0792107533575,1692260000.0,IXIC_chained,,,,,
2013-03-22,2964.5431478835158,1681360000.0,IXIC_chained,,,,,
2013-03-25,2955.68153824658,1666010000.0,IXIC_chained,,,,,
2013-03-26,2971.376652800405,1444500000.0,IXIC_chained,,,,,
2013-03-27,2975.067522723109,1420130000.0,IXIC_chained,,,,,
2013-03-28,2985.116821529494,1636800000.0,IXIC_chained,,,,,
2013-04-01,2959.2169482574673,1481360000.0,IXIC_chained,,,,,
2013-04-02,2973.551071656782,1580800000.0,IXIC_chained,,,,,
2013-04-03,2940.424920278309,1813910000.0,IXIC_chained,,,,,
2013-04-04,2946.253405784443,1475720000.0,IXIC_chained,,,,,
2013-04-05,2926.958868099907,1594090000.0,IXIC_chained,,,,,
2013-04-08,2943.7593708066743,1323520000.0,IXIC_chained,,,,,
2013-04-09,2958.0203371378234,1498130000.0,IXIC_chained,,,,,
2013-04-10,3012.2773172138436,1769870000.0,IXIC_chained,,,,,
2013-04-11,3014.9357331400515,1829170000.0,IXIC_chained,,,,,
2013-04-12,3010.176055425632,1471180000.0,IXIC_chained,,,,,
2013-04-15,2938.4971833868776,1779320000.0,IXIC_chained,,,,,
2013-04-16,2982.4764715018223,1515400000.0,IXIC_chained,,,,,
2013-04-17,2927.6986929101695,1902730000.0,IXIC_chained,,,,,
2013-04-18,2892.699894896322,1766000000.0,IXIC_chained,,,,,
2013-04-19,2928.968684009698,1738850000.0,IXIC_chained,,,,,
2013-04-22,2954.0827861637463,1628340000.0,IXIC_chained,,,,,
2013-04-23,2986.770440956666,1684770000.0,IXIC_chained,,,,,
2013-04-24,2987.0626234058886,1738590000.0,IXIC_chained,,,,,
2013-04-25,3005.644770865903,2012230000.0,IXIC_chained,,,,,
2013-04-26,2995.8421549380364,1721970000.0,IXIC_chained,,,,,
2013-04-29,3021.202939970603,1594110000.0,IXIC_chained,,,,,
2013-04-30,3041.091433238937,1984270000.0,IXIC_chained,,,,,
2013-05-01,3013.99472684912,1884600000.0,IXIC_chained,,,,,
2013-05-02,3051.899068577559,1757480000.0,IXIC_chained,,,,,
2013-05-03,3086.6237500407196,1745570000.0,IXIC_chained,,,,,
2013-05-06,3099.7244617881606,1500410000.0,IXIC_chained,,,,,
2013-05-07,3103.06805717844,1709800000.0,IXIC_chained,,,,,
2013-05-08,3118.2700307140926,1756400000.0,IXIC_chained,,,,,
2013-05-09,3114.524293447051,1826220000.0,IXIC_chained,,,,,
2013-05-10,3139.5654614446526,1689730000.0,IXIC_chained,,,,,
2013-05-13,3141.584421302785,1615510000.0,IXIC_chained,,,,,
2013-05-14,3163.34578320464,1820520000.0,IXIC_chained,,,,,
2013-05-15,3171.577081635414,1843910000.0,IXIC_chained,,,,,
2013-05-16,3165.7483723039886,1945760000.0,IXIC_chained,,,,,
2013-05-17,3196.5631593769594,1828610000.0,IXIC_chained,,,,,
2013-05-20,3194.242649295971,1745260000.0,IXIC_chained,,,,,
2013-05-21,3199.441046507663,1776780000.0,IXIC_chained,,,,,
2013-05-22,3163.976095324374,2179330000.0,IXIC_chained,,,,,
2013-05-23,3160.4313175398543,1820670000.0,IXIC_chained,,,,,
2013-05-24,3160.175490712995,1449210000.0,IXIC_chained,,,,,
2013-05-28,3187.3542761211716,1748070000.0,IXIC_chained,,,,,
2013-05-29,3167.8313452819452,1794650000.0,IXIC_chained,,,,,
2013-05-30,3189.5561286497173,1737320000.0,IXIC_chained,,,,,
2013-05-31,3157.2246685122723,1968270000.0,IXIC_chained,,,,,
2013-06-03,3165.8672527681497,2054100000.0,IXIC_chained,,,,,
2013-06-04,3147.4952096525712,1871640000.0,IXIC_chained,,,,,
2013-06-05,3107.498972995981,1813890000.0,IXIC_chained,,,,,
2013-06-06,3128.1183700379556,1802700000.0,IXIC_chained,,,,,
2013-06-07,3169.3843739687823,1646810000.0,IXIC_chained,,,,,
2013-06-10,3173.541174149209,1556520000.0,IXIC_chained,,,,,
2013-06-11,3139.9033672898718,1560370000.0,IXIC_chained,,,,,
2013-06-12,3106.5396778947947,1630200000.0,IXIC_chained,,,,,
2013-06-13,3147.586655530991,1584740000.0,IXIC_chained,,,,,
2013-06-14,3127.670728590488,1458030000.0,IXIC_chained,,,,,
2013-06-17,3153.771337519745,1581830000.0,IXIC_chained,,,,,
2013-06-18,3181.224239478609,1675090000.0,IXIC_chained,,,,,
2013-06-19,3145.613196157136,1649200000.0,IXIC_chained,,,,,
2013-06-20,3073.8428782399615,2041500000.0,IXIC_chained,,,,,
2013-06-21,3067.0916743395787,2921900000.0,IXIC_chained,,,,,
2013-06-24,3033.75541861667,2030960000.0,IXIC_chained,,,,,
2013-06-25,3058.5405368756938,1657280000.0,IXIC_chained,,,,,
2013-06-26,3084.4221204238925,1671280000.0,IXIC_chained,,,,,
2013-06-27,3107.846246614833,1689800000.0,IXIC_chained,,,,,
2013-06-28,3109.1160148026424,3630410000.0,IXIC_chained,,,,,
2013-07-01,3137.656014277049,1586750000.0,IXIC_chained,,,,,
2013-07-02,3136.6601397282075,1685190000.0,IXIC_chained,,,,,
2013-07-03,3146.0425487943485,935980000.0,IXIC_chained,,,,,
2013-07-05,3178.6661913810162,1254400000.0,IXIC_chained,,,,,
2013-07-08,3183.6453402999314,1521720000.0,IXIC_chained,,,,,
2013-07-09,3201.3959941595435,1633520000.0,IXIC_chained,,,,,
2013-07-10,3216.469942369121,1567340000.0,IXIC_chained,,,,,
2013-07-11,3269.0369464820337,1744210000.0,IXIC_chained,,,,,
2013-07-12,3288.9345846122815,1615820000.0,IXIC_chained,,,,,
2013-07-15,3295.704077322919,1449130000.0,IXIC_chained,,,,,
2013-07-16,3287.4910686159724,1590540000.0,IXIC_chained,,,,,
2013-07-17,3297.9971537317388,1564340000.0,IXIC_chained,,,,,
2013-07-18,3299.16655317736,1719390000.0,IXIC_chained,,,,,
2013-07-19,3277.542360549922,1785460000.0,IXIC_chained,,,,,
2013-07-22,3289.217623113163,1507010000.0,IXIC_chained,,,,,
2013-07-23,3269.9230854286266,1620350000.0,IXIC_chained,,,,,
2013-07-24,3270.224635651483,1856660000.0,IXIC_chained,,,,,
2013-07-25,3293.602815534708,2203970000.0,IXIC_chained,,,,,
2013-07-26,3300.883962812637,1796060000.0,IXIC_chained,,,,,
2013-07-29,3288.0756573397102,1545720000.0,IXIC_chained,,,,,
2013-07-30,3303.907942081524,1763580000.0,IXIC_chained,,,,,
2013-07-31,3312.952444388873,1942380000.0,IXIC_chained,,,,,
2013-08-01,3358.055408553443,1863290000.0,IXIC_chained,,,,,
2013-08-02,3370.7084788534166,1683270000.0,IXIC_chained,,,,,
2013-08-05,3373.7779576930093,1471860000.0,IXIC_chained,,,,,
2013-08-06,3348.947116951562,1444200000.0,IXIC_chained,,,,,
2013-08-07,3338.2034938191914,1659780000.0,IXIC_chained,,,,,
2013-08-08,3352.0076738409593,1702950000.0,IXIC_chained,,,,,
2013-08-09,3343.776375410185,1546570000.0,IXIC_chained,,,,,
2013-08-12,3352.7657874614774,1422420000.0,IXIC_chained,,,,,
2013-08-13,3366.0034455716163,1644730000.0,IXIC_chained,,,,,
2013-08-14,3352.1446211172297,1589370000.0,IXIC_chained,,,,,
2013-08-15,3294.452598858937,1742510000.0,IXIC_chained,,,,,
2013-08-16,3291.401185917881,1520430000.0,IXIC_chained,,,,,
2013-08-19,3278.89443066781,1381050000.0,IXIC_chained,,,,,
2013-08-20,3301.276959827486,1308280000.0,IXIC_chained,,,,,
2013-08-21,3288.6696129235083,1438510000.0,IXIC_chained,,,,,
2013-08-22,3324.2257879870704,927400000.0,IXIC_chained,,,,,
2013-08-23,3341.656824811719,1499890000.0,IXIC_chained,,,,,
2013-08-26,3341.455865329197,1404230000.0,IXIC_chained,,,,,
2013-08-27,3269.237905964555,1640040000.0,IXIC_chained,,,,,
2013-08-28,3282.7862591594635,1370650000.0,IXIC_chained,,,,,
2013-08-29,3307.4069964700484,1344900000.0,IXIC_chained,,,,,
2013-08-30,3279.607043804051,1328320000.0,IXIC_chained,,,,,
2013-09-03,3300.3816760189784,1628810000.0,IXIC_chained,,,,,
2013-09-04,3333.663064397549,1855980000.0,IXIC_chained,,,,,
2013-09-05,3342.561252568567,1550180000.0,IXIC_chained,,,,,
2013-09-06,3343.684929531765,1647310000.0,IXIC_chained,,,,,
2013-09-09,3385.864506081354,1664290000.0,IXIC_chained,,,,,
2013-09-10,3406.7305850882744,1842570000.0,IXIC_chained,,,,,
2013-09-11,3403.0671497513117,1722380000.0,IXIC_chained,,,,,
2013-09-12,3394.8084176483685,1653860000.0,IXIC_chained,,,,,
2013-09-13,3400.48166798155,1460190000.0,IXIC_chained,,,,,
2013-09-16,3396.5260501953644,1542500000.0,IXIC_chained,,,,,
2013-09-17,3421.9689133327183,1338800000.0,IXIC_chained,,,,,
2013-09-18,3456.6298055013463,1828820000.0,IXIC_chained,,,,,
2013-09-19,3461.8737031973155,1775980000.0,IXIC_chained,,,,,
2013-09-20,3448.4899529489926,2711270000.0,IXIC_chained,,,,,
2013-09-23,3439.865881328661,1728620000.0,IXIC_chained,,,,,
2013-09-24,3442.570020650865,1810950000.0,IXIC_chained,,,,,
2013-09-25,3436.038065956832,1821790000.0,IXIC_chained,,,,,
2013-09-26,3460.0922813557872,1817960000.0,IXIC_chained,,,,,
2013-09-27,3454.757159779544,1699720000.0,IXIC_chained,,,,,
2013-09-30,3445.520841938015,1895760000.0,IXIC_chained,,,,,
2013-10-01,3488.00196871046,1843320000.0,IXIC_chained,,,,,
2013-10-02,3485.297830301828,1792980000.0,IXIC_chained,,,,,
2013-10-03,3448.1337582935175,1884340000.0,IXIC_chained,,,,,
2013-10-04,3478.6561390919746,1549600000.0,IXIC_chained,,,,,
2013-10-07,3444.5158234408327,1475990000.0,IXIC_chained,,,,,
2013-10-08,3375.495590240005,2087580000.0,IXIC_chained,,,,,
2013-10-09,3359.91913232505,2242700000.0,IXIC_chained,,,,,
2013-10-10,3435.7182260101486,1902410000.0,IXIC_chained,,,,,
2013-10-11,3464.148712794026,1750350000.0,IXIC_chained,,,,,
2013-10-14,3485.53536740486,1455160000.0,IXIC_chained,,,,,
2013-10-15,3466.1036604459073,1745560000.0,IXIC_chained,,,,,
2013-10-16,3507.5980575314247,1744000000.0,IXIC_chained,,,,,
2013-10-17,3529.2679726412866,1975140000.0,IXIC_chained,,,,,
2013-10-18,3575.9790566623233,1943090000.0,IXIC_chained,,,,,
2013-10-21,3581.2503889440336,1674470000.0,IXIC_chained,,,,,
2013-10-22,3589.94761763253,1890500000.0,IXIC_chained,,,,,
2013-10-23,3569.3922337103795,1915030000.0,IXIC_chained,,,,,
2013-10-24,3589.390240582815,2054350000.0,IXIC_chained,,,,,
2013-10-25,3602.545819674594,2225780000.0,IXIC_chained,,,,,
2013-10-28,3599.594775475725,1904810000.0,IXIC_chained,,,,,
2013-10-29,3610.749684433199,1897380000.0,IXIC_chained,,,,,
2013-10-30,3590.906913647289,1923000000.0,IXIC_chained,,,,,
2013-10-31,3580.939693859264,2139650000.0,IXIC_chained,,,,,
2013-11-01,3583.0683893196447,1949460000.0,IXIC_chained,,,,,
2013-11-04,3596.3609156876937,1817880000.0,IXIC_chained,,,,,
2013-11-05,3599.348315508926,1934630000.0,IXIC_chained,,,,,
2013-11-06,3592.1218135771883,2020160000.0,IXIC_chained,,,,,
2013-11-07,3523.9511407888713,2303320000.0,IXIC_chained,,,,,
2013-11-08,3580.5011963601382,1981740000.0,IXIC_chained,,,,,
2013-11-11,3581.0128509274296,1595340000.0,IXIC_chained,,,,,
2013-11-12,3581.1315084798725,1776860000.0,IXIC_chained,,,,,
2013-11-13,3622.845376769885,1827220000.0,IXIC_chained,,,,,
2013-11-14,3629.3864763258325,1965350000.0,IXIC_chained,,,,,
2013-11-15,3641.4730247141774,1899150000.0,IXIC_chained,,,,,
2013-11-18,3607.762283698394,1829870000.0,IXIC_chained,,,,,
2013-11-19,3591.7564740597995,1747840000.0,IXIC_chained,,,,,
2013-11-20,3582.3649210453177,1721160000.0,IXIC_chained,,,,,
2013-11-21,3626.1158150919996,1684250000.0,IXIC_chained,,,,,
2013-11-22,3646.662054152236,1730280000.0,IXIC_chained,,,,,
2013-11-25,3649.3298378520767,1795760000.0,IXIC_chained,,,,,
2013-11-26,3670.506389032048,1907680000.0,IXIC_chained,,,,,
2013-11-27,3695.1728497386284,1477020000.0,IXIC_chained,,,,,
2013-11-29,3709.004241434419,853500000.0,IXIC_chained,,,,,
2013-12-02,3695.6387809099238,1680380000.0,IXIC_chained,,,,,
2013-12-03,3688.2753317019155,1875010000.0,IXIC_chained,,,,,
2013-12-04,3689.0062345619835,1886970000.0,IXIC_chained,,,,,
2013-12-05,3684.5936075546974,1880950000.0,IXIC_chained,,,,,
2013-12-06,3711.4070534454863,1727130000.0,IXIC_chained,,,,,
2013-12-09,3717.0985925889227,1717120000.0,IXIC_chained,,,,,
2013-12-10,3709.5524736222205,1864860000.0,IXIC_chained,,,,,
2013-12-11,3657.7712406272867,1923520000.0,IXIC_chained,,,,,
2013-12-12,3652.8286693288815,1893270000.0,IXIC_chained,,,,,
2013-12-13,3655.1857579439525,1615340000.0,IXIC_chained,,,,,
2013-12-16,3681.2591570263316,1943830000.0,IXIC_chained,,,,,
2013-12-17,3675.92381253837,1861130000.0,IXIC_chained,,,,,
2013-12-18,3718.2954266202855,2178330000.0,IXIC_chained,,,,,
2013-12-19,3707.405489351585,1813050000.0,IXIC_chained,,,,,
2013-12-20,3749.978284914169,3510420000.0,IXIC_chained,,,,,
2013-12-23,3790.321348452601,1779400000.0,IXIC_chained,,,,,
2013-12-24,3796.2778601983828,802270000.0,IXIC_chained,,,,,
2013-12-26,3807.0217062424726,1180670000.0,IXIC_chained,,,,,
2013-12-27,3797.346668903671,1255020000.0,IXIC_chained,,,,,
2013-12-30,3795.1635510088186,1349470000.0,IXIC_chained,,,,,
2013-12-31,3815.6181212789156,1401140000.0,IXIC_chained,,,,,
2014-01-02,3784.995148826553,1738820000.0,IXIC_chained,,,,,
2014-01-03,3774.7999817072755,1667480000.0,IXIC_chained,,13.76,,,
2014-01-06,3758.1455711386916,2292840000.0,IXIC_chained,,13.55,,,
2014-01-07,3794.231689579801,2278220000.0,IXIC_chained,,12.92,,,
2014-01-08,3805.587111282786,2345220000.0,IXIC_chained,,12.87,,,
2014-01-09,3796.9813284727097,2214770000.0,IXIC_chained,,12.89,,,
2014-01-10,3813.8641331095564,2143070000.0,IXIC_chained,,12.14,,,
2014-01-13,3757.7980746081203,2322240000.0,IXIC_chained,,13.28,,,
2014-01-14,3821.4925540063377,2034180000.0,IXIC_chained,,12.28,,,
2014-01-15,3850.5988524806544,2101870000.0,IXIC_chained,,12.28,,,
2014-01-16,3854.0796171453503,2005850000.0,IXIC_chained,,12.53,,,
2014-01-17,3834.7942243227285,2150370000.0,IXIC_chained,,12.44,,,
2014-01-21,3860.5384156847917,2034030000.0,IXIC_chained,,12.87,,,
2014-01-22,3876.2886214082455,2026910000.0,IXIC_chained,,12.84,,,
2014-01-23,3854.253142955703,2191980000.0,IXIC_chained,,13.77,,,
2014-01-24,3771.3830063371115,2489470000.0,IXIC_chained,,18.14,,,
2014-01-27,3730.674379456,2398280000.0,IXIC_chained,,17.42,,,
2014-01-28,3743.784013153636,2091180000.0,IXIC_chained,,15.8,,,
2014-01-29,3701.2754527090224,2231850000.0,IXIC_chained,,17.35,,,
2014-01-30,3766.778564709218,2168410000.0,IXIC_chained,,17.29,,,
2014-01-31,3749.192291798044,2300570000.0,IXIC_chained,,18.41,,,
2014-02-03,3651.5131786586485,2617030000.0,IXIC_chained,,21.44,,,
2014-02-04,3683.0863022638564,2173360000.0,IXIC_chained,,19.11,,,
2014-02-05,3664.84228356078,2168360000.0,IXIC_chained,,19.95,,,
2014-02-06,3706.473849920714,1942700000.0,IXIC_chained,,17.23,,,
2014-02-07,3769.2725996869863,2055850000.0,IXIC_chained,,15.29,,,
2014-02-10,3789.654458712357,1811970000.0,IXIC_chained,,15.26,,,
2014-02-11,3828.828345716886,1993950000.0,IXIC_chained,,14.51,,,
2014-02-12,3838.183543109005,2035890000.0,IXIC_chained,,14.3,,,
2014-02-13,3874.1599259478653,2249990000.0,IXIC_chained,,14.14,,,
2014-02-14,3877.2204837508357,1881510000.0,IXIC_chained,,13.57,,,
2014-02-18,3903.4946175768723,1886210000.0,IXIC_chained,,13.87,,,
2014-02-19,3871.675257830157,1956720000.0,IXIC_chained,,15.5,,,
2014-02-20,3898.716651052198,1992780000.0,IXIC_chained,,14.79,,,
2014-02-21,3894.9347810745116,2138250000.0,IXIC_chained,,14.68,,,
2014-02-24,3921.9400415859086,2161300000.0,IXIC_chained,,14.23,,,
2014-02-25,3917.024681961526,2137150000.0,IXIC_chained,,13.67,,,
2014-02-26,3921.1085479855064,2108270000.0,IXIC_chained,,14.35,,,
2014-02-27,3945.6563511396444,2049160000.0,IXIC_chained,,14.04,,,
2014-02-28,3935.7805772300403,2617730000.0,IXIC_chained,,14.0,,,
2014-03-03,3907.62398408513,2077500000.0,IXIC_chained,,16.0,,,
2014-03-04,3975.840826092882,2477850000.0,IXIC_chained,,14.1,,,
2014-03-05,3981.322261805455,2215980000.0,IXIC_chained,,13.89,,,
2014-03-06,3975.986694405774,2136260000.0,IXIC_chained,,14.21,,,
2014-03-07,3961.452057347376,2175560000.0,IXIC_chained,,14.11,,,
2014-03-10,3959.8350155407147,2111610000.0,IXIC_chained,,14.2,,,
2014-03-11,3934.9307939058103,2477780000.0,IXIC_chained,,14.8,,,
2014-03-12,3949.6759811320817,2131880000.0,IXIC_chained,,14.47,,,
2014-03-13,3892.2029851684197,2383600000.0,IXIC_chained,,16.22,,,
2014-03-14,3878.4811061631585,2196890000.0,IXIC_chained,,17.82,,,
2014-03-17,3910.0453078181718,1810410000.0,IXIC_chained,,15.64,,,
2014-03-18,3958.7934185094496,1962890000.0,IXIC_chained,,14.52,,,
2014-03-19,3935.3055021104037,1992750000.0,IXIC_chained,,15.12,,,
2014-03-20,3945.9851121229503,1847270000.0,IXIC_chained,,14.52,,,
2014-03-21,3907.1582758255545,3245740000.0,IXIC_chained,,15.0,,,
2014-03-24,3861.1143053700534,2434650000.0,IXIC_chained,,15.09,,,
2014-03-25,3868.3131507179037,2270760000.0,IXIC_chained,,14.02,,,
2014-03-26,3812.868481472434,2455460000.0,IXIC_chained,,14.93,,,
2014-03-27,3792.450043912981,2270650000.0,IXIC_chained,,14.62,,,
2014-03-28,3796.588332371434,2029840000.0,IXIC_chained,,14.41,,,
2014-03-31,3836.0825042325114,2090850000.0,IXIC_chained,,13.88,,,
2014-04-01,3899.164515411385,2153130000.0,IXIC_chained,,13.1,,,
2014-04-02,3906.856725602698,2187100000.0,IXIC_chained,,13.09,,,
2014-04-03,3871.483443209549,2067370000.0,IXIC_chained,,13.37,,,
2014-04-04,3770.981087372068,2621270000.0,IXIC_chained,,13.96,,,
2014-04-07,3727.147891395308,2554680000.0,IXIC_chained,,15.57,,,
2014-04-08,3757.5152590189577,2198900000.0,IXIC_chained,,14.89,,,
2014-04-09,3822.29639010928,1957560000.0,IXIC_chained,,13.82,,,
2014-04-10,3703.7239872025134,2421210000.0,IXIC_chained,,15.89,,,
2014-04-11,3654.0437921704997,2264480000.0,IXIC_chained,,17.03,,,
2014-04-14,3675.0193838679493,1890480000.0,IXIC_chained,,16.11,,,
2014-04-15,3685.498035311546,2413110000.0,IXIC_chained,,15.61,,,
2014-04-16,3733.0678236934345,1863110000.0,IXIC_chained,,14.18,,,
2014-04-17,3741.5549498646405,1954720000.0,IXIC_chained,,13.36,,,
2014-04-21,3765.3350487129087,1544440000.0,IXIC_chained,,13.25,,,
2014-04-22,3801.795874445039,1875930000.0,IXIC_chained,,13.19,,,
2014-04-23,3770.2869868713747,1794760000.0,IXIC_chained,,13.27,,,
2014-04-24,3789.809694798882,2130870000.0,IXIC_chained,,13.32,,,
2014-04-25,3723.320076023478,2087140000.0,IXIC_chained,,14.06,,,
2014-04-28,3722.260188354813,2348320000.0,IXIC_chained,,13.97,,,
2014-04-29,3748.8818196249945,1911240000.0,IXIC_chained,,13.71,,,
2014-04-30,3758.9494081552066,2151400000.0,IXIC_chained,,13.41,,,
2014-05-01,3770.725483456928,2077040000.0,IXIC_chained,,13.25,,,
2014-05-02,3767.4820329835447,1844790000.0,IXIC_chained,,12.91,,,
2014-05-05,3780.4183646961196,1561170000.0,IXIC_chained,,13.29,,,
2014-05-06,3728.0706088759835,1850610000.0,IXIC_chained,,13.8,,,
2014-05-07,3716.111862901995,2486030000.0,IXIC_chained,,13.4,,,
2014-05-08,3701.3394649152738,2411940000.0,IXIC_chained,,13.43,,,
2014-05-09,3719.949046047457,1976160000.0,IXIC_chained,,12.92,,,
2014-05-12,3785.7169068247063,1880020000.0,IXIC_chained,,12.23,,,
2014-05-13,3773.2101515746363,1923480000.0,IXIC_chained,,12.13,,,
2014-05-14,3746.2231807870667,1764430000.0,IXIC_chained,,12.17,,,
2014-05-15,3717.5919574323866,2083030000.0,IXIC_chained,,13.17,,,
2014-05-16,3737.0510989770805,1741070000.0,IXIC_chained,,12.44,,,
2014-05-19,3769.2271001162817,1601400000.0,IXIC_chained,,12.42,,,
2014-05-20,3742.8066512403416,1797910000.0,IXIC_chained,,12.96,,,
2014-05-21,3774.4618529503373,1703500000.0,IXIC_chained,,11.91,,,
2014-05-22,3795.291130511456,1835810000.0,IXIC_chained,,12.03,,,
2014-05-23,3824.0414572420173,1536610000.0,IXIC_chained,,11.36,,,
2014-05-27,3870.870974990205,1812330000.0,IXIC_chained,,11.51,,,
2014-05-28,3859.91747133869,1785140000.0,IXIC_chained,,11.68,,,
2014-05-29,3880.81098401778,1714000000.0,IXIC_chained,,11.57,,,
2014-05-30,3875.9415707011126,1903660000.0,IXIC_chained,,11.4,,,
2014-06-02,3870.9900783660855,1631310000.0,IXIC_chained,,11.58,,,
2014-06-03,3868.1396249075506,1718640000.0,IXIC_chained,,11.87,,,
2014-06-04,3884.182013993801,1610090000.0,IXIC_chained,,12.08,,,
2014-06-05,3924.918073633508,1926750000.0,IXIC_chained,,11.68,,,
2014-06-06,3947.91262518909,1616650000.0,IXIC_chained,,10.73,,,
2014-06-09,3961.470346157631,1783060000.0,IXIC_chained,,11.15,,,
2014-06-10,3963.0780201906596,1787120000.0,IXIC_chained,,10.99,,,
2014-06-11,3957.532795183554,1778460000.0,IXIC_chained,,11.6,,,
2014-06-12,3926.196986683231,1908190000.0,IXIC_chained,,12.56,,,
2014-06-13,3938.0917195373954,1754560000.0,IXIC_chained,,12.18,,,
2014-06-16,3947.6387324636944,1675120000.0,IXIC_chained,,12.65,,,
2014-06-17,3962.37455100276,1814360000.0,IXIC_chained,,12.06,,,
2014-06-18,3985.7710215233856,1860660000.0,IXIC_chained,,10.61,,,
2014-06-19,3982.564595407523,1845460000.0,IXIC_chained,,10.62,,,
2014-06-20,3990.5217772876103,2721380000.0,IXIC_chained,,10.85,,,
2014-06-23,3991.1065889230663,1712930000.0,IXIC_chained,,10.98,,,
2014-06-24,3974.36073156249,2014700000.0,IXIC_chained,,12.13,,,
2014-06-25,4001.2285989741786,1722820000.0,IXIC_chained,,11.59,,,
2014-06-26,4000.5799980441893,1554070000.0,IXIC_chained,,11.63,,,
2014-06-27,4017.8285880218627,3964930000.0,IXIC_chained,,11.26,,,
2014-06-30,4027.1927073641755,1848110000.0,IXIC_chained,,11.57,,,
2014-07-01,4073.300467114209,1942550000.0,IXIC_chained,,11.15,,,
2014-07-02,4072.460051563612,1599480000.0,IXIC_chained,,10.82,,,
2014-07-03,4098.222978472941,1001730000.0,IXIC_chained,,10.32,,,
2014-07-07,4066.795723180625,1691390000.0,IXIC_chained,,11.33,,,
2014-07-08,4011.9175767603574,2221820000.0,IXIC_chained,,11.98,,,
2014-07-09,4037.104613070852,1736960000.0,IXIC_chained,,11.65,,,
2014-07-10,4016.248124749284,1682920000.0,IXIC_chained,,12.59,,,
2014-07-11,4033.8709761945397,1511250000.0,IXIC_chained,,12.08,,,
2014-07-14,4056.6460565456255,1579660000.0,IXIC_chained,,11.82,,,
2014-07-15,4034.693102934882,1772030000.0,IXIC_chained,,11.96,,,
2014-07-16,4043.4451998812888,2059340000.0,IXIC_chained,,11.0,,,
2014-07-17,3986.32862148482,2055240000.0,IXIC_chained,,14.54,,,
2014-07-18,4049.0907927170097,1823580000.0,IXIC_chained,,12.06,,,
2014-07-21,4042.284944384008,1557820000.0,IXIC_chained,,12.81,,,
2014-07-22,4070.8978789284333,1724440000.0,IXIC_chained,,12.24,,,
2014-07-23,4087.0500027033586,1909810000.0,IXIC_chained,,11.52,,,
2014-07-24,4085.5971189334164,1935090000.0,IXIC_chained,,11.84,,,
2014-07-25,4064.9962354405616,1711430000.0,IXIC_chained,,12.69,,,
2014-07-28,4060.748211379861,1783250000.0,IXIC_chained,,12.56,,,
2014-07-29,4058.729251521729,2090810000.0,IXIC_chained,,13.28,,,
2014-07-30,4077.1831507439488,1872430000.0,IXIC_chained,,13.33,,,
2014-07-31,3992.102240560189,2273380000.0,IXIC_chained,,16.95,,,
2014-08-01,3976.4528484887883,2050340000.0,IXIC_chained,,17.03,,,
2014-08-04,4005.0019928251086,1677400000.0,IXIC_chained,,15.12,,,
2014-08-05,3976.635295335763,1916180000.0,IXIC_chained,,16.87,,,
2014-08-06,3978.654255193895,1819310000.0,IXIC_chained,,16.37,,,
2014-08-07,3960.3100915739237,1866330000.0,IXIC_chained,,16.66,,,
2014-08-08,3993.1344698178214,1759060000.0,IXIC_chained,,15.77,,,
2014-08-11,4020.9346453955372,1537880000.0,IXIC_chained,,14.23,,,
2014-08-12,4009.8986169022255,1560220000.0,IXIC_chained,,14.13,,,
2014-08-13,4050.8996491442786,1611690000.0,IXIC_chained,,12.9,,,
2014-08-14,4068.1388713483193,1549820000.0,IXIC_chained,,12.42,,,
2014-08-15,4079.0379534789336,1799460000.0,IXIC_chained,,13.15,,,
2014-08-18,4118.668626792844,1571100000.0,IXIC_chained,,12.32,,,
2014-08-19,4136.208953396302,1556560000.0,IXIC_chained,,12.21,,,
2014-08-20,4135.268169103517,1502290000.0,IXIC_chained,,11.78,,,
2014-08-21,4140.40255502253,1421730000.0,IXIC_chained,,11.76,,,
2014-08-22,4146.294830736769,1311810000.0,IXIC_chained,,11.47,,,
2014-08-25,4163.470263646277,1384620000.0,IXIC_chained,,11.7,,,
2014-08-26,4175.61167937896,1469620000.0,IXIC_chained,,11.63,,,
2014-08-27,4174.67981703637,1389470000.0,IXIC_chained,,11.78,,,
2014-08-28,4163.790102679388,1309580000.0,IXIC_chained,,12.05,,,
2014-08-29,4184.409276809643,1352830000.0,IXIC_chained,,11.98,,,
2014-09-02,4200.780425965626,1859080000.0,IXIC_chained,,12.25,,,
2014-09-03,4177.365667548319,1897450000.0,IXIC_chained,,12.36,,,
2014-09-04,4167.983258482179,1728700000.0,IXIC_chained,,12.64,,,
2014-09-05,4186.8118649954195,1641830000.0,IXIC_chained,,12.09,,,
2014-09-08,4195.3904370450455,1670210000.0,IXIC_chained,,12.66,,,
2014-09-09,4158.847532294556,1956550000.0,IXIC_chained,,13.5,,,
2014-09-10,4190.119105676908,1808650000.0,IXIC_chained,,12.88,,,
2014-09-11,4194.951940459492,1704850000.0,IXIC_chained,,12.8,,,
2014-09-12,4172.83438298859,1784170000.0,IXIC_chained,,13.31,,,
2014-09-15,4128.343217394635,1940520000.0,IXIC_chained,,14.12,,,
2014-09-16,4159.276662020049,1879350000.0,IXIC_chained,,12.73,,,
2014-09-17,4167.891811690185,1796710000.0,IXIC_chained,,12.65,,,
2014-09-18,4196.432034989883,1774840000.0,IXIC_chained,,12.03,,,
2014-09-19,4183.970779310517,3178490000.0,IXIC_chained,,12.11,,,
2014-09-22,4136.373556342887,1881520000.0,IXIC_chained,,13.69,,,
2014-09-23,4119.015676586404,1847730000.0,IXIC_chained,,14.93,,,
2014-09-24,4161.52446085631,1765260000.0,IXIC_chained,,13.27,,,
2014-09-25,4080.7004948563,1939610000.0,IXIC_chained,,15.64,,,
2014-09-26,4122.213180752072,1637480000.0,IXIC_chained,,14.85,,,
2014-09-29,4116.421273780021,1737750000.0,IXIC_chained,,15.98,,,
2014-09-30,4105.038194579576,2200380000.0,IXIC_chained,,16.31,,,
2014-10-01,4039.900199185049,2312630000.0,IXIC_chained,,16.71,,,
2014-10-02,4047.309593787201,2165500000.0,IXIC_chained,,16.16,,,
2014-10-03,4088.803990872718,1777640000.0,IXIC_chained,,14.55,,,
2014-10-06,4069.78312391543,1828240000.0,IXIC_chained,,15.46,,,
2014-10-07,4006.1988259428995,2111360000.0,IXIC_chained,,17.2,,,
2014-10-08,4082.381325957494,2451630000.0,IXIC_chained,,15.11,,,
2014-10-09,3999.9313971142005,2264220000.0,IXIC_chained,,18.76,,,
2014-10-10,3906.6559890318954,2765750000.0,IXIC_chained,,21.24,,,
2014-10-13,3849.4845432910897,2467830000.0,IXIC_chained,,24.64,,,
2014-10-14,3861.826695594575,2496120000.0,IXIC_chained,,22.79,,,
2014-10-15,3851.0007705321254,3058740000.0,IXIC_chained,,26.25,,,
2014-10-16,3852.892151801193,2591940000.0,IXIC_chained,,25.2,,,
2014-10-17,3890.3941287411503,2260070000.0,IXIC_chained,,21.99,,,
2014-10-20,3943.043211872423,1717370000.0,IXIC_chained,,18.57,,,
2014-10-21,4037.515898895956,1997580000.0,IXIC_chained,,16.08,,,
2014-10-22,4004.0518416722634,1967020000.0,IXIC_chained,,17.87,,,
2014-10-23,4067.9470567277112,1952380000.0,IXIC_chained,,16.53,,,
2014-10-24,4096.204018614809,1754300000.0,IXIC_chained,,16.11,,,
2014-10-27,4098.222978472941,1585580000.0,IXIC_chained,,16.04,,,
2014-10-28,4169.810403719703,1966920000.0,IXIC_chained,,14.39,,,
2014-10-29,4156.051946180359,2184050000.0,IXIC_chained,,15.15,,,
2014-10-30,4171.5006025945295,2034960000.0,IXIC_chained,,14.52,,,
2014-10-31,4230.517482383115,2424360000.0,IXIC_chained,,14.03,,,
2014-11-03,4237.981299419738,2033000000.0,IXIC_chained,,14.73,,,
2014-11-04,4224.031028173359,1939320000.0,IXIC_chained,,14.89,,,
2014-11-05,4221.3634673852375,2001870000.0,IXIC_chained,,14.17,,,
2014-11-06,4237.579381368268,1986820000.0,IXIC_chained,,13.67,,,
2014-11-07,4232.1523671765935,1978830000.0,IXIC_chained,,13.12,,,
2014-11-10,4249.592771774875,1830010000.0,IXIC_chained,,12.67,,,
2014-11-11,4257.760057999397,1663690000.0,IXIC_chained,,12.92,,,
2014-11-12,4271.080018039615,1773060000.0,IXIC_chained,,13.02,,,
2014-11-13,4275.647881133426,1857580000.0,IXIC_chained,,13.79,,,
2014-11-14,4283.321801600913,1739950000.0,IXIC_chained,,13.31,,,
2014-11-17,4267.29770223849,1695070000.0,IXIC_chained,,13.99,,,
2014-11-18,4296.020371471591,1655760000.0,IXIC_chained,,13.86,,,
2014-11-19,4271.600593643529,1641560000.0,IXIC_chained,,13.96,,,
2014-11-20,4295.499795867678,1667330000.0,IXIC_chained,,13.58,,,
2014-11-21,4305.640541466056,1854340000.0,IXIC_chained,,12.9,,,
2014-11-24,4343.937434385905,1568130000.0,IXIC_chained,,12.62,,,
2014-11-25,4347.006913225498,1720140000.0,IXIC_chained,,12.25,,,
2014-11-26,4373.564308464135,1362930000.0,IXIC_chained,,12.07,,,
2014-11-28,4377.501860351785,998600000.0,IXIC_chained,,13.33,,,
2014-12-01,4318.7776088358605,1893600000.0,IXIC_chained,,14.29,,,
2014-12-02,4344.777849936502,1839170000.0,IXIC_chained,,12.85,,,
2014-12-03,4361.825257519934,1734510000.0,IXIC_chained,,12.47,,,
2014-12-04,4357.2297369286625,1724090000.0,IXIC_chained,,12.38,,,
2014-12-05,4367.571219097843,1767100000.0,IXIC_chained,,11.82,,,
2014-12-08,4330.964524139247,1966770000.0,IXIC_chained,,14.21,,,
2014-12-09,4354.516676569836,1950330000.0,IXIC_chained,,14.89,,,
2014-12-10,4279.192436006228,1850810000.0,IXIC_chained,,18.53,,,
2014-12-11,4301.246203269025,1873050000.0,IXIC_chained,,20.08,,,
2014-12-12,4251.401628202144,1888870000.0,IXIC_chained,,21.08,,,
2014-12-15,4207.148223536512,2143610000.0,IXIC_chained,,20.42,,,
2014-12-16,4154.773034044208,2231670000.0,IXIC_chained,,23.57,,,
2014-12-17,4242.914502944511,2279930000.0,IXIC_chained,,19.44,,,
2014-12-18,4338.008133400573,2172260000.0,IXIC_chained,,16.81,,,
2014-12-19,4353.520579109276,3287920000.0,IXIC_chained,,16.49,,,
2014-12-22,4368.174319543555,1720070000.0,IXIC_chained,,15.25,,,
2014-12-23,4353.557157643359,1590820000.0,IXIC_chained,,14.8,,,
2014-12-24,4360.911684901172,729750000.0,IXIC_chained,,14.37,,,
2014-12-26,4391.415553064081,930220000.0,IXIC_chained,,14.5,,,
2014-12-29,4391.461499371797,1227740000.0,IXIC_chained,,15.06,,,
2014-12-30,4364.53831787876,1269200000.0,IXIC_chained,,15.92,,,
2014-12-31,4326.725422942314,1515600000.0,IXIC_chained,,19.2,,,
2015-01-02,4318.284243992397,1435150000.0,IXIC_chained,,17.79,,,
2015-01-05,4250.460398085922,1794470000.0,IXIC_chained,,19.92,,,
2015-01-06,4195.801722870149,2167320000.0,IXIC_chained,,21.12,,,
2015-01-07,4248.542252793415,1957950000.0,IXIC_chained,,19.31,,,
2015-01-08,4326.853447354817,2105450000.0,IXIC_chained,,17.01,,,
2015-01-09,4297.509387952177,1715830000.0,IXIC_chained,,17.55,,,
2015-01-12,4261.551294837143,1861960000.0,IXIC_chained,,19.6,,,
2015-01-13,4258.618762360249,2162180000.0,IXIC_chained,,20.56,,,
2015-01-14,4238.355560887321,2073810000.0,IXIC_chained,,21.48,,,
2015-01-15,4175.775836502107,1976260000.0,IXIC_chained,,22.39,,,
2015-01-16,4233.842566051419,1970520000.0,IXIC_chained,,20.95,,,
2015-01-20,4252.543593975596,1835040000.0,IXIC_chained,,19.89,,,
2015-01-21,4264.027041004657,1847420000.0,IXIC_chained,,18.85,,,
2015-01-22,4339.835278638097,1996550000.0,IXIC_chained,,16.4,,,
2015-01-23,4346.668784468558,1653830000.0,IXIC_chained,,16.66,,,
2015-01-26,4359.3490655289825,1717510000.0,IXIC_chained,,15.52,,,
2015-01-27,4276.890214735495,1954160000.0,IXIC_chained,,17.22,,,
2015-01-28,4237.140883869141,2118680000.0,IXIC_chained,,20.44,,,
2015-01-29,4278.635280954659,2110710000.0,IXIC_chained,,18.76,,,
2015-01-30,4234.628559167545,2264230000.0,IXIC_chained,,20.97,,,
2015-02-02,4272.495876538464,2006450000.0,IXIC_chained,,19.43,,,
2015-02-03,4319.134026403053,2153520000.0,IXIC_chained,,17.33,,,
2015-02-04,4309.048149062587,2212960000.0,IXIC_chained,,18.33,,,
2015-02-05,4353.264975194135,2036590000.0,IXIC_chained,,16.85,,,
2015-02-06,4334.353842925523,2034060000.0,IXIC_chained,,17.29,,,
2015-02-09,4317.55311822061,1654680000.0,IXIC_chained,,18.55,,,
2015-02-10,4373.856937650369,1773730000.0,IXIC_chained,,17.23,,,
2015-02-11,4386.226746537742,1793630000.0,IXIC_chained,,16.96,,,
2015-02-12,4437.779363466266,2075470000.0,IXIC_chained,,15.34,,,
2015-02-13,4470.878082086143,1942240000.0,IXIC_chained,,14.69,,,
2015-02-17,4475.838942194803,1751490000.0,IXIC_chained,,15.8,,,
2015-02-18,4482.316028630926,1684800000.0,IXIC_chained,,15.45,,,
2015-02-19,4499.071253765135,1592890000.0,IXIC_chained,,15.29,,,
2015-02-20,4527.638687825283,1761140000.0,IXIC_chained,,14.3,,,
2015-02-23,4532.206550919094,1754850000.0,IXIC_chained,,14.56,,,
2015-02-24,4538.738505613129,1834890000.0,IXIC_chained,,13.69,,,
2015-02-25,4537.843222718194,1848560000.0,IXIC_chained,,13.84,,,
2015-02-26,4556.79985455751,1905550000.0,IXIC_chained,,13.91,,,
2015-02-27,4534.544903986899,1955590000.0,IXIC_chained,,13.34,,,
2015-03-02,4575.263121553363,1931110000.0,IXIC_chained,,13.04,,,
2015-03-03,4549.500194644034,2018900000.0,IXIC_chained,,13.86,,,
2015-03-04,4537.843222718194,1824830000.0,IXIC_chained,,14.23,,,
2015-03-05,4552.1588343955345,1724200000.0,IXIC_chained,,14.04,,,
2015-03-06,4501.510421398566,1918220000.0,IXIC_chained,,15.2,,,
2015-03-09,4515.277799974532,1696510000.0,IXIC_chained,,15.06,,,
2015-03-10,4439.771112563949,1876010000.0,IXIC_chained,,16.69,,,
2015-03-11,4430.772332739024,1846020000.0,IXIC_chained,,16.87,,,
2015-03-12,4470.375795292484,1855110000.0,IXIC_chained,,15.42,,,
2015-03-13,4450.706327405208,1851410000.0,IXIC_chained,,16.0,,,
2015-03-16,4503.465146138728,1713480000.0,IXIC_chained,,15.61,,,
2015-03-17,4510.701015844099,1724370000.0,IXIC_chained,,15.66,,,
2015-03-18,4552.177123205788,1983570000.0,IXIC_chained,,13.97,,,
2015-03-19,4560.901563568306,1674970000.0,IXIC_chained,,14.07,,,
2015-03-20,4591.999611140307,2825670000.0,IXIC_chained,,13.02,,,
2015-03-23,4577.8851818572075,1608880000.0,IXIC_chained,,13.41,,,
2015-03-24,4563.048547838943,1611670000.0,IXIC_chained,,13.62,,,
2015-03-25,4455.055165117961,2219520000.0,IXIC_chained,,15.44,,,
2015-03-26,4443.032406024149,2004960000.0,IXIC_chained,,15.8,,,
2015-03-27,4468.484860760427,1678650000.0,IXIC_chained,,15.07,,,
2015-03-30,4519.845663068343,1778520000.0,IXIC_chained,,14.51,,,
2015-03-31,4477.3096689515605,1837660000.0,IXIC_chained,,15.29,,,
2015-04-01,4458.444482990665,1874960000.0,IXIC_chained,,15.11,,,
2015-04-02,4464.574519633227,1563670000.0,IXIC_chained,,14.67,,,
2015-04-06,4492.328748903228,1737560000.0,IXIC_chained,,14.74,,,
2015-04-07,4485.851661553533,1572940000.0,IXIC_chained,,14.78,,,
2015-04-08,4522.933431631764,1714210000.0,IXIC_chained,,13.98,,,
2015-04-09,4544.621860290745,1729750000.0,IXIC_chained,,13.09,,,
2015-04-10,4564.190513612396,1494240000.0,IXIC_chained,,12.58,,,
2015-04-13,4557.128615540816,1544190000.0,IXIC_chained,,13.94,,,
2015-04-14,4547.115895268514,1571360000.0,IXIC_chained,,13.67,,,
2015-04-15,4577.9306823414845,1795530000.0,IXIC_chained,,12.84,,,
2015-04-16,4574.979860140763,1662850000.0,IXIC_chained,,12.6,,,
2015-04-17,4505.566630838659,1985190000.0,IXIC_chained,,13.89,,,
2015-04-20,4562.929891200072,1646340000.0,IXIC_chained,,13.3,,,
2015-04-21,4580.744557265937,1721260000.0,IXIC_chained,,13.25,,,
2015-04-22,4599.993371554477,1696380000.0,IXIC_chained,,12.71,,,
2015-04-23,4619.078028719869,1858620000.0,IXIC_chained,,12.48,,,
2015-04-24,4651.984931805565,1895150000.0,IXIC_chained,,12.29,,,
2015-04-27,4622.905844091699,2172470000.0,IXIC_chained,,13.12,,,
2015-04-28,4618.493217084411,2032500000.0,IXIC_chained,,12.41,,,
2015-04-29,4589.460075678261,1871300000.0,IXIC_chained,,13.39,,,
2015-04-30,4514.345938545515,2269290000.0,IXIC_chained,,14.55,,,
2015-05-01,4572.787375385849,1854400000.0,IXIC_chained,,12.7,,,
2015-05-04,4583.330039035698,1668200000.0,IXIC_chained,,12.85,,,
2015-05-05,4512.436714289631,2069490000.0,IXIC_chained,,14.31,,,
2015-05-06,4494.448523326986,2144620000.0,IXIC_chained,,15.15,,,
2015-05-07,4518.109964622812,2042960000.0,IXIC_chained,,15.13,,,
2015-05-08,4571.106098461218,1978760000.0,IXIC_chained,,12.86,,,
2015-05-11,4561.98866108385,1731390000.0,IXIC_chained,,13.85,,,
2015-05-12,4546.110875857758,0.0,IXIC_chained,,13.86,,,
2015-05-13,4551.13552526095,1672260000.0,IXIC_chained,,13.76,,,
2015-05-14,4614.272404697734,1741970000.0,IXIC_chained,,12.74,,,
2015-05-15,4611.979551200634,1667260000.0,IXIC_chained,,12.38,,,
2015-05-18,4639.523676126199,1643870000.0,IXIC_chained,,12.73,,,
2015-05-19,4631.8403878850795,1750980000.0,IXIC_chained,,12.85,,,
2015-05-20,4633.403007257269,1786830000.0,IXIC_chained,,12.88,,,
2015-05-21,4650.80638749803,1683670000.0,IXIC_chained,,12.11,,,
2015-05-22,4649.499817864418,1544920000.0,IXIC_chained,,12.13,,,
2015-05-26,4597.782597075736,1731950000.0,IXIC_chained,,14.06,,,
2015-05-27,4665.240656727813,1809550000.0,IXIC_chained,,13.27,,,
2015-05-28,4657.374920726146,1741420000.0,IXIC_chained,,13.31,,,
2015-05-29,4631.8403878850795,2024170000.0,IXIC_chained,,13.84,,,
2015-06-01,4643.6258318740065,1902120000.0,IXIC_chained,,13.97,,,
2015-06-02,4637.769688870412,1729750000.0,IXIC_chained,,14.24,,,
2015-06-03,4658.5168864995985,1852680000.0,IXIC_chained,,13.66,,,
2015-06-04,4621.873613920494,1813960000.0,IXIC_chained,,14.71,,,
2015-06-05,4630.406239662403,1842890000.0,IXIC_chained,,14.21,,,
2015-06-08,4587.623562667103,1712210000.0,IXIC_chained,,15.29,,,
2015-06-09,4580.534452921502,1754340000.0,IXIC_chained,,14.47,,,
2015-06-10,4637.924924043365,1792980000.0,IXIC_chained,,13.22,,,
2015-06-11,4643.241756809353,1623950000.0,IXIC_chained,,12.85,,,
2015-06-12,4614.5467441601395,1428900000.0,IXIC_chained,,13.78,,,
2015-06-15,4595.243061613691,1790280000.0,IXIC_chained,,15.39,,,
2015-06-16,4618.611874636854,1654820000.0,IXIC_chained,,14.81,,,
2015-06-17,4627.135578428571,1712820000.0,IXIC_chained,,14.5,,,
2015-06-18,4689.322751622374,1877920000.0,IXIC_chained,,13.19,,,
2015-06-19,4674.751090206456,2468310000.0,IXIC_chained,,13.96,,,
2015-06-22,4708.52606634021,1619970000.0,IXIC_chained,,12.74,,,
2015-06-23,4714.116791831593,1613540000.0,IXIC_chained,,12.11,,,
2015-06-24,4679.693660591289,1628800000.0,IXIC_chained,,13.26,,,
2015-06-25,4670.356752009425,1614760000.0,IXIC_chained,,14.01,,,
2015-06-26,4641.414611571829,3843810000.0,IXIC_chained,,14.02,,,
2015-06-29,4529.92261937219,2025580000.0,IXIC_chained,,18.85,,,
2015-06-30,4555.86799221492,2034430000.0,IXIC_chained,,18.23,,,
2015-07-01,4579.849273457429,1814560000.0,IXIC_chained,,16.09,,,
2015-07-02,4576.2770620007395,1490810000.0,IXIC_chained,,16.79,,,
2015-07-06,4560.499644603264,1741500000.0,IXIC_chained,,17.01,,,
2015-07-07,4565.542583730284,2132080000.0,IXIC_chained,,16.09,,,
2015-07-08,4485.422086918174,1931520000.0,IXIC_chained,,19.66,,,
2015-07-09,4496.969769065205,1861600000.0,IXIC_chained,,19.97,,,
2015-07-10,4565.762054934779,1590230000.0,IXIC_chained,,16.83,,,
2015-07-13,4633.192458002968,1694140000.0,IXIC_chained,,13.9,,,
2015-07-14,4663.687850952694,1682660000.0,IXIC_chained,,13.37,,,
2015-07-15,4658.251914810825,1691350000.0,IXIC_chained,,13.23,,,
2015-07-16,4716.940034529678,1823530000.0,IXIC_chained,,12.11,,,
2015-07-17,4759.841369077422,1854450000.0,IXIC_chained,,11.95,,,
2015-07-20,4767.8074719941305,1814180000.0,IXIC_chained,,12.25,,,
2015-07-21,4757.995934116069,1774570000.0,IXIC_chained,,12.22,,,
2015-07-22,4724.787480807518,2035730000.0,IXIC_chained,,12.12,,,
2015-07-23,4701.619403441582,2003310000.0,IXIC_chained,,12.64,,,
2015-07-24,4648.832928124174,2004380000.0,IXIC_chained,,13.74,,,
2015-07-27,4604.204816167522,1942520000.0,IXIC_chained,,15.6,,,
2015-07-28,4649.362871501721,2025110000.0,IXIC_chained,,13.44,,,
2015-07-29,4669.936544234127,1890350000.0,IXIC_chained,,12.5,,,
2015-07-30,4685.512779237362,1908480000.0,IXIC_chained,,12.13,,,
2015-07-31,4685.055992927981,1926360000.0,IXIC_chained,,12.12,,,
2015-08-03,4673.270995676065,1790080000.0,IXIC_chained,,12.56,,,
2015-08-04,4664.290505574967,1819700000.0,IXIC_chained,,13.0,,,
2015-08-05,4695.708392180077,2041490000.0,IXIC_chained,,12.51,,,
2015-08-06,4619.425078513429,2290950000.0,IXIC_chained,,13.77,,,
2015-08-07,4607.640081261513,2008360000.0,IXIC_chained,,13.39,,,
2015-08-10,4660.864608254608,1784930000.0,IXIC_chained,,12.23,,,
2015-08-11,4601.473466084868,1912340000.0,IXIC_chained,,13.71,,,
2015-08-12,4608.416707517578,2089460000.0,IXIC_chained,,13.61,,,
2015-08-13,4598.522644797718,1632340000.0,IXIC_chained,,13.49,,,
2015-08-14,4611.934050716356,1487630000.0,IXIC_chained,,12.83,,,
2015-08-17,4651.6378810984315,1510790000.0,IXIC_chained,,13.02,,,
2015-08-18,4622.083718264928,1501540000.0,IXIC_chained,,13.79,,,
2015-08-19,4585.266474052032,1785420000.0,IXIC_chained,,15.25,,,
2015-08-20,4455.941526062701,2087000000.0,IXIC_chained,,19.14,,,
2015-08-21,4299.3093224292525,2768540000.0,IXIC_chained,,28.03,,,
2015-08-24,4135.058065672654,3508840000.0,IXIC_chained,,40.74,,,
2015-08-25,4117.006084501904,2612800000.0,IXIC_chained,,36.02,,,
2015-08-26,4291.543955169774,2631660000.0,IXIC_chained,,30.32,,,
2015-08-27,4396.760042413957,2368880000.0,IXIC_chained,,26.1,,,
2015-08-28,4411.020785833388,1936540000.0,IXIC_chained,,26.05,,,
2015-08-31,4363.6885354681035,1839010000.0,IXIC_chained,,28.43,,,
2015-09-01,4235.414107373805,2253750000.0,IXIC_chained,,31.4,,,
2015-09-02,4339.451649396881,1929080000.0,IXIC_chained,,26.09,,,
2015-09-03,4324.395990911132,1803320000.0,IXIC_chained,,25.61,,,
2015-09-04,4279.100989214235,1574720000.0,IXIC_chained,,27.8,,,
2015-09-08,4396.047652189436,1765600000.0,IXIC_chained,,24.9,,,
2015-09-09,4345.435371903113,1963750000.0,IXIC_chained,,26.23,,,
2015-09-10,4381.722672738463,1845770000.0,IXIC_chained,,24.37,,,
2015-09-11,4405.557639844641,1686190000.0,IXIC_chained,,23.2,,,
2015-09-14,4390.4105345668995,1467740000.0,IXIC_chained,,24.25,,,
2015-09-15,4440.438003217765,1587460000.0,IXIC_chained,,22.54,,,
2015-09-16,4466.676004333158,1666380000.0,IXIC_chained,,21.35,,,
2015-09-17,4470.978895738196,1891510000.0,IXIC_chained,,21.14,,,
2015-09-18,4410.025134196265,3272150000.0,IXIC_chained,,22.28,,,
2015-09-21,4411.596675518649,2021530000.0,IXIC_chained,,20.14,,,
2015-09-22,4345.609343536904,2042880000.0,IXIC_chained,,22.44,,,
2015-09-23,4341.97334187211,1606330000.0,IXIC_chained,,22.13,,,
2015-09-24,4325.291273806066,1995820000.0,IXIC_chained,,23.47,,,
2015-09-25,4281.458077829306,2050530000.0,IXIC_chained,,23.62,,,
2015-09-28,4151.246768895235,2387610000.0,IXIC_chained,,27.63,,,
2015-09-29,4126.899701398326,2293450000.0,IXIC_chained,,26.83,,,
2015-09-30,4220.851812817946,2398350000.0,IXIC_chained,,24.5,,,
2015-10-01,4227.173664081116,2133990000.0,IXIC_chained,,22.55,,,
2015-10-02,4300.898706738453,2183320000.0,IXIC_chained,,20.94,,,
2015-10-05,4368.028005407225,2005320000.0,IXIC_chained,,19.54,,,
2015-10-06,4337.971554866489,2085020000.0,IXIC_chained,,19.4,,,
2015-10-07,4377.063362852658,2149890000.0,IXIC_chained,,18.4,,,
2015-10-08,4395.006054244598,1984230000.0,IXIC_chained,,17.42,,,
2015-10-09,4412.9853241706205,1804260000.0,IXIC_chained,,17.08,,,
2015-10-12,4420.449141207244,1343820000.0,IXIC_chained,,16.17,,,
2015-10-13,4382.051433721768,1565060000.0,IXIC_chained,,17.67,,,
2015-10-14,4369.480889177165,1902460000.0,IXIC_chained,,18.03,,,
2015-10-15,4449.190100164172,1942900000.0,IXIC_chained,,16.05,,,
2015-10-16,4464.3461264785365,1855290000.0,IXIC_chained,,15.05,,,
2015-10-19,4481.503270577789,1619920000.0,IXIC_chained,,14.98,,,
2015-10-20,4459.120741418114,1711700000.0,IXIC_chained,,15.75,,,
2015-10-21,4421.80121041156,1895390000.0,IXIC_chained,,16.7,,,
2015-10-22,4494.822784794569,2156040000.0,IXIC_chained,,14.45,,,
2015-10-23,4596.969392285589,2178270000.0,IXIC_chained,,14.46,,,
2015-10-26,4599.5642418289835,1758690000.0,IXIC_chained,,15.29,,,
2015-10-27,4595.407218736837,1986840000.0,IXIC_chained,,15.43,,,
2015-10-28,4655.282803799847,2141130000.0,IXIC_chained,,14.33,,,
2015-10-29,4635.714150478198,1928310000.0,IXIC_chained,,14.61,,,
2015-10-30,4616.967622069744,2016390000.0,IXIC_chained,,15.07,,,
2015-11-02,4684.023762756777,1888180000.0,IXIC_chained,,14.15,,,
2015-11-03,4700.449781084241,2028630000.0,IXIC_chained,,14.54,,,
2015-11-04,4698.028902261066,2096110000.0,IXIC_chained,,15.51,,,
2015-11-05,4684.563073907955,2054490000.0,IXIC_chained,,15.05,,,
2015-11-06,4702.268004371572,2066430000.0,IXIC_chained,,14.33,,,
2015-11-09,4654.926386232653,1850770000.0,IXIC_chained,,16.52,,,
2015-11-10,4643.909092373035,1906120000.0,IXIC_chained,,15.29,,,
2015-11-11,4629.09074899217,1672340000.0,IXIC_chained,,16.06,,,
2015-11-12,4572.504113973249,1820930000.0,IXIC_chained,,18.37,,,
2015-11-13,4501.976129658142,2001050000.0,IXIC_chained,,20.08,,,
2015-11-16,4553.812453822706,1819190000.0,IXIC_chained,,18.16,,,
2015-11-17,4555.091366872428,1861710000.0,IXIC_chained,,18.84,,,
2015-11-18,4636.563932888855,2017390000.0,IXIC_chained,,16.85,,,
2015-11-19,4635.138706616373,1794110000.0,IXIC_chained,,16.99,,,
2015-11-20,4663.715061713144,1766630000.0,IXIC_chained,,15.47,,,
2015-11-23,4661.4859975105755,1668280000.0,IXIC_chained,,15.62,,,
2015-11-24,4661.787548647004,1956920000.0,IXIC_chained,,15.93,,,
2015-11-25,4673.96554291377,1539300000.0,IXIC_chained,,15.19,,,
2015-11-27,4684.361892427288,781730000.0,IXIC_chained,,15.12,,,
2015-11-30,4667.1409590335015,2244550000.0,IXIC_chained,,16.13,,,
2015-12-01,4710.663683750785,2035570000.0,IXIC_chained,,14.67,,,
2015-12-02,4680.4337083132705,2060340000.0,IXIC_chained,,15.91,,,
2015-12-03,4602.1492777753065,2088100000.0,IXIC_chained,,18.11,,,
2015-12-04,4697.837088554031,1897490000.0,IXIC_chained,,14.81,,,
2015-12-07,4660.8739760282415,1952690000.0,IXIC_chained,,15.84,,,
2015-12-08,4657.612681654468,1871450000.0,IXIC_chained,,17.6,,,
2015-12-09,4588.756606490362,2003450000.0,IXIC_chained,,19.61,,,
2015-12-10,4609.129097742099,1746520000.0,IXIC_chained,,19.34,,,
2015-12-11,4507.083303903133,2084950000.0,IXIC_chained,,24.39,,,
2015-12-14,4524.221711541547,2216060000.0,IXIC_chained,,22.73,,,
2015-12-15,4563.623991700766,2054710000.0,IXIC_chained,,20.95,,,
2015-12-16,4632.845407295835,2036610000.0,IXIC_chained,,17.86,,,
2015-12-17,4570.192525842455,1897220000.0,IXIC_chained,,18.94,,,
2015-12-18,4497.591159234744,3765210000.0,IXIC_chained,,20.7,,,
2015-12-21,4539.4691855614765,1673400000.0,IXIC_chained,,18.7,,,
2015-12-22,4568.877034258649,1556670000.0,IXIC_chained,,16.6,,,
2015-12-23,4609.823644979803,1591490000.0,IXIC_chained,,15.57,,,
2015-12-24,4612.162443871046,706880000.0,IXIC_chained,,15.74,,,
2015-12-28,4605.31064923033,1310650000.0,IXIC_chained,,16.91,,,
2015-12-29,4666.474068379685,1383470000.0,IXIC_chained,,16.08,,,
2015-12-30,4628.021940286883,1247530000.0,IXIC_chained,,17.29,,,
2015-12-31,4574.6328094336295,1437480000.0,IXIC_chained,,18.21,,,
2016-01-04,4479.328628809694,2218420000.0,IXIC_chained,,20.7,,,
2016-01-05,4468.676675381035,1927380000.0,IXIC_chained,,19.34,,,
2016-01-06,4417.817713129767,2168620000.0,IXIC_chained,,20.59,,,
2016-01-07,4284.1350063910595,2552590000.0,IXIC_chained,,24.99,,,
2016-01-08,4242.293112774971,2288750000.0,IXIC_chained,,27.01,,,
2016-01-11,4237.140883869141,2391110000.0,IXIC_chained,,24.3,,,
2016-01-12,4280.928134451759,2147470000.0,IXIC_chained,,22.47,,,
2016-01-13,4134.8845407758745,2533200000.0,IXIC_chained,,25.22,,,
2016-01-14,4216.137635587805,2565560000.0,IXIC_chained,,23.95,,,
2016-01-15,4100.497542246214,2818630000.0,IXIC_chained,,27.02,,,
2016-01-19,4090.019113714336,2394550000.0,IXIC_chained,,26.05,,,
2016-01-20,4085.2134896922007,3204130000.0,IXIC_chained,,27.59,,,
2016-01-21,4085.5516193627122,2447750000.0,IXIC_chained,,26.69,,,
2016-01-22,4194.376496597668,2153340000.0,IXIC_chained,,22.34,,,
2016-01-25,4127.968955927052,2028880000.0,IXIC_chained,,24.15,,,
2016-01-26,4172.898172283123,1981180000.0,IXIC_chained,,22.5,,,
2016-01-27,4081.9976967162784,2115710000.0,IXIC_chained,,23.11,,,
2016-01-28,4117.179610312258,2322310000.0,IXIC_chained,,22.42,,,
2016-01-29,4215.178562484765,2617550000.0,IXIC_chained,,20.2,,,
2016-02-01,4221.043627438554,1983340000.0,IXIC_chained,,19.98,,,
2016-02-02,4126.562018464826,2185180000.0,IXIC_chained,,21.98,,,
2016-02-03,4114.95054610969,2466190000.0,IXIC_chained,,21.65,,,
2016-02-04,4119.810592566298,2200930000.0,IXIC_chained,,21.84,,,
2016-02-05,3986.045360985792,2489280000.0,IXIC_chained,,23.38,,,
2016-02-08,3913.5167056228074,2702070000.0,IXIC_chained,,26.0,,,
2016-02-09,3899.822038291569,2465790000.0,IXIC_chained,,26.54,,,
2016-02-10,3913.370391486477,2448380000.0,IXIC_chained,,26.29,,,
2016-02-11,3898.068050122209,2812330000.0,IXIC_chained,,28.14,,,
2016-02-12,3962.6301558314735,1983190000.0,IXIC_chained,,25.4,,,
2016-02-16,4052.5715582952776,2117920000.0,IXIC_chained,,24.11,,,
2016-02-17,4142.193121725973,2296440000.0,IXIC_chained,,22.31,,,
2016-02-18,4099.6937052297,1955870000.0,IXIC_chained,,21.64,,,
2016-02-19,4115.124071920042,1903770000.0,IXIC_chained,,20.53,,,
2016-02-22,4175.584021881498,1794020000.0,IXIC_chained,,19.38,,,
2016-02-23,4114.347445663978,1777750000.0,IXIC_chained,,20.98,,,
2016-02-24,4150.0039885561555,1978180000.0,IXIC_chained,,20.72,,,
2016-02-25,4186.172631839064,1667840000.0,IXIC_chained,,19.11,,,
2016-02-26,4193.727895667679,1814920000.0,IXIC_chained,,19.81,,,
2016-02-29,4164.018495834079,2065260000.0,IXIC_chained,,20.55,,,
2016-03-01,4284.290242477585,2080150000.0,IXIC_chained,,17.7,,,
2016-03-02,4296.915655280099,1912510000.0,IXIC_chained,,17.09,,,
2016-03-03,4300.569945755148,1936290000.0,IXIC_chained,,16.7,,,
2016-03-04,4309.340332425382,2171230000.0,IXIC_chained,,16.86,,,
2016-03-07,4301.328282287384,2084390000.0,IXIC_chained,,17.35,,,
2016-03-08,4247.034500765563,1993060000.0,IXIC_chained,,18.67,,,
2016-03-09,4270.385470801911,1789550000.0,IXIC_chained,,18.34,,,
2016-03-10,4259.221862805961,1936470000.0,IXIC_chained,,18.05,,,
2016-03-11,4338.072369432116,1801790000.0,IXIC_chained,,16.5,,,
2016-03-14,4339.725543035849,1615100000.0,IXIC_chained,,16.92,,,
2016-03-15,4319.983363903845,1692420000.0,IXIC_chained,,16.84,,,
2016-03-16,4352.23274502293,1781060000.0,IXIC_chained,,14.99,,,
2016-03-17,4362.30033263957,1907190000.0,IXIC_chained,,14.44,,,
2016-03-18,4381.174439637089,2829040000.0,IXIC_chained,,14.02,,,
2016-03-21,4393.252066075239,1609230000.0,IXIC_chained,,13.79,,,
2016-03-22,4404.936695498541,1596200000.0,IXIC_chained,,14.17,,,
2016-03-23,4356.699793551115,1732630000.0,IXIC_chained,,14.94,,,
2016-03-24,4360.938895661622,1590990000.0,IXIC_chained,,14.74,,,
2016-03-28,4354.808859019059,1381000000.0,IXIC_chained,,15.24,,,
2016-03-29,4427.739432433515,1806490000.0,IXIC_chained,,13.82,,,
2016-03-30,4448.45005244219,1717820000.0,IXIC_chained,,13.56,,,
2016-03-31,4448.961707009482,1774270000.0,IXIC_chained,,13.95,,,
2016-04-01,4489.789213441182,1812250000.0,IXIC_chained,,13.1,,,
2016-04-04,4469.0143583145355,1705730000.0,IXIC_chained,,14.12,,,
2016-04-05,4425.281975989828,1726010000.0,IXIC_chained,,15.42,,,
2016-04-06,4495.435253013914,1761770000.0,IXIC_chained,,14.09,,,
2016-04-07,4429.3381845163485,1908940000.0,IXIC_chained,,16.16,,,
2016-04-08,4431.457512203096,1588830000.0,IXIC_chained,,15.36,,,
2016-04-11,4415.661805995364,1545540000.0,IXIC_chained,,16.26,,,
2016-04-12,4451.007877628063,1759280000.0,IXIC_chained,,14.85,,,
2016-04-13,4519.827374258089,1936450000.0,IXIC_chained,,13.84,,,
2016-04-14,4518.429804569496,1645810000.0,IXIC_chained,,13.72,,,
2016-04-15,4511.422773842253,1684790000.0,IXIC_chained,,13.62,,,
2016-04-18,4531.33847878461,1672260000.0,IXIC_chained,,13.35,,,
2016-04-19,4513.350286908393,1824250000.0,IXIC_chained,,13.24,,,
2016-04-20,4520.475975188077,1781340000.0,IXIC_chained,,13.28,,,
2016-04-21,4518.429804569496,1758190000.0,IXIC_chained,,13.95,,,
2016-04-22,4482.197371078483,2018930000.0,IXIC_chained,,13.22,,,
2016-04-25,4472.659726839391,1582270000.0,IXIC_chained,,14.08,,,
2016-04-26,4465.79856442504,1825020000.0,IXIC_chained,,13.96,,,
2016-04-27,4442.83167036692,1938780000.0,IXIC_chained,,13.77,,,
2016-04-28,4389.981404841406,2161400000.0,IXIC_chained,,15.22,,,
2016-04-29,4362.63801557307,2376460000.0,IXIC_chained,,15.7,,,
2016-05-02,4401.218169905521,1880460000.0,IXIC_chained,,14.68,,,
2016-05-03,4351.547565558859,1984340000.0,IXIC_chained,,15.6,,,
2016-05-04,4317.215435287109,1950800000.0,IXIC_chained,,16.05,,,
2016-05-05,4309.404121719915,1888350000.0,IXIC_chained,,15.91,,,
2016-05-06,4326.826236594367,1860800000.0,IXIC_chained,,14.72,,,
2016-05-09,4339.661753741317,1625100000.0,IXIC_chained,,14.57,,,
2016-05-10,4394.1745606441955,1760120000.0,IXIC_chained,,13.63,,,
2016-05-11,4349.235976514492,1859110000.0,IXIC_chained,,14.69,,,
2016-05-12,4327.895045299655,1930450000.0,IXIC_chained,,14.41,,,
2016-05-13,4309.943432871093,1698030000.0,IXIC_chained,,15.04,,,
2016-05-16,4362.729462365063,1741510000.0,IXIC_chained,,14.68,,,
2016-05-17,4308.161787204273,1925230000.0,IXIC_chained,,15.57,,,
2016-05-18,4329.530375916573,1934100000.0,IXIC_chained,,15.95,,,
2016-05-19,4305.238176677574,1805890000.0,IXIC_chained,,16.33,,,
2016-05-20,4357.339473444483,1970520000.0,IXIC_chained,,15.2,,,
2016-05-23,4353.885918626664,1865110000.0,IXIC_chained,,15.82,,,
2016-05-24,4440.9313680612295,1942280000.0,IXIC_chained,,14.42,,,
2016-05-25,4471.837601012621,1784420000.0,IXIC_chained,,13.9,,,
2016-05-26,4478.122873741709,1606250000.0,IXIC_chained,,13.43,,,
2016-05-27,4507.110514663582,1505020000.0,IXIC_chained,,13.12,,,
2016-05-31,4520.402818119912,2285350000.0,IXIC_chained,,14.19,,,
2016-06-01,4524.240001265374,1797090000.0,IXIC_chained,,14.2,,,
2016-06-02,4541.698248850472,1729050000.0,IXIC_chained,,13.63,,,
2016-06-03,4515.350957956271,1697840000.0,IXIC_chained,,13.47,,,
2016-06-06,4539.277370940868,1663840000.0,IXIC_chained,,13.65,,,
2016-06-07,4532.918941143616,1747760000.0,IXIC_chained,,14.05,,,
2016-06-08,4544.69501735891,1692640000.0,IXIC_chained,,14.08,,,
2016-06-09,4530.059565734887,1632340000.0,IXIC_chained,,14.64,,,
2016-06-10,4471.526683016132,1822200000.0,IXIC_chained,,17.03,,,
2016-06-13,4429.40197381088,1888300000.0,IXIC_chained,,20.97,,,
2016-06-14,4424.934479459256,1919710000.0,IXIC_chained,,20.5,,,
2016-06-15,4417.059822420968,1802200000.0,IXIC_chained,,20.14,,,
2016-06-16,4426.186180834958,1851770000.0,IXIC_chained,,19.37,,,
2016-06-17,4385.459042231872,2638220000.0,IXIC_chained,,19.41,,,
2016-06-20,4419.142571573632,1779560000.0,IXIC_chained,,18.37,,,
2016-06-21,4425.126294079865,1698080000.0,IXIC_chained,,18.48,,,
2016-06-22,4415.588648927199,1682220000.0,IXIC_chained,,21.17,,,
2016-06-23,4485.678136656752,1738570000.0,IXIC_chained,,17.25,,,
2016-06-24,4301.081599408866,4411040000.0,IXIC_chained,,25.76,,,
2016-06-27,4197.354528645267,2659650000.0,IXIC_chained,,23.85,,,
2016-06-28,4286.364069680056,2074090000.0,IXIC_chained,,18.75,,,
2016-06-29,4366.191938219505,2116550000.0,IXIC_chained,,16.64,,,
2016-06-30,4424.130642442743,2171180000.0,IXIC_chained,,15.63,,,
2016-07-01,4442.310648025995,1745130000.0,IXIC_chained,,14.77,,,
2016-07-05,4406.06929349836,1690340000.0,IXIC_chained,,15.58,,,
2016-07-06,4439.195668702125,1876090000.0,IXIC_chained,,14.96,,,
2016-07-07,4455.320136806735,1672770000.0,IXIC_chained,,14.76,,,
2016-07-08,4528.36,,NDX_workbook,588.0,13.2,0.7347,75.6,EASY
2016-07-11,4554.71,,NDX_workbook,566.0,13.54,0.7959,75.6,EASY
2016-07-12,4577.61,,NDX_workbook,546.0,13.55,0.8163,75.6,EASY
2016-07-13,4565.77,,NDX_workbook,558.0,13.04,0.8163,75.6,EASY
2016-07-14,4596.49,,NDX_workbook,544.0,12.82,0.8367,75.6,EASY
2016-07-15,4589.83,,NDX_workbook,542.0,12.67,0.8367,75.6,EASY
2016-07-18,4619.68,,NDX_workbook,544.0,12.44,0.8367,75.6,EASY
2016-07-19,4603.28,,NDX_workbook,545.0,11.97,0.8367,75.6,EASY
2016-07-20,4657.2,,NDX_workbook,540.0,11.77,0.8571,75.6,EASY
2016-07-21,4647.02,,NDX_workbook,541.0,12.74,0.8571,72.4,EASY
2016-07-22,4666.07,,NDX_workbook,539.0,12.02,0.8571,72.4,EASY
2016-07-25,4665.93,,NDX_workbook,539.0,12.87,0.8571,72.4,EASY
2016-07-26,4672.11,,NDX_workbook,545.0,13.05,0.8776,72.4,EASY
2016-07-27,4702.88,,NDX_workbook,551.0,12.83,0.8571,72.4,EASY
2016-07-28,4721.41,,NDX_workbook,554.0,12.72,0.8776,72.4,EASY
2016-07-29,4730.23,,NDX_workbook,561.0,11.87,0.8776,72.4,EASY
2016-08-01,4756.04,,NDX_workbook,569.0,12.44,0.898,72.4,EASY
2016-08-02,4719.21,,NDX_workbook,573.0,13.37,0.898,72.4,EASY
2016-08-03,4734.33,,NDX_workbook,572.0,12.86,0.9184,72.4,EASY
2016-08-04,4743.81,,NDX_workbook,565.0,12.42,0.898,72.4,EASY
2016-08-05,4791.21,,NDX_workbook,546.0,11.39,0.898,72.4,EASY
2016-08-08,4784.74,,NDX_workbook,542.0,11.5,0.898,72.4,EASY
2016-08-09,4795.75,,NDX_workbook,536.0,11.66,0.898,72.4,EASY
2016-08-10,4783.39,,NDX_workbook,538.0,12.05,0.898,72.4,EASY
2016-08-11,4803.31,,NDX_workbook,531.0,11.68,0.8776,72.4,EASY
2016-08-12,4807.08,,NDX_workbook,534.0,11.55,0.8776,72.4,EASY
2016-08-15,4827.12,,NDX_workbook,523.0,11.81,0.898,72.4,EASY
2016-08-16,4797.19,,NDX_workbook,517.0,12.64,0.898,72.4,EASY
2016-08-17,4805.45,,NDX_workbook,519.0,12.19,0.898,72.4,EASY
2016-08-18,4808.68,,NDX_workbook,520.0,11.43,0.898,72.4,EASY
2016-08-19,4806.14,,NDX_workbook,515.0,11.34,0.898,72.4,EASY
2016-08-22,4808.56,,NDX_workbook,518.0,12.27,0.898,72.4,EASY
2016-08-23,4818.48,,NDX_workbook,514.0,12.38,0.8776,72.4,EASY
2016-08-24,4783.49,,NDX_workbook,513.0,13.45,0.8776,72.4,EASY
2016-08-25,4775.43,,NDX_workbook,514.0,13.63,0.8776,72.4,EASY
2016-08-26,4783.69,,NDX_workbook,504.0,13.65,0.8776,72.4,EASY
2016-08-29,4791.09,,NDX_workbook,510.0,12.94,0.8571,72.4,EASY
2016-08-30,4775.99,,NDX_workbook,507.0,13.12,0.8367,72.4,EASY
2016-08-31,4771.05,,NDX_workbook,510.0,13.42,0.8571,72.4,EASY
2016-09-01,4783.94,,NDX_workbook,512.0,13.48,0.8571,72.4,EASY
2016-09-02,4798.74,,NDX_workbook,509.0,11.98,0.8571,72.4,EASY
2016-09-06,4829.51,,NDX_workbook,509.0,12.02,0.8776,72.4,EASY
2016-09-07,4831.86,,NDX_workbook,507.0,11.94,0.898,72.4,EASY
2016-09-08,4804.0,,NDX_workbook,499.0,12.51,0.8776,72.4,EASY
2016-09-09,4681.54,,NDX_workbook,510.0,17.5,0.7959,72.4,EASY
2016-09-12,4764.65,,NDX_workbook,518.0,15.16,0.8776,72.4,EASY
2016-09-13,4722.85,,NDX_workbook,524.0,17.85,0.8571,66.3,UNCERTAIN
2016-09-14,4746.06,,NDX_workbook,526.0,18.14,0.8367,66.3,UNCERTAIN
2016-09-15,4819.9,,NDX_workbook,526.0,16.3,0.8571,66.3,UNCERTAIN
2016-09-16,4818.05,,NDX_workbook,527.0,15.37,0.8776,72.4,EASY
2016-09-19,4796.07,,NDX_workbook,525.0,15.53,0.8571,72.4,EASY
2016-09-20,4805.22,,NDX_workbook,524.0,15.92,0.8367,72.4,EASY
2016-09-21,4853.75,,NDX_workbook,522.0,13.3,0.8571,72.4,EASY
2016-09-22,4891.36,,NDX_workbook,509.0,12.02,0.8571,72.4,EASY
2016-09-23,4858.91,,NDX_workbook,510.0,12.29,0.8367,72.4,EASY
2016-09-26,4817.17,,NDX_workbook,516.0,14.5,0.8163,72.4,EASY
2016-09-27,4866.71,,NDX_workbook,518.0,13.1,0.8571,72.4,EASY
2016-09-28,4875.27,,NDX_workbook,514.0,12.39,0.8776,72.4,EASY
2016-09-29,4838.3,,NDX_workbook,509.0,14.02,0.8163,72.4,EASY
2016-09-30,4875.7,,NDX_workbook,497.0,13.29,0.8776,72.4,EASY
2016-10-03,4866.63,,NDX_workbook,493.0,13.57,0.8571,72.4,EASY
2016-10-04,4859.47,,NDX_workbook,485.0,13.63,0.8367,72.4,EASY
2016-10-05,4877.75,,NDX_workbook,478.0,12.99,0.8571,72.4,EASY
2016-10-06,4873.92,,NDX_workbook,475.0,12.84,0.8571,72.4,EASY
2016-10-07,4864.52,,NDX_workbook,476.0,13.48,0.8163,72.4,EASY
2016-10-10,4893.77,,NDX_workbook,476.0,13.38,0.8367,72.4,EASY
2016-10-11,4821.91,,NDX_workbook,475.0,15.36,0.7959,72.4,EASY
2016-10-12,4819.64,,NDX_workbook,475.0,15.91,0.8163,72.4,EASY
2016-10-13,4803.1,,NDX_workbook,482.0,16.69,0.8367,66.3,UNCERTAIN
2016-10-14,4808.48,,NDX_workbook,472.0,16.12,0.8367,66.3,UNCERTAIN
2016-10-17,4796.17,,NDX_workbook,476.0,16.21,0.8163,66.3,UNCERTAIN
2016-10-18,4839.72,,NDX_workbook,472.0,15.28,0.8367,66.3,UNCERTAIN
2016-10-19,4836.61,,NDX_workbook,466.0,14.41,0.8367,66.3,UNCERTAIN
2016-10-20,4832.71,,NDX_workbook,462.0,13.75,0.8163,72.4,EASY
2016-10-21,4851.86,,NDX_workbook,462.0,13.34,0.7959,72.4,EASY
2016-10-24,4909.97,,NDX_workbook,460.0,13.02,0.8367,72.4,EASY
2016-10-25,4891.45,,NDX_workbook,460.0,13.46,0.8163,72.4,EASY
2016-10-26,4860.59,,NDX_workbook,466.0,14.24,0.8163,72.4,EASY
2016-10-27,4836.45,,NDX_workbook,469.0,15.36,0.7551,72.4,EASY
2016-10-28,4805.59,,NDX_workbook,476.0,16.19,0.7551,72.4,EASY
2016-10-31,4801.27,,NDX_workbook,491.0,17.06,0.7959,72.4,EASY
2016-11-01,4766.94,,NDX_workbook,505.0,18.56,0.7347,66.3,UNCERTAIN
2016-11-02,4726.91,,NDX_workbook,515.0,19.32,0.7551,66.3,UNCERTAIN
2016-11-03,4679.1,,NDX_workbook,515.0,22.08,0.7551,60.2,UNCERTAIN
2016-11-04,4660.46,,NDX_workbook,520.0,22.51,0.7551,60.2,UNCERTAIN
2016-11-07,4773.73,,NDX_workbook,501.0,18.71,0.7755,66.3,UNCERTAIN
2016-11-08,4804.92,,NDX_workbook,498.0,18.74,0.7959,66.3,UNCERTAIN
2016-11-09,4825.18,,NDX_workbook,494.0,14.38,0.8776,66.3,UNCERTAIN
2016-11-10,4747.03,,NDX_workbook,497.0,14.74,0.8367,72.4,EASY
2016-11-11,4751.95,,NDX_workbook,497.0,14.17,0.8367,72.4,EASY
2016-11-14,4702.04,,NDX_workbook,511.0,14.48,0.7551,72.4,EASY
2016-11-15,4764.47,,NDX_workbook,494.0,13.37,0.8163,72.4,EASY
2016-11-16,4792.27,,NDX_workbook,494.0,13.72,0.8163,72.4,EASY
2016-11-17,4826.59,,NDX_workbook,485.0,13.35,0.8776,72.4,EASY
2016-11-18,4808.04,,NDX_workbook,484.0,12.85,0.8367,72.4,EASY
2016-11-21,4859.0,,NDX_workbook,478.0,12.42,0.8776,72.4,EASY
2016-11-22,4873.84,,NDX_workbook,470.0,12.41,0.8367,72.4,EASY
2016-11-23,4853.86,,NDX_workbook,466.0,12.43,0.8367,72.4,EASY
2016-11-25,4870.02,,NDX_workbook,464.0,12.34,0.8571,72.4,EASY
2016-11-28,4857.02,,NDX_workbook,466.0,13.15,0.8367,72.4,EASY
2016-11-29,4873.21,,NDX_workbook,469.0,12.9,0.8163,72.4,EASY
2016-11-30,4810.81,,NDX_workbook,467.0,13.33,0.7959,72.4,EASY
2016-12-01,4734.1,,NDX_workbook,462.0,14.07,0.7755,67.3,UNCERTAIN
2016-12-02,4739.37,,NDX_workbook,464.0,14.12,0.7551,61.2,UNCERTAIN
2016-12-05,4778.14,,NDX_workbook,458.0,12.14,0.7959,61.2,UNCERTAIN
2016-12-06,4788.67,,NDX_workbook,450.0,11.79,0.7959,69.4,UNCERTAIN
2016-12-07,4851.94,,NDX_workbook,442.0,12.22,0.8163,69.4,UNCERTAIN
2016-12-08,4859.19,,NDX_workbook,438.0,12.64,0.8163,75.5,EASY
2016-12-09,4895.9,,NDX_workbook,428.0,11.75,0.8367,75.5,EASY
2016-12-12,4874.3,,NDX_workbook,425.0,12.64,0.8367,75.5,EASY
2016-12-13,4935.84,,NDX_workbook,420.0,12.72,0.8571,81.6,EASY
2016-12-14,4921.22,,NDX_workbook,412.0,13.19,0.8571,81.6,EASY
2016-12-15,4933.41,,NDX_workbook,420.0,12.79,0.8571,81.6,EASY
2016-12-16,4914.86,,NDX_workbook,421.0,12.2,0.8367,75.5,EASY
2016-12-19,4934.85,,NDX_workbook,423.0,11.71,0.8367,75.5,EASY
2016-12-20,4953.8,,NDX_workbook,420.0,11.45,0.8367,75.5,EASY
2016-12-21,4948.91,,NDX_workbook,419.0,11.27,0.8367,75.5,EASY
2016-12-22,4934.39,,NDX_workbook,417.0,11.43,0.8367,75.5,EASY
2016-12-23,4940.02,,NDX_workbook,416.0,11.44,0.8367,75.5,EASY
2016-12-27,4965.81,,NDX_workbook,411.0,11.99,0.8571,75.5,EASY
2016-12-28,4926.29,,NDX_workbook,415.0,12.95,0.8571,75.5,EASY
2016-12-29,4918.28,,NDX_workbook,418.0,13.37,0.8571,75.5,EASY
2016-12-30,4863.62,,NDX_workbook,421.0,14.04,0.8163,75.5,EASY
2017-01-03,4911.33,,NDX_workbook,413.0,12.85,0.8367,75.5,EASY
2017-01-04,4937.21,,NDX_workbook,402.0,11.85,0.8571,69.4,UNCERTAIN
2017-01-05,4964.95,,NDX_workbook,404.0,11.67,0.8776,75.5,EASY
2017-01-06,5007.08,,NDX_workbook,398.0,11.32,0.8776,75.5,EASY
2017-01-09,5024.9,,NDX_workbook,402.0,11.56,0.8571,75.5,EASY
2017-01-10,5035.17,,NDX_workbook,400.0,11.49,0.8776,75.5,EASY
2017-01-11,5050.21,,NDX_workbook,403.0,11.26,0.8776,81.6,EASY
2017-01-12,5041.43,,NDX_workbook,405.0,11.54,0.8776,81.6,EASY
2017-01-13,5059.51,,NDX_workbook,402.0,11.23,0.8776,81.6,EASY
2017-01-17,5044.65,,NDX_workbook,406.0,11.87,0.8776,75.5,EASY
2017-01-18,5055.85,,NDX_workbook,401.0,12.48,0.8776,75.5,EASY
2017-01-19,5051.17,,NDX_workbook,399.0,12.78,0.8776,75.5,EASY
2017-01-20,5063.2,,NDX_workbook,402.0,11.54,0.8776,75.5,EASY
2017-01-23,5065.7,,NDX_workbook,410.0,11.77,0.8571,75.5,EASY
2017-01-24,5101.06,,NDX_workbook,402.0,11.07,0.8776,75.5,EASY
2017-01-25,5151.47,,NDX_workbook,393.0,10.81,0.8776,75.5,EASY
2017-01-26,5156.92,,NDX_workbook,393.0,10.63,0.8776,75.5,EASY
2017-01-27,5168.06,,NDX_workbook,393.0,10.58,0.8776,75.5,EASY
2017-01-30,5129.33,,NDX_workbook,396.0,11.88,0.8571,75.5,EASY
2017-01-31,5116.77,,NDX_workbook,400.0,11.99,0.8571,75.5,EASY
2017-02-01,5152.69,,NDX_workbook,395.0,11.81,0.8367,75.5,EASY
2017-02-02,5147.7,,NDX_workbook,393.0,11.93,0.8367,75.5,EASY
2017-02-03,5161.6,,NDX_workbook,386.0,10.97,0.8776,75.5,EASY
2017-02-06,5167.96,,NDX_workbook,391.0,11.37,0.898,75.5,EASY
2017-02-07,5185.88,,NDX_workbook,393.0,11.29,0.8776,75.5,EASY
2017-02-08,5196.58,,NDX_workbook,398.0,11.45,0.898,75.5,EASY
2017-02-09,5212.16,,NDX_workbook,393.0,10.88,0.9388,75.5,EASY
2017-02-10,5226.69,,NDX_workbook,390.0,10.85,0.9184,75.5,EASY
2017-02-13,5256.82,,NDX_workbook,386.0,11.07,0.9184,75.5,EASY
2017-02-14,5271.07,,NDX_workbook,380.0,10.74,0.898,75.5,EASY
2017-02-15,5302.39,,NDX_workbook,377.0,11.97,0.9184,75.5,EASY
2017-02-16,5300.64,,NDX_workbook,383.0,11.76,0.9184,75.5,EASY
2017-02-17,5324.72,,NDX_workbook,386.0,11.49,0.9184,75.5,EASY
2017-02-21,5350.73,,NDX_workbook,381.0,11.57,0.898,75.5,EASY
2017-02-22,5352.13,,NDX_workbook,378.0,11.74,0.898,75.5,EASY
2017-02-23,5332.37,,NDX_workbook,377.0,11.71,0.898,75.5,EASY
2017-02-24,5343.31,,NDX_workbook,384.0,11.47,0.898,75.5,EASY
2017-02-27,5347.55,,NDX_workbook,375.0,12.09,0.9184,75.5,EASY
2017-02-28,5330.31,,NDX_workbook,374.0,12.92,0.9184,75.5,EASY
2017-03-01,5390.99,,NDX_workbook,357.0,12.54,0.898,75.5,EASY
2017-03-02,5363.26,,NDX_workbook,355.0,11.81,0.898,75.5,EASY
2017-03-03,5373.48,,NDX_workbook,360.0,10.96,0.898,75.5,EASY
2017-03-06,5360.31,,NDX_workbook,366.0,11.24,0.898,75.5,EASY
2017-03-07,5351.28,,NDX_workbook,373.0,11.45,0.898,75.5,EASY
2017-03-08,5359.81,,NDX_workbook,379.0,11.86,0.898,75.5,EASY
2017-03-09,5363.98,,NDX_workbook,388.0,12.3,0.898,75.5,EASY
2017-03-10,5385.9,,NDX_workbook,389.0,11.66,0.898,75.5,EASY
2017-03-13,5394.57,,NDX_workbook,394.0,11.35,0.9184,75.5,EASY
2017-03-14,5382.17,,NDX_workbook,405.0,12.3,0.9184,75.5,EASY
2017-03-15,5416.25,,NDX_workbook,402.0,11.63,0.898,75.5,EASY
2017-03-16,5412.08,,NDX_workbook,388.0,11.21,0.898,75.5,EASY
2017-03-17,5408.76,,NDX_workbook,391.0,11.28,0.898,75.5,EASY
2017-03-20,5413.31,,NDX_workbook,397.0,11.34,0.898,75.5,EASY
2017-03-21,5332.53,,NDX_workbook,404.0,12.47,0.8776,75.5,EASY
2017-03-22,5367.55,,NDX_workbook,416.0,12.81,0.898,75.5,EASY
2017-03-23,5355.14,,NDX_workbook,411.0,13.12,0.898,75.5,EASY
2017-03-24,5364.0,,NDX_workbook,407.0,12.96,0.898,69.4,UNCERTAIN
2017-03-27,5374.27,,NDX_workbook,412.0,12.5,0.9184,69.4,UNCERTAIN
2017-03-28,5407.21,,NDX_workbook,401.0,11.53,0.9184,75.5,EASY
2017-03-29,5430.27,,NDX_workbook,394.0,11.42,0.9388,75.5,EASY
2017-03-30,5439.74,,NDX_workbook,385.0,11.54,0.9184,75.5,EASY
2017-03-31,5436.23,,NDX_workbook,392.0,12.37,0.9184,75.5,EASY
2017-04-03,5432.2,,NDX_workbook,398.0,12.38,0.898,75.5,EASY
2017-04-04,5440.41,,NDX_workbook,398.0,11.79,0.8776,75.5,EASY
2017-04-05,5418.52,,NDX_workbook,391.0,12.89,0.8571,75.5,EASY
2017-04-06,5420.88,,NDX_workbook,393.0,12.39,0.8571,75.5,EASY
2017-04-07,5418.37,,NDX_workbook,386.0,12.87,0.8571,75.5,EASY
2017-04-10,5421.68,,NDX_workbook,386.0,14.05,0.8571,75.5,EASY
2017-04-11,5398.4,,NDX_workbook,394.0,15.07,0.8571,75.5,EASY
2017-04-12,5377.03,,NDX_workbook,396.0,15.77,0.8571,75.5,EASY
2017-04-13,5353.59,,NDX_workbook,403.0,15.96,0.8367,69.4,UNCERTAIN
2017-04-17,5399.2,,NDX_workbook,400.0,14.66,0.8571,69.4,UNCERTAIN
2017-04-18,5391.66,,NDX_workbook,407.0,14.42,0.8571,69.4,UNCERTAIN
2017-04-19,5399.64,,NDX_workbook,401.0,14.93,0.8571,75.5,EASY
2017-04-20,5443.53,,NDX_workbook,398.0,14.15,0.8776,75.5,EASY
2017-04-21,5442.05,,NDX_workbook,397.0,14.63,0.898,75.5,EASY
2017-04-24,5508.03,,NDX_workbook,386.0,10.84,0.898,76.5,EASY
2017-04-25,5548.19,,NDX_workbook,378.0,10.76,0.898,76.5,EASY
2017-04-26,5541.09,,NDX_workbook,376.0,10.85,0.898,82.4,EASY
2017-04-27,5571.28,,NDX_workbook,378.0,10.36,0.898,82.4,EASY
2017-04-28,5583.53,,NDX_workbook,375.0,10.82,0.9184,82.4,EASY
2017-05-01,5629.63,,NDX_workbook,378.0,10.11,0.898,82.4,EASY
2017-05-02,5644.07,,NDX_workbook,379.0,10.59,0.9184,82.4,EASY
2017-05-03,5625.16,,NDX_workbook,376.0,10.68,0.898,82.4,EASY
2017-05-04,5626.32,,NDX_workbook,380.0,10.46,0.8776,76.5,EASY
2017-05-05,5646.09,,NDX_workbook,382.0,10.57,0.898,76.5,EASY
2017-05-08,5659.07,,NDX_workbook,380.0,9.77,0.8776,76.5,EASY
2017-05-09,5678.31,,NDX_workbook,374.0,9.96,0.898,76.5,EASY
2017-05-10,5681.68,,NDX_workbook,372.0,10.21,0.898,76.5,EASY
2017-05-11,5674.22,,NDX_workbook,372.0,10.6,0.898,76.5,EASY
2017-05-12,5686.81,,NDX_workbook,377.0,10.4,0.8776,76.5,EASY
2017-05-15,5704.48,,NDX_workbook,372.0,10.42,0.8776,76.5,EASY
2017-05-16,5724.44,,NDX_workbook,371.0,10.65,0.8776,76.5,EASY
2017-05-17,5580.55,,NDX_workbook,384.0,15.59,0.8571,76.5,EASY
2017-05-18,5626.31,,NDX_workbook,385.0,14.66,0.8367,76.5,EASY
2017-05-19,5651.56,,NDX_workbook,378.0,12.04,0.8367,76.5,EASY
2017-05-22,5699.4,,NDX_workbook,372.0,10.93,0.8776,76.5,EASY
2017-05-23,5703.35,,NDX_workbook,367.0,10.72,0.8776,70.6,EASY
2017-05-24,5730.3,,NDX_workbook,368.0,10.02,0.898,76.5,EASY
2017-05-25,5778.37,,NDX_workbook,367.0,9.99,0.898,76.5,EASY
2017-05-26,5788.36,,NDX_workbook,367.0,9.81,0.898,76.5,EASY
2017-05-30,5794.63,,NDX_workbook,368.0,10.38,0.898,76.5,EASY
2017-05-31,5788.8,,NDX_workbook,374.0,10.41,0.898,82.4,EASY
2017-06-01,5816.51,,NDX_workbook,369.0,9.89,0.9184,76.5,EASY
2017-06-02,5881.46,,NDX_workbook,369.0,9.75,0.9184,76.5,EASY
2017-06-05,5878.12,,NDX_workbook,368.0,10.07,0.898,76.5,EASY
2017-06-06,5856.77,,NDX_workbook,372.0,10.45,0.9184,76.5,EASY
2017-06-07,5877.59,,NDX_workbook,373.0,10.39,0.9184,76.5,EASY
2017-06-08,5885.3,,NDX_workbook,376.0,10.16,0.9184,76.5,EASY
2017-06-09,5741.94,,NDX_workbook,373.0,10.7,0.8776,76.5,EASY
2017-06-12,5708.18,,NDX_workbook,371.0,11.46,0.8776,76.5,EASY
2017-06-13,5751.82,,NDX_workbook,368.0,10.42,0.898,70.6,EASY
2017-06-14,5727.07,,NDX_workbook,370.0,10.64,0.8776,70.6,EASY
2017-06-15,5700.89,,NDX_workbook,372.0,10.9,0.8776,70.6,EASY
2017-06-16,5681.48,,NDX_workbook,376.0,10.38,0.8776,70.6,EASY
2017-06-19,5772.22,,NDX_workbook,370.0,10.37,0.8776,70.6,EASY
2017-06-20,5726.31,,NDX_workbook,377.0,10.86,0.8776,70.6,EASY
2017-06-21,5782.39,,NDX_workbook,385.0,10.75,0.8571,76.5,EASY
2017-06-22,5779.87,,NDX_workbook,387.0,10.48,0.898,76.5,EASY
2017-06-23,5803.11,,NDX_workbook,386.0,10.02,0.8776,76.5,EASY
2017-06-26,5777.59,,NDX_workbook,383.0,9.9,0.9184,76.5,EASY
2017-06-27,5671.6,,NDX_workbook,377.0,11.06,0.898,76.5,EASY
2017-06-28,5753.03,,NDX_workbook,377.0,10.03,0.898,76.5,EASY
2017-06-29,5653.02,,NDX_workbook,376.0,11.44,0.8776,76.5,EASY
2017-06-30,5646.92,,NDX_workbook,377.0,11.18,0.8571,70.6,EASY
2017-07-03,5596.96,,NDX_workbook,372.0,11.22,0.8571,70.6,EASY
2017-07-05,5648.82,,NDX_workbook,373.0,11.07,0.8571,70.6,EASY
2017-07-06,5597.9,,NDX_workbook,378.0,12.54,0.8163,70.6,EASY
2017-07-07,5656.47,,NDX_workbook,383.0,11.19,0.8367,70.6,EASY
2017-07-10,5694.15,,NDX_workbook,383.0,11.11,0.8367,70.6,EASY
2017-07-11,5709.8,,NDX_workbook,385.0,10.89,0.8367,76.5,EASY
2017-07-12,5778.95,,NDX_workbook,381.0,10.3,0.8571,76.5,EASY
2017-07-13,5793.36,,NDX_workbook,377.0,9.9,0.8776,76.5,EASY
2017-07-14,5838.08,,NDX_workbook,373.0,9.51,0.8776,82.4,EASY
2017-07-17,5839.74,,NDX_workbook,369.0,9.82,0.8776,82.4,EASY
2017-07-18,5880.1,,NDX_workbook,369.0,9.89,0.8776,82.4,EASY
2017-07-19,5916.16,,NDX_workbook,364.0,9.79,0.8776,82.4,EASY
2017-07-20,5921.22,,NDX_workbook,361.0,9.58,0.8776,82.4,EASY
2017-07-21,5921.53,,NDX_workbook,364.0,9.36,0.8776,82.4,EASY
2017-07-24,5941.37,,NDX_workbook,363.0,9.43,0.8776,82.4,EASY
2017-07-25,5930.65,,NDX_workbook,355.0,9.43,0.8776,76.5,EASY
2017-07-26,5950.73,,NDX_workbook,356.0,9.6,0.8776,76.5,EASY
2017-07-27,5917.03,,NDX_workbook,355.0,10.11,0.898,76.5,EASY
2017-07-28,5908.92,,NDX_workbook,359.0,10.29,0.8571,76.5,EASY
2017-07-31,5880.33,,NDX_workbook,361.0,10.26,0.8571,76.5,EASY
2017-08-01,5895.17,,NDX_workbook,360.0,10.09,0.898,76.5,EASY
2017-08-02,5914.23,,NDX_workbook,359.0,10.28,0.8776,76.5,EASY
2017-08-03,5891.2,,NDX_workbook,363.0,10.44,0.8367,76.5,EASY
2017-08-04,5899.91,,NDX_workbook,363.0,10.03,0.8367,76.5,EASY
2017-08-07,5934.73,,NDX_workbook,364.0,9.93,0.8571,76.5,EASY
2017-08-08,5926.35,,NDX_workbook,364.0,10.96,0.8571,76.5,EASY
2017-08-09,5919.39,,NDX_workbook,381.0,11.11,0.8571,76.5,EASY
2017-08-10,5788.19,,NDX_workbook,392.0,16.04,0.8163,76.5,EASY
2017-08-11,5831.53,,NDX_workbook,400.0,15.51,0.8367,76.5,EASY
2017-08-14,5908.17,,NDX_workbook,389.0,12.33,0.8571,76.5,EASY
2017-08-15,5907.73,,NDX_workbook,387.0,12.04,0.8776,70.6,EASY
2017-08-16,5917.42,,NDX_workbook,388.0,11.74,0.8776,70.6,EASY
2017-08-17,5796.32,,NDX_workbook,393.0,15.55,0.7959,76.5,EASY
2017-08-18,5790.91,,NDX_workbook,398.0,14.26,0.7959,76.5,EASY
2017-08-21,5786.54,,NDX_workbook,400.0,13.19,0.7959,76.5,EASY
2017-08-22,5873.33,,NDX_workbook,393.0,11.35,0.8163,70.6,EASY
2017-08-23,5851.78,,NDX_workbook,395.0,12.25,0.7959,70.6,EASY
2017-08-24,5834.44,,NDX_workbook,391.0,12.23,0.8163,70.6,EASY
2017-08-25,5822.53,,NDX_workbook,389.0,11.28,0.7959,76.5,EASY
2017-08-28,5838.08,,NDX_workbook,388.0,11.32,0.8163,76.5,EASY
2017-08-29,5862.14,,NDX_workbook,390.0,11.7,0.7959,76.5,EASY
2017-08-30,5932.9,,NDX_workbook,386.0,11.22,0.8571,76.5,EASY
2017-08-31,5988.6,,NDX_workbook,385.0,10.59,0.8571,76.5,EASY
2017-09-01,5987.9,,NDX_workbook,382.0,10.13,0.8571,76.5,EASY
2017-09-05,5932.73,,NDX_workbook,391.0,12.23,0.8367,76.5,EASY
2017-09-06,5951.13,,NDX_workbook,384.0,11.63,0.8571,76.5,EASY
2017-09-07,5964.31,,NDX_workbook,388.0,11.55,0.8776,76.5,EASY
2017-09-08,5913.37,,NDX_workbook,392.0,12.12,0.8163,76.5,EASY
2017-09-11,5980.53,,NDX_workbook,385.0,10.73,0.8571,76.5,EASY
2017-09-12,5995.64,,NDX_workbook,381.0,10.58,0.8367,76.5,EASY
2017-09-13,6004.38,,NDX_workbook,378.0,10.5,0.8571,76.5,EASY
2017-09-14,5968.82,,NDX_workbook,374.0,10.44,0.8367,76.5,EASY
2017-09-15,5988.0,,NDX_workbook,373.0,10.17,0.8571,76.5,EASY
2017-09-18,5981.12,,NDX_workbook,368.0,10.15,0.8571,76.5,EASY
2017-09-19,5991.08,,NDX_workbook,366.0,10.18,0.8776,76.5,EASY
2017-09-20,5973.61,,NDX_workbook,360.0,9.78,0.898,76.5,EASY
2017-09-21,5934.91,,NDX_workbook,362.0,9.67,0.8776,76.5,EASY
2017-09-22,5932.32,,NDX_workbook,364.0,9.59,0.898,76.5,EASY
2017-09-25,5867.35,,NDX_workbook,366.0,10.21,0.9184,70.6,EASY
2017-09-26,5881.34,,NDX_workbook,362.0,10.17,0.898,70.6,EASY
2017-09-27,5937.79,,NDX_workbook,357.0,9.87,0.9184,70.6,EASY
2017-09-28,5933.07,,NDX_workbook,357.0,9.55,0.898,70.6,EASY
2017-09-29,5979.3,,NDX_workbook,354.0,9.51,0.9184,70.6,EASY
2017-10-02,5981.92,,NDX_workbook,355.0,9.45,0.8776,76.5,EASY
2017-10-03,5995.06,,NDX_workbook,355.0,9.51,0.898,76.5,EASY
2017-10-04,5998.84,,NDX_workbook,354.0,9.63,0.898,76.5,EASY
2017-10-05,6057.14,,NDX_workbook,352.0,9.19,0.898,76.5,EASY
2017-10-06,6064.57,,NDX_workbook,352.0,9.65,0.8571,76.5,EASY
2017-10-09,6058.53,,NDX_workbook,351.0,10.33,0.8571,76.5,EASY
2017-10-10,6063.52,,NDX_workbook,352.0,10.08,0.8571,76.5,EASY
2017-10-11,6081.25,,NDX_workbook,352.0,9.85,0.8776,76.5,EASY
2017-10-12,6069.99,,NDX_workbook,356.0,9.91,0.8776,76.5,EASY
2017-10-13,6092.45,,NDX_workbook,360.0,9.61,0.8776,76.5,EASY
2017-10-16,6114.53,,NDX_workbook,353.0,9.91,0.8571,76.5,EASY
2017-10-17,6122.61,,NDX_workbook,350.0,10.31,0.8571,76.5,EASY
2017-10-18,6114.35,,NDX_workbook,346.0,10.07,0.8776,84.3,EASY
2017-10-19,6092.62,,NDX_workbook,348.0,10.05,0.8571,84.3,EASY
2017-10-20,6108.82,,NDX_workbook,342.0,9.97,0.8571,84.3,EASY
2017-10-23,6067.83,,NDX_workbook,340.0,11.07,0.8776,84.3,EASY
2017-10-24,6080.22,,NDX_workbook,338.0,11.16,0.8367,84.3,EASY
2017-10-25,6055.04,,NDX_workbook,342.0,11.23,0.8163,84.3,EASY
2017-10-26,6037.87,,NDX_workbook,341.0,11.3,0.8163,78.4,EASY
2017-10-27,6213.47,,NDX_workbook,344.0,9.8,0.8367,84.3,EASY
2017-10-30,6227.59,,NDX_workbook,349.0,10.5,0.8163,84.3,EASY
2017-10-31,6248.56,,NDX_workbook,351.0,10.18,0.7959,76.5,EASY
2017-11-01,6248.65,,NDX_workbook,348.0,10.2,0.7959,84.3,EASY
2017-11-02,6236.39,,NDX_workbook,352.0,9.93,0.8163,82.4,EASY
2017-11-03,6295.58,,NDX_workbook,352.0,9.14,0.8367,82.4,EASY
2017-11-06,6313.61,,NDX_workbook,355.0,9.4,0.8367,82.4,EASY
2017-11-07,6320.78,,NDX_workbook,357.0,9.89,0.8367,82.4,EASY
2017-11-08,6345.81,,NDX_workbook,367.0,9.78,0.8367,76.5,EASY
2017-11-09,6312.21,,NDX_workbook,379.0,10.5,0.8163,76.5,EASY
2017-11-10,6309.07,,NDX_workbook,376.0,11.29,0.8367,76.5,EASY
2017-11-13,6316.18,,NDX_workbook,377.0,11.5,0.8163,76.5,EASY
2017-11-14,6293.64,,NDX_workbook,384.0,11.59,0.8163,76.5,EASY
2017-11-15,6258.36,,NDX_workbook,397.0,13.13,0.8367,76.5,EASY
2017-11-16,6339.14,,NDX_workbook,379.0,11.76,0.8367,76.5,EASY
2017-11-17,6314.51,,NDX_workbook,376.0,11.43,0.8163,76.5,EASY
2017-11-20,6308.61,,NDX_workbook,370.0,10.65,0.8367,76.5,EASY
2017-11-21,6378.63,,NDX_workbook,366.0,9.73,0.8367,76.5,EASY
2017-11-22,6386.12,,NDX_workbook,370.0,9.88,0.8571,76.5,EASY
2017-11-24,6409.29,,NDX_workbook,367.0,9.67,0.8367,76.5,EASY
2017-11-27,6405.97,,NDX_workbook,366.0,9.87,0.7959,76.5,EASY
2017-11-28,6422.56,,NDX_workbook,367.0,10.03,0.8571,76.5,EASY
2017-11-29,6311.38,,NDX_workbook,364.0,10.7,0.8776,76.5,EASY
2017-11-30,6365.56,,NDX_workbook,361.0,11.28,0.8776,76.5,EASY
2017-12-01,6337.87,,NDX_workbook,363.0,11.43,0.898,76.5,EASY
2017-12-04,6263.7,,NDX_workbook,358.0,11.68,0.898,76.5,EASY
2017-12-05,6265.11,,NDX_workbook,357.0,11.33,0.898,70.6,EASY
2017-12-06,6293.05,,NDX_workbook,363.0,11.02,0.898,70.6,EASY
2017-12-07,6316.28,,NDX_workbook,363.0,10.16,0.8776,70.6,EASY
2017-12-08,6344.57,,NDX_workbook,363.0,9.58,0.8776,70.6,EASY
2017-12-11,6393.89,,NDX_workbook,361.0,9.34,0.9388,76.5,EASY
2017-12-12,6383.65,,NDX_workbook,358.0,9.92,0.9388,76.5,EASY
2017-12-13,6394.67,,NDX_workbook,364.0,10.18,0.9388,76.5,EASY
2017-12-14,6389.91,,NDX_workbook,363.0,10.49,0.9184,76.5,EASY
2017-12-15,6466.32,,NDX_workbook,364.0,9.42,0.9184,76.5,EASY
2017-12-18,6513.27,,NDX_workbook,364.0,9.53,0.9388,76.5,EASY
2017-12-19,6480.67,,NDX_workbook,360.0,10.03,0.9388,76.5,EASY
2017-12-20,6472.48,,NDX_workbook,358.0,9.72,0.9184,76.5,EASY
2017-12-21,6472.69,,NDX_workbook,357.0,9.62,0.9388,76.5,EASY
2017-12-22,6465.17,,NDX_workbook,356.0,9.9,0.9184,76.5,EASY
2017-12-26,6433.16,,NDX_workbook,357.0,10.25,0.9184,76.5,EASY
2017-12-27,6435.15,,NDX_workbook,359.0,10.47,0.9184,76.5,EASY
2017-12-28,6441.42,,NDX_workbook,355.0,10.18,0.9184,76.5,EASY
2017-12-29,6396.42,,NDX_workbook,358.0,11.04,0.898,70.6,EASY
2018-01-02,6511.34,,NDX_workbook,355.0,9.77,0.9184,76.5,EASY
2018-01-03,6575.8,,NDX_workbook,348.0,9.15,0.9184,84.3,EASY
2018-01-04,6584.58,,NDX_workbook,340.0,9.22,0.898,84.3,EASY
2018-01-05,6653.29,,NDX_workbook,336.0,9.22,0.898,84.3,EASY
2018-01-08,6676.63,,NDX_workbook,335.0,9.52,0.9592,90.2,EASY
2018-01-09,6677.94,,NDX_workbook,333.0,10.08,0.9388,90.2,EASY
2018-01-10,6662.66,,NDX_workbook,342.0,9.82,0.9388,90.2,EASY
2018-01-11,6708.49,,NDX_workbook,340.0,9.88,0.9388,90.2,EASY
2018-01-12,6758.54,,NDX_workbook,337.0,10.16,0.9388,90.2,EASY
2018-01-16,6737.14,,NDX_workbook,334.0,11.66,0.9184,84.3,EASY
2018-01-17,6810.28,,NDX_workbook,334.0,11.91,0.9388,84.3,EASY
2018-01-18,6811.38,,NDX_workbook,335.0,12.22,0.9388,84.3,EASY
2018-01-19,6834.33,,NDX_workbook,335.0,11.27,0.9592,84.3,EASY
2018-01-22,6906.28,,NDX_workbook,332.0,11.03,0.9592,84.3,EASY
2018-01-23,6963.46,,NDX_workbook,331.0,11.1,0.9592,90.2,EASY
2018-01-24,6919.35,,NDX_workbook,328.0,11.47,0.9592,90.2,EASY
2018-01-25,6916.3,,NDX_workbook,328.0,11.58,0.9592,90.2,EASY
2018-01-26,7022.97,,NDX_workbook,323.0,11.08,0.9592,90.2,EASY
2018-01-29,6988.32,,NDX_workbook,326.0,13.84,0.9184,90.2,EASY
2018-01-30,6930.73,,NDX_workbook,333.0,14.79,0.9184,84.3,EASY
2018-01-31,6949.99,,NDX_workbook,329.0,13.54,0.9388,84.3,EASY
2018-02-01,6901.5,,NDX_workbook,329.0,13.47,0.9184,84.3,EASY
2018-02-02,6760.29,,NDX_workbook,336.0,17.31,0.9184,84.3,EASY
2018-02-05,6495.92,,NDX_workbook,348.0,37.32,0.7551,58.8,UNCERTAIN
2018-02-06,6665.98,,NDX_workbook,360.0,29.98,0.8367,58.8,UNCERTAIN
2018-02-07,6582.02,,NDX_workbook,346.0,27.73,0.7959,58.8,UNCERTAIN
2018-02-08,6306.1,,NDX_workbook,359.0,33.46,0.6122,51.0,UNCERTAIN
2018-02-09,6412.68,,NDX_workbook,382.0,29.06,0.6531,51.0,UNCERTAIN
2018-02-12,6523.85,,NDX_workbook,371.0,25.61,0.7551,51.0,UNCERTAIN
2018-02-13,6553.86,,NDX_workbook,378.0,24.97,0.7551,56.9,UNCERTAIN
2018-02-14,6675.03,,NDX_workbook,369.0,19.26,0.7959,70.6,EASY
2018-02-15,6794.92,,NDX_workbook,357.0,19.13,0.8367,76.5,EASY
2018-02-16,6770.66,,NDX_workbook,350.0,19.46,0.8571,82.4,EASY
2018-02-20,6779.69,,NDX_workbook,348.0,20.6,0.8571,84.3,EASY
2018-02-21,6759.26,,NDX_workbook,346.0,20.02,0.8367,84.3,EASY
2018-02-22,6761.85,,NDX_workbook,353.0,18.72,0.8367,82.4,EASY
2018-02-23,6896.6,,NDX_workbook,358.0,16.49,0.8776,82.4,EASY
2018-02-26,6989.1,,NDX_workbook,350.0,15.8,0.9184,82.4,EASY
2018-02-27,6900.35,,NDX_workbook,347.0,18.59,0.8776,90.2,EASY
2018-02-28,6854.42,,NDX_workbook,347.0,19.85,0.8367,84.3,EASY
2018-03-01,6750.54,,NDX_workbook,359.0,22.47,0.7959,70.6,EASY
2018-03-02,6811.04,,NDX_workbook,365.0,19.59,0.8367,76.5,EASY
2018-03-05,6881.28,,NDX_workbook,359.0,18.73,0.8571,76.5,EASY
2018-03-06,6913.02,,NDX_workbook,353.0,18.36,0.8571,76.5,EASY
2018-03-07,6929.39,,NDX_workbook,356.0,17.76,0.8367,76.5,EASY
2018-03-08,6966.43,,NDX_workbook,356.0,16.54,0.8367,76.5,EASY
2018-03-09,7101.18,,NDX_workbook,353.0,14.64,0.8776,76.5,EASY
2018-03-12,7131.12,,NDX_workbook,355.0,15.78,0.8776,82.4,EASY
2018-03-13,7046.51,,NDX_workbook,358.0,16.35,0.8776,82.4,EASY
2018-03-14,7040.98,,NDX_workbook,362.0,17.23,0.8367,82.4,EASY
2018-03-15,7030.97,,NDX_workbook,362.0,16.59,0.8367,82.4,EASY
2018-03-16,7019.95,,NDX_workbook,360.0,15.8,0.8367,76.5,EASY
2018-03-19,6864.88,,NDX_workbook,365.0,19.02,0.8163,76.5,EASY
2018-03-20,6885.92,,NDX_workbook,362.0,18.2,0.7959,70.6,EASY
2018-03-21,6853.45,,NDX_workbook,360.0,17.86,0.7755,70.6,EASY
2018-03-22,6682.26,,NDX_workbook,370.0,23.34,0.7551,56.9,UNCERTAIN
2018-03-23,6508.09,,NDX_workbook,374.0,24.87,0.6327,56.9,UNCERTAIN
2018-03-26,6753.83,,NDX_workbook,373.0,21.03,0.7347,64.7,UNCERTAIN
2018-03-27,6529.84,,NDX_workbook,375.0,22.5,0.6531,56.9,UNCERTAIN
2018-03-28,6460.81,,NDX_workbook,377.0,22.87,0.6327,56.9,UNCERTAIN
2018-03-29,6581.13,,NDX_workbook,379.0,19.97,0.6939,62.7,UNCERTAIN
2018-04-02,6390.84,,NDX_workbook,377.0,23.62,0.5918,49.0,UNCERTAIN
2018-04-03,6458.83,,NDX_workbook,371.0,21.1,0.6531,56.9,UNCERTAIN
2018-04-04,6560.06,,NDX_workbook,371.0,20.06,0.6735,56.9,UNCERTAIN
2018-04-05,6594.84,,NDX_workbook,359.0,18.94,0.6939,62.7,UNCERTAIN
2018-04-06,6433.21,,NDX_workbook,364.0,21.49,0.6122,56.9,UNCERTAIN
2018-04-09,6472.34,,NDX_workbook,361.0,21.77,0.6327,56.9,UNCERTAIN
2018-04-10,6615.87,,NDX_workbook,352.0,20.47,0.7143,62.7,UNCERTAIN
2018-04-11,6583.44,,NDX_workbook,350.0,20.24,0.6735,62.7,UNCERTAIN
2018-04-12,6656.26,,NDX_workbook,342.0,18.49,0.7143,76.5,EASY
2018-04-13,6628.34,,NDX_workbook,338.0,17.41,0.6735,76.5,EASY
2018-04-16,6675.18,,NDX_workbook,333.0,16.56,0.7755,76.5,EASY
2018-04-17,6816.37,,NDX_workbook,329.0,15.25,0.7347,90.2,EASY
2018-04-18,6833.21,,NDX_workbook,324.0,15.6,0.7551,90.2,EASY
2018-04-19,6774.89,,NDX_workbook,333.0,15.96,0.6735,90.2,EASY
2018-04-20,6667.75,,NDX_workbook,333.0,16.88,0.6531,82.4,EASY
2018-04-23,6648.8,,NDX_workbook,336.0,16.34,0.6531,76.5,EASY
2018-04-24,6509.05,,NDX_workbook,341.0,18.02,0.5714,68.6,UNCERTAIN
2018-04-25,6513.94,,NDX_workbook,347.0,17.84,0.5714,62.7,UNCERTAIN
2018-04-26,6649.65,,NDX_workbook,343.0,16.24,0.6735,70.6,EASY
2018-04-27,6656.35,,NDX_workbook,344.0,15.41,0.6531,70.6,EASY
2018-04-30,6605.57,,NDX_workbook,346.0,15.93,0.5306,62.7,UNCERTAIN
2018-05-01,6681.96,,NDX_workbook,347.0,15.49,0.6327,70.6,EASY
2018-05-02,6644.48,,NDX_workbook,345.0,15.97,0.6122,76.5,EASY
2018-05-03,6643.48,,NDX_workbook,350.0,15.9,0.5714,60.8,UNCERTAIN
2018-05-04,6769.12,,NDX_workbook,349.0,14.77,0.6939,84.3,EASY
2018-05-07,6821.87,,NDX_workbook,346.0,14.75,0.6939,84.3,EASY
2018-05-08,6815.48,,NDX_workbook,346.0,14.71,0.6939,84.3,EASY
2018-05-09,6893.21,,NDX_workbook,343.0,13.42,0.7347,90.2,EASY
2018-05-10,6963.55,,NDX_workbook,341.0,13.23,0.7551,90.2,EASY
2018-05-11,6952.56,,NDX_workbook,340.0,12.65,0.7755,90.2,EASY
2018-05-14,6964.37,,NDX_workbook,337.0,12.93,0.7551,90.2,EASY
2018-05-15,6888.54,,NDX_workbook,336.0,14.63,0.7551,90.2,EASY
2018-05-16,6929.97,,NDX_workbook,337.0,13.42,0.7551,90.2,EASY
2018-05-17,6901.63,,NDX_workbook,336.0,13.43,0.7551,84.3,EASY
2018-05-18,6866.25,,NDX_workbook,341.0,13.42,0.7347,84.3,EASY
2018-05-21,6905.53,,NDX_workbook,340.0,13.08,0.7347,84.3,EASY
2018-05-22,6893.62,,NDX_workbook,339.0,13.22,0.7551,84.3,EASY
2018-05-23,6953.63,,NDX_workbook,348.0,12.58,0.7551,84.3,EASY
2018-05-24,6949.7,,NDX_workbook,349.0,12.53,0.7755,84.3,EASY
2018-05-25,6960.92,,NDX_workbook,353.0,13.22,0.8163,76.5,EASY
2018-05-29,6926.54,,NDX_workbook,375.0,17.02,0.7755,76.5,EASY
2018-05-30,6976.37,,NDX_workbook,364.0,14.94,0.7959,76.5,EASY
2018-05-31,6967.73,,NDX_workbook,363.0,15.43,0.7551,76.5,EASY
2018-06-01,7083.93,,NDX_workbook,355.0,13.46,0.7551,76.5,EASY
2018-06-04,7143.57,,NDX_workbook,349.0,12.74,0.7551,84.3,EASY
2018-06-05,7166.75,,NDX_workbook,350.0,12.4,0.7755,76.5,EASY
2018-06-06,7210.08,,NDX_workbook,344.0,11.64,0.7755,90.2,EASY
2018-06-07,7152.83,,NDX_workbook,344.0,12.13,0.7551,90.2,EASY
2018-06-08,7152.62,,NDX_workbook,345.0,12.18,0.7551,90.2,EASY
2018-06-11,7168.48,,NDX_workbook,339.0,12.35,0.7755,90.2,EASY
2018-06-12,7209.18,,NDX_workbook,338.0,12.34,0.7347,84.3,EASY
2018-06-13,7205.26,,NDX_workbook,333.0,12.94,0.7347,84.3,EASY
2018-06-14,7279.59,,NDX_workbook,331.0,12.12,0.7551,84.3,EASY
2018-06-15,7255.76,,NDX_workbook,333.0,11.98,0.7551,84.3,EASY
2018-06-18,7251.41,,NDX_workbook,334.0,12.31,0.7551,84.3,EASY
2018-06-19,7228.04,,NDX_workbook,340.0,13.35,0.7347,84.3,EASY
2018-06-20,7280.7,,NDX_workbook,334.0,12.79,0.7347,84.3,EASY
2018-06-21,7217.49,,NDX_workbook,339.0,14.64,0.7347,84.3,EASY
2018-06-22,7197.51,,NDX_workbook,339.0,13.77,0.7143,84.3,EASY
2018-06-25,7038.17,,NDX_workbook,347.0,17.33,0.6735,78.4,EASY
2018-06-26,7068.2,,NDX_workbook,348.0,15.92,0.6531,78.4,EASY
2018-06-27,6969.67,,NDX_workbook,356.0,17.91,0.6531,70.6,EASY
2018-06-28,7031.6,,NDX_workbook,364.0,16.85,0.6327,70.6,EASY
2018-06-29,7040.8,,NDX_workbook,361.0,16.09,0.6531,70.6,EASY
2018-07-02,7097.82,,NDX_workbook,378.0,15.6,0.6735,70.6,EASY
2018-07-03,7014.55,,NDX_workbook,377.0,16.14,0.6327,70.6,EASY
2018-07-05,7101.05,,NDX_workbook,374.0,14.97,0.6939,76.5,EASY
2018-07-06,7207.33,,NDX_workbook,374.0,13.37,0.7551,76.5,EASY
2018-07-09,7276.0,,NDX_workbook,365.0,12.69,0.7143,76.5,EASY
2018-07-10,7282.6,,NDX_workbook,359.0,12.64,0.7755,76.5,EASY
2018-07-11,7243.98,,NDX_workbook,366.0,13.63,0.7143,82.4,EASY
2018-07-12,7366.25,,NDX_workbook,361.0,12.58,0.7551,82.4,EASY
2018-07-13,7375.82,,NDX_workbook,362.0,12.18,0.7551,82.4,EASY
2018-07-16,7357.9,,NDX_workbook,359.0,12.83,0.7551,82.4,EASY
2018-07-17,7403.89,,NDX_workbook,358.0,12.06,0.7959,82.4,EASY
2018-07-18,7390.13,,NDX_workbook,356.0,12.1,0.8163,82.4,EASY
2018-07-19,7352.36,,NDX_workbook,359.0,12.87,0.8163,76.5,EASY
2018-07-20,7350.23,,NDX_workbook,355.0,12.86,0.7755,76.5,EASY
2018-07-23,7371.78,,NDX_workbook,350.0,12.62,0.7551,76.5,EASY
2018-07-24,7406.25,,NDX_workbook,347.0,12.41,0.7551,84.3,EASY
2018-07-25,7508.59,,NDX_workbook,348.0,12.29,0.7755,84.3,EASY
2018-07-26,7400.75,,NDX_workbook,342.0,12.14,0.7551,84.3,EASY
2018-07-27,7296.78,,NDX_workbook,342.0,13.03,0.7551,84.3,EASY
2018-07-30,7193.1,,NDX_workbook,343.0,14.26,0.7347,84.3,EASY
2018-07-31,7231.98,,NDX_workbook,346.0,12.83,0.7755,78.4,EASY
2018-08-01,7272.89,,NDX_workbook,343.0,13.15,0.7755,78.4,EASY
2018-08-02,7372.15,,NDX_workbook,343.0,12.19,0.8163,78.4,EASY
2018-08-03,7395.49,,NDX_workbook,343.0,11.64,0.8163,78.4,EASY
2018-08-06,7438.99,,NDX_workbook,343.0,11.27,0.8367,84.3,EASY
2018-08-07,7462.65,,NDX_workbook,335.0,10.93,0.8367,84.3,EASY
2018-08-08,7469.55,,NDX_workbook,337.0,10.85,0.8367,90.2,EASY
2018-08-09,7466.96,,NDX_workbook,338.0,11.27,0.8163,90.2,EASY
2018-08-10,7408.3,,NDX_workbook,350.0,13.16,0.7959,82.4,EASY
2018-08-13,7401.17,,NDX_workbook,352.0,14.78,0.7755,76.5,EASY
2018-08-14,7447.17,,NDX_workbook,348.0,13.31,0.7755,84.3,EASY
2018-08-15,7354.66,,NDX_workbook,355.0,14.64,0.7551,76.5,EASY
2018-08-16,7374.29,,NDX_workbook,349.0,13.45,0.7755,78.4,EASY
2018-08-17,7377.54,,NDX_workbook,349.0,12.64,0.7347,78.4,EASY
2018-08-20,7371.42,,NDX_workbook,352.0,12.49,0.7143,70.6,EASY
2018-08-21,7397.23,,NDX_workbook,348.0,12.86,0.7551,78.4,EASY
2018-08-22,7424.6,,NDX_workbook,348.0,12.25,0.7755,84.3,EASY
2018-08-23,7413.84,,NDX_workbook,347.0,12.41,0.7347,84.3,EASY
2018-08-24,7485.4,,NDX_workbook,346.0,11.99,0.7959,84.3,EASY
2018-08-27,7559.13,,NDX_workbook,343.0,12.16,0.8163,84.3,EASY
2018-08-28,7570.25,,NDX_workbook,340.0,12.5,0.7959,84.3,EASY
2018-08-29,7660.18,,NDX_workbook,339.0,12.25,0.7959,84.3,EASY
2018-08-30,7642.67,,NDX_workbook,344.0,13.53,0.7959,90.2,EASY
2018-08-31,7654.55,,NDX_workbook,349.0,12.86,0.7959,90.2,EASY
2018-09-04,7622.32,,NDX_workbook,346.0,13.16,0.7755,90.2,EASY
2018-09-05,7523.26,,NDX_workbook,349.0,13.91,0.7347,84.3,EASY
2018-09-06,7453.17,,NDX_workbook,352.0,14.65,0.6939,76.5,EASY
2018-09-07,7430.26,,NDX_workbook,348.0,14.88,0.6939,78.4,EASY
2018-09-10,7447.68,,NDX_workbook,346.0,14.16,0.7143,78.4,EASY
2018-09-11,7507.87,,NDX_workbook,340.0,13.22,0.6735,78.4,EASY
2018-09-12,7488.06,,NDX_workbook,338.0,13.14,0.6531,78.4,EASY
2018-09-13,7561.69,,NDX_workbook,335.0,12.37,0.6939,78.4,EASY
2018-09-14,7545.5,,NDX_workbook,329.0,12.07,0.6735,84.3,EASY
2018-09-17,7434.73,,NDX_workbook,329.0,13.68,0.6531,84.3,EASY
2018-09-18,7494.4,,NDX_workbook,324.0,12.79,0.6735,84.3,EASY
2018-09-19,7490.32,,NDX_workbook,324.0,11.75,0.7143,84.3,EASY
2018-09-20,7569.03,,NDX_workbook,325.0,11.8,0.7551,84.3,EASY
2018-09-21,7531.07,,NDX_workbook,325.0,11.68,0.7551,84.3,EASY
2018-09-24,7548.75,,NDX_workbook,328.0,12.2,0.7551,84.3,EASY
2018-09-25,7563.19,,NDX_workbook,326.0,12.42,0.6939,84.3,EASY
2018-09-26,7563.09,,NDX_workbook,327.0,12.89,0.6939,84.3,EASY
2018-09-27,7629.57,,NDX_workbook,325.0,12.41,0.7143,84.3,EASY
2018-09-28,7627.65,,NDX_workbook,324.0,12.12,0.7143,84.3,EASY
2018-10-01,7645.45,,NDX_workbook,322.0,12.0,0.6939,84.3,EASY
2018-10-02,7628.28,,NDX_workbook,322.0,12.05,0.7347,84.3,EASY
2018-10-03,7637.43,,NDX_workbook,316.0,11.61,0.7143,84.3,EASY
2018-10-04,7490.0,,NDX_workbook,329.0,14.22,0.6939,84.3,EASY
2018-10-05,7399.01,,NDX_workbook,332.0,14.82,0.6735,84.3,EASY
2018-10-08,7352.82,,NDX_workbook,332.0,15.69,0.6735,78.4,EASY
2018-10-09,7371.62,,NDX_workbook,341.0,15.95,0.6735,78.4,EASY
2018-10-10,7044.5,,NDX_workbook,351.0,22.96,0.5102,49.0,UNCERTAIN
2018-10-11,6964.03,,NDX_workbook,358.0,24.98,0.4286,41.2,UNCERTAIN
2018-10-12,7157.21,,NDX_workbook,354.0,21.31,0.5102,49.0,UNCERTAIN
2018-10-15,7068.67,,NDX_workbook,349.0,21.3,0.4694,56.9,UNCERTAIN
2018-10-16,7276.43,,NDX_workbook,345.0,17.62,0.551,70.6,EASY
2018-10-17,7278.63,,NDX_workbook,345.0,17.4,0.551,70.6,EASY
2018-10-18,7116.09,,NDX_workbook,351.0,20.06,0.4898,49.0,UNCERTAIN
2018-10-19,7107.23,,NDX_workbook,351.0,19.89,0.4898,60.8,UNCERTAIN
2018-10-22,7141.21,,NDX_workbook,352.0,19.64,0.4694,60.8,UNCERTAIN
2018-10-23,7118.67,,NDX_workbook,365.0,20.71,0.5102,54.9,UNCERTAIN
2018-10-24,6789.15,,NDX_workbook,368.0,25.23,0.3878,19.6,HARD
2018-10-25,7016.39,,NDX_workbook,372.0,24.22,0.4286,41.2,UNCERTAIN
2018-10-26,6852.4,,NDX_workbook,385.0,24.16,0.4286,33.3,HARD
2018-10-29,6713.9,,NDX_workbook,384.0,24.7,0.3878,25.5,HARD
2018-10-30,6810.12,,NDX_workbook,389.0,23.35,0.4286,33.3,HARD
2018-10-31,6967.1,,NDX_workbook,381.0,21.23,0.4286,41.2,UNCERTAIN
2018-11-01,7069.17,,NDX_workbook,381.0,19.34,0.4694,54.9,UNCERTAIN
2018-11-02,6965.29,,NDX_workbook,372.0,19.51,0.4694,47.1,UNCERTAIN
2018-11-05,6937.09,,NDX_workbook,372.0,19.96,0.4898,52.9,UNCERTAIN
2018-11-06,6988.85,,NDX_workbook,368.0,19.91,0.5102,58.8,UNCERTAIN
2018-11-07,7203.13,,NDX_workbook,360.0,16.36,0.5714,74.5,EASY
2018-11-08,7158.59,,NDX_workbook,357.0,16.72,0.5306,66.7,UNCERTAIN
2018-11-09,7039.15,,NDX_workbook,371.0,17.36,0.5306,58.8,UNCERTAIN
2018-11-12,6829.1,,NDX_workbook,371.0,20.45,0.4286,39.2,HARD
2018-11-13,6830.91,,NDX_workbook,389.0,20.02,0.4286,39.2,HARD
2018-11-14,6769.87,,NDX_workbook,399.0,21.25,0.4082,33.3,HARD
2018-11-15,6890.45,,NDX_workbook,411.0,19.98,0.449,39.2,HARD
2018-11-16,6867.02,,NDX_workbook,418.0,18.14,0.4694,39.2,HARD
2018-11-19,6642.92,,NDX_workbook,425.0,20.1,0.3878,25.5,HARD
2018-11-20,6526.96,,NDX_workbook,433.0,22.48,0.3061,25.5,HARD
2018-11-21,6575.66,,NDX_workbook,424.0,20.8,0.3265,25.5,HARD
2018-11-23,6527.35,,NDX_workbook,429.0,21.52,0.3265,25.5,HARD
2018-11-26,6678.34,,NDX_workbook,426.0,18.9,0.3878,31.4,HARD
2018-11-27,6701.04,,NDX_workbook,431.0,19.02,0.3878,31.4,HARD
2018-11-28,6913.33,,NDX_workbook,425.0,18.49,0.4898,39.2,HARD
2018-11-29,6892.4,,NDX_workbook,422.0,18.79,0.4898,43.1,UNCERTAIN
2018-11-30,6949.01,,NDX_workbook,429.0,18.07,0.5714,56.9,UNCERTAIN
2018-12-03,7062.13,,NDX_workbook,420.0,16.44,0.5714,56.9,UNCERTAIN
2018-12-04,6795.21,,NDX_workbook,429.0,20.74,0.4286,31.4,HARD
2018-12-06,6838.85,,NDX_workbook,450.0,21.19,0.449,43.1,UNCERTAIN
2018-12-07,6613.28,,NDX_workbook,450.0,23.23,0.3878,23.5,HARD
2018-12-10,6682.74,,NDX_workbook,456.0,22.64,0.449,29.4,HARD
2018-12-11,6704.24,,NDX_workbook,448.0,21.76,0.449,31.4,HARD
2018-12-12,6763.96,,NDX_workbook,440.0,21.46,0.449,31.4,HARD
2018-12-13,6767.97,,NDX_workbook,439.0,20.65,0.449,29.4,HARD
2018-12-14,6594.96,,NDX_workbook,446.0,21.63,0.3061,21.6,HARD
2018-12-17,6448.39,,NDX_workbook,458.0,24.52,0.2245,5.9,HARD
2018-12-18,6491.52,,NDX_workbook,472.0,25.58,0.2449,0.0,HARD
2018-12-19,6342.97,,NDX_workbook,484.0,25.58,0.2041,0.0,HARD
2018-12-20,6243.19,,NDX_workbook,511.0,28.38,0.1633,0.0,HARD
2018-12-21,6046.56,,NDX_workbook,522.0,30.11,0.1224,0.0,HARD
2018-12-24,5899.35,,NDX_workbook,535.0,36.07,0.0816,0.0,HARD
2018-12-26,6262.77,,NDX_workbook,537.0,30.41,0.1429,0.0,HARD
2018-12-27,6288.3,,NDX_workbook,538.0,29.96,0.1633,0.0,HARD
2018-12-28,6285.27,,NDX_workbook,530.0,28.34,0.1633,0.0,HARD
2018-12-31,6329.97,,NDX_workbook,533.0,25.42,0.1837,0.0,HARD
2019-01-02,6360.87,,NDX_workbook,535.0,23.22,0.1837,11.8,HARD
2019-01-03,6147.13,,NDX_workbook,544.0,25.45,0.1429,0.0,HARD
2019-01-04,6422.67,,NDX_workbook,505.0,21.38,0.2449,22.5,HARD
2019-01-07,6488.25,,NDX_workbook,483.0,21.4,0.2857,22.5,HARD
2019-01-08,6551.85,,NDX_workbook,465.0,20.47,0.3061,30.4,HARD
2019-01-09,6600.69,,NDX_workbook,452.0,19.98,0.3061,36.3,HARD
2019-01-10,6620.94,,NDX_workbook,454.0,19.5,0.3469,36.3,HARD
2019-01-11,6601.4,,NDX_workbook,455.0,18.19,0.3469,36.3,HARD
2019-01-14,6541.04,,NDX_workbook,460.0,19.07,0.3265,36.3,HARD
2019-01-15,6669.64,,NDX_workbook,455.0,18.6,0.3878,36.3,HARD
2019-01-16,6668.56,,NDX_workbook,444.0,19.04,0.3878,44.1,UNCERTAIN
2019-01-17,6718.45,,NDX_workbook,440.0,18.06,0.449,46.1,UNCERTAIN
2019-01-18,6784.61,,NDX_workbook,427.0,17.8,0.5306,46.1,UNCERTAIN
2019-01-22,6646.81,,NDX_workbook,441.0,20.8,0.4082,40.2,UNCERTAIN
2019-01-23,6658.76,,NDX_workbook,439.0,19.52,0.4082,46.1,UNCERTAIN
2019-01-24,6702.55,,NDX_workbook,445.0,18.89,0.4694,46.1,UNCERTAIN
2019-01-25,6787.37,,NDX_workbook,434.0,17.42,0.5306,46.1,UNCERTAIN
2019-01-28,6697.09,,NDX_workbook,441.0,18.87,0.4898,46.1,UNCERTAIN
2019-01-29,6632.79,,NDX_workbook,440.0,19.13,0.3878,38.2,HARD
2019-01-30,6807.91,,NDX_workbook,436.0,17.66,0.5306,46.1,UNCERTAIN
2019-01-31,6906.84,,NDX_workbook,437.0,16.57,0.5918,53.9,UNCERTAIN
2019-02-01,6875.52,,NDX_workbook,429.0,16.14,0.5714,46.1,UNCERTAIN
2019-02-04,6959.96,,NDX_workbook,425.0,15.73,0.6735,67.6,UNCERTAIN
2019-02-05,7023.52,,NDX_workbook,415.0,15.57,0.7143,67.6,UNCERTAIN
2019-02-06,6997.62,,NDX_workbook,413.0,15.38,0.7347,67.6,UNCERTAIN
2019-02-07,6904.98,,NDX_workbook,429.0,16.37,0.6735,67.6,UNCERTAIN
2019-02-08,6913.13,,NDX_workbook,432.0,15.72,0.6735,67.6,UNCERTAIN
2019-02-11,6909.18,,NDX_workbook,428.0,15.97,0.6531,61.8,UNCERTAIN
2019-02-12,7014.67,,NDX_workbook,417.0,15.43,0.6939,61.8,UNCERTAIN
2019-02-13,7015.88,,NDX_workbook,412.0,15.65,0.7143,61.8,UNCERTAIN
2019-02-14,7022.42,,NDX_workbook,417.0,16.22,0.7143,61.8,UNCERTAIN
2019-02-15,7055.18,,NDX_workbook,412.0,14.91,0.7347,69.6,UNCERTAIN
2019-02-19,7066.61,,NDX_workbook,411.0,14.88,0.7347,69.6,UNCERTAIN
2019-02-20,7062.34,,NDX_workbook,408.0,14.02,0.7551,69.6,UNCERTAIN
2019-02-21,7035.16,,NDX_workbook,404.0,14.46,0.7143,61.8,UNCERTAIN
2019-02-22,7090.63,,NDX_workbook,405.0,13.51,0.7143,69.6,UNCERTAIN
2019-02-25,7115.43,,NDX_workbook,400.0,14.85,0.7551,69.6,UNCERTAIN
2019-02-26,7123.22,,NDX_workbook,401.0,15.17,0.7347,69.6,UNCERTAIN
2019-02-27,7117.0,,NDX_workbook,394.0,14.7,0.7347,69.6,UNCERTAIN
2019-02-28,7097.53,,NDX_workbook,392.0,14.78,0.7551,69.6,UNCERTAIN
2019-03-01,7151.57,,NDX_workbook,386.0,13.57,0.7755,69.6,UNCERTAIN
2019-03-04,7150.83,,NDX_workbook,390.0,14.63,0.8163,69.6,UNCERTAIN
2019-03-05,7156.79,,NDX_workbook,391.0,14.74,0.7959,69.6,UNCERTAIN
2019-03-06,7112.47,,NDX_workbook,398.0,15.74,0.7959,69.6,UNCERTAIN
2019-03-07,7026.88,,NDX_workbook,410.0,16.59,0.7551,61.8,UNCERTAIN
2019-03-08,7015.69,,NDX_workbook,418.0,16.05,0.7347,61.8,UNCERTAIN
2019-03-11,7164.02,,NDX_workbook,412.0,14.33,0.7755,69.6,UNCERTAIN
2019-03-12,7201.28,,NDX_workbook,408.0,13.77,0.7755,77.5,EASY
2019-03-13,7256.98,,NDX_workbook,399.0,13.41,0.7755,77.5,EASY
2019-03-14,7243.01,,NDX_workbook,395.0,13.5,0.7551,77.5,EASY
2019-03-15,7306.99,,NDX_workbook,395.0,12.88,0.8163,77.5,EASY
2019-03-18,7326.28,,NDX_workbook,395.0,13.1,0.8367,83.3,EASY
2019-03-19,7349.28,,NDX_workbook,391.0,13.56,0.8367,83.3,EASY
2019-03-20,7380.75,,NDX_workbook,397.0,13.91,0.8367,83.3,EASY
2019-03-21,7493.27,,NDX_workbook,392.0,13.63,0.898,83.3,EASY
2019-03-22,7326.06,,NDX_workbook,403.0,16.48,0.8163,79.4,EASY
2019-03-25,7316.96,,NDX_workbook,413.0,16.33,0.7959,79.4,EASY
2019-03-26,7351.15,,NDX_workbook,409.0,14.68,0.8571,79.4,EASY
2019-03-27,7308.19,,NDX_workbook,409.0,15.15,0.7959,79.4,EASY
2019-03-28,7320.47,,NDX_workbook,408.0,14.43,0.8163,73.5,EASY
2019-03-29,7378.77,,NDX_workbook,399.0,13.71,0.8571,79.4,EASY
2019-04-01,7478.42,,NDX_workbook,394.0,13.4,0.8776,79.4,EASY
2019-04-02,7499.64,,NDX_workbook,395.0,13.36,0.8776,79.4,EASY
2019-04-03,7544.97,,NDX_workbook,390.0,13.74,0.898,79.4,EASY
2019-04-04,7540.57,,NDX_workbook,390.0,13.58,0.8776,85.3,EASY
2019-04-05,7578.84,,NDX_workbook,386.0,12.82,0.898,87.3,EASY
2019-04-08,7599.74,,NDX_workbook,384.0,13.18,0.898,87.3,EASY
2019-04-09,7568.49,,NDX_workbook,386.0,14.28,0.8776,87.3,EASY
2019-04-10,7611.49,,NDX_workbook,386.0,13.3,0.8776,81.4,EASY
2019-04-11,7594.89,,NDX_workbook,379.0,13.02,0.8776,81.4,EASY
2019-04-12,7628.15,,NDX_workbook,368.0,12.01,0.8571,81.4,EASY
2019-04-15,7629.12,,NDX_workbook,368.0,12.32,0.8571,81.4,EASY
2019-04-16,7654.73,,NDX_workbook,364.0,12.18,0.898,81.4,EASY
2019-04-17,7680.72,,NDX_workbook,367.0,12.6,0.8571,81.4,EASY
2019-04-18,7689.72,,NDX_workbook,373.0,12.09,0.8776,81.4,EASY
2019-04-22,7713.49,,NDX_workbook,373.0,12.42,0.8571,81.4,EASY
2019-04-23,7810.71,,NDX_workbook,372.0,12.28,0.8776,81.4,EASY
2019-04-24,7784.41,,NDX_workbook,373.0,13.14,0.8776,81.4,EASY
2019-04-25,7816.92,,NDX_workbook,375.0,13.25,0.8776,81.4,EASY
2019-04-26,7826.68,,NDX_workbook,376.0,12.73,0.8776,81.4,EASY
2019-04-29,7839.04,,NDX_workbook,373.0,13.11,0.8776,81.4,EASY
2019-04-30,7781.46,,NDX_workbook,373.0,13.12,0.8776,81.4,EASY
2019-05-01,7751.85,,NDX_workbook,371.0,14.8,0.8571,81.4,EASY
2019-05-02,7724.06,,NDX_workbook,374.0,14.42,0.8571,81.4,EASY
2019-05-03,7845.73,,NDX_workbook,372.0,12.87,0.8571,81.4,EASY
2019-05-06,7794.09,,NDX_workbook,382.0,15.44,0.8571,81.4,EASY
2019-05-07,7640.15,,NDX_workbook,389.0,19.32,0.8367,75.5,EASY
2019-05-08,7617.55,,NDX_workbook,387.0,19.4,0.8367,75.5,EASY
2019-05-09,7582.75,,NDX_workbook,399.0,19.1,0.8163,75.5,EASY
2019-05-10,7586.53,,NDX_workbook,401.0,16.04,0.8163,75.5,EASY
2019-05-13,7324.13,,NDX_workbook,420.0,20.55,0.7347,61.8,UNCERTAIN
2019-05-14,7401.88,,NDX_workbook,413.0,18.06,0.7551,75.5,EASY
2019-05-15,7503.25,,NDX_workbook,417.0,16.44,0.8163,75.5,EASY
2019-05-16,7580.14,,NDX_workbook,406.0,15.29,0.7755,75.5,EASY
2019-05-17,7503.68,,NDX_workbook,407.0,15.96,0.7755,75.5,EASY
2019-05-20,7376.7,,NDX_workbook,406.0,16.31,0.7755,75.5,EASY
2019-05-21,7451.02,,NDX_workbook,399.0,14.95,0.7959,81.4,EASY
2019-05-22,7420.66,,NDX_workbook,403.0,14.75,0.7959,81.4,EASY
2019-05-23,7307.93,,NDX_workbook,422.0,16.92,0.7755,67.6,UNCERTAIN
2019-05-24,7300.96,,NDX_workbook,416.0,15.85,0.7143,67.6,UNCERTAIN
2019-05-28,7278.38,,NDX_workbook,419.0,17.5,0.6735,67.6,UNCERTAIN
2019-05-29,7216.86,,NDX_workbook,436.0,17.9,0.6735,67.6,UNCERTAIN
2019-05-30,7245.4,,NDX_workbook,433.0,17.3,0.7143,67.6,UNCERTAIN
2019-05-31,7127.96,,NDX_workbook,459.0,18.71,0.6735,52.0,UNCERTAIN
2019-06-03,6978.02,,NDX_workbook,470.0,18.86,0.6122,44.1,UNCERTAIN
2019-06-04,7166.75,,NDX_workbook,453.0,16.97,0.6939,59.8,UNCERTAIN
2019-06-05,7220.9,,NDX_workbook,448.0,16.09,0.6939,67.6,UNCERTAIN
2019-06-06,7275.93,,NDX_workbook,442.0,15.93,0.7143,67.6,UNCERTAIN
2019-06-07,7417.29,,NDX_workbook,437.0,16.3,0.7347,81.4,EASY
2019-06-10,7501.93,,NDX_workbook,423.0,15.94,0.7347,87.3,EASY
2019-06-11,7513.85,,NDX_workbook,420.0,15.99,0.7347,87.3,EASY
2019-06-12,7472.29,,NDX_workbook,422.0,15.91,0.7551,87.3,EASY
2019-06-13,7510.68,,NDX_workbook,424.0,15.82,0.7551,87.3,EASY
2019-06-14,7479.11,,NDX_workbook,423.0,15.28,0.7551,87.3,EASY
2019-06-17,7526.52,,NDX_workbook,423.0,15.35,0.7551,87.3,EASY
2019-06-18,7635.4,,NDX_workbook,414.0,15.15,0.7755,81.4,EASY
2019-06-19,7667.74,,NDX_workbook,416.0,14.33,0.8163,81.4,EASY
2019-06-20,7738.05,,NDX_workbook,403.0,14.75,0.8367,81.4,EASY
2019-06-21,7728.78,,NDX_workbook,395.0,15.4,0.8571,87.3,EASY
2019-06-24,7723.02,,NDX_workbook,400.0,15.26,0.8367,87.3,EASY
2019-06-25,7591.54,,NDX_workbook,409.0,16.28,0.8163,87.3,EASY
2019-06-26,7627.05,,NDX_workbook,405.0,16.21,0.7755,81.4,EASY
2019-06-27,7657.05,,NDX_workbook,409.0,15.82,0.8163,81.4,EASY
2019-06-28,7671.08,,NDX_workbook,407.0,15.08,0.8367,81.4,EASY
2019-07-01,7768.14,,NDX_workbook,399.0,14.06,0.8571,81.4,EASY
2019-07-02,7799.82,,NDX_workbook,404.0,12.93,0.8571,81.4,EASY
2019-07-03,7857.69,,NDX_workbook,402.0,12.57,0.898,81.4,EASY
2019-07-05,7841.3,,NDX_workbook,398.0,13.28,0.898,81.4,EASY
2019-07-08,7785.79,,NDX_workbook,400.0,13.96,0.8367,87.3,EASY
2019-07-09,7826.86,,NDX_workbook,403.0,14.09,0.898,87.3,EASY
2019-07-10,7903.4,,NDX_workbook,401.0,13.03,0.9184,81.4,EASY
2019-07-11,7896.78,,NDX_workbook,400.0,12.93,0.898,81.4,EASY
2019-07-12,7943.24,,NDX_workbook,402.0,12.39,0.898,81.4,EASY
2019-07-15,7966.93,,NDX_workbook,400.0,12.68,0.9184,81.4,EASY
2019-07-16,7927.08,,NDX_workbook,396.0,12.86,0.898,81.4,EASY
2019-07-17,7888.76,,NDX_workbook,401.0,13.97,0.898,81.4,EASY
2019-07-18,7904.13,,NDX_workbook,411.0,13.53,0.898,81.4,EASY
2019-07-19,7834.9,,NDX_workbook,407.0,14.45,0.8571,81.4,EASY
2019-07-22,7905.12,,NDX_workbook,406.0,13.53,0.8776,81.4,EASY
2019-07-23,7954.56,,NDX_workbook,399.0,12.61,0.898,81.4,EASY
2019-07-24,8010.61,,NDX_workbook,398.0,12.07,0.898,81.4,EASY
2019-07-25,7929.87,,NDX_workbook,393.0,12.74,0.898,81.4,EASY
2019-07-26,8016.95,,NDX_workbook,389.0,12.16,0.898,81.4,EASY
2019-07-29,7989.08,,NDX_workbook,393.0,12.83,0.898,81.4,EASY
2019-07-30,7952.47,,NDX_workbook,397.0,13.94,0.898,81.4,EASY
2019-07-31,7848.78,,NDX_workbook,393.0,16.12,0.8776,86.3,EASY
2019-08-01,7801.15,,NDX_workbook,410.0,17.87,0.8776,86.3,EASY
2019-08-02,7692.8,,NDX_workbook,419.0,17.61,0.8367,80.4,EASY
2019-08-05,7415.69,,NDX_workbook,453.0,24.59,0.7551,58.8,UNCERTAIN
2019-08-06,7521.32,,NDX_workbook,446.0,20.17,0.7959,66.7,UNCERTAIN
2019-08-07,7551.9,,NDX_workbook,452.0,19.49,0.7959,72.5,EASY
2019-08-08,7724.83,,NDX_workbook,431.0,16.91,0.8571,80.4,EASY
2019-08-09,7646.27,,NDX_workbook,431.0,17.97,0.8367,80.4,EASY
2019-08-12,7561.68,,NDX_workbook,440.0,21.09,0.8163,74.5,EASY
2019-08-13,7728.15,,NDX_workbook,425.0,17.52,0.8367,86.3,EASY
2019-08-14,7490.13,,NDX_workbook,449.0,22.1,0.8163,66.7,UNCERTAIN
2019-08-15,7484.89,,NDX_workbook,452.0,21.18,0.7755,64.7,UNCERTAIN
2019-08-16,7604.11,,NDX_workbook,447.0,18.47,0.7755,86.3,EASY
2019-08-19,7719.32,,NDX_workbook,436.0,16.88,0.7959,86.3,EASY
2019-08-20,7664.47,,NDX_workbook,435.0,17.5,0.7959,80.4,EASY
2019-08-21,7733.22,,NDX_workbook,421.0,15.8,0.7959,86.3,EASY
2019-08-22,7707.43,,NDX_workbook,416.0,16.68,0.7959,86.3,EASY
2019-08-23,7464.99,,NDX_workbook,425.0,19.87,0.7755,72.5,EASY
2019-08-26,7575.02,,NDX_workbook,422.0,19.32,0.7959,86.3,EASY
2019-08-27,7566.03,,NDX_workbook,419.0,20.31,0.7959,80.4,EASY
2019-08-28,7587.9,,NDX_workbook,417.0,19.35,0.7959,80.4,EASY
2019-08-29,7702.31,,NDX_workbook,408.0,17.88,0.8163,80.4,EASY
2019-08-30,7691.0,,NDX_workbook,409.0,18.98,0.8163,86.3,EASY
2019-09-03,7609.51,,NDX_workbook,423.0,19.66,0.7755,86.3,EASY
2019-09-04,7719.25,,NDX_workbook,423.0,17.33,0.8163,86.3,EASY
2019-09-05,7862.54,,NDX_workbook,407.0,16.27,0.8367,86.3,EASY
2019-09-06,7852.54,,NDX_workbook,405.0,15.0,0.8571,92.2,EASY
2019-09-09,7832.4,,NDX_workbook,399.0,15.27,0.8367,86.3,EASY
2019-09-10,7814.74,,NDX_workbook,390.0,15.2,0.8367,92.2,EASY
2019-09-11,7887.58,,NDX_workbook,392.0,14.61,0.8571,92.2,EASY
2019-09-12,7917.34,,NDX_workbook,385.0,14.22,0.8776,86.3,EASY
2019-09-13,7892.95,,NDX_workbook,383.0,13.74,0.8776,86.3,EASY
2019-09-16,7852.41,,NDX_workbook,380.0,14.67,0.8776,86.3,EASY
2019-09-17,7888.79,,NDX_workbook,381.0,14.44,0.8571,86.3,EASY
2019-09-18,7888.56,,NDX_workbook,382.0,13.95,0.8571,86.3,EASY
2019-09-19,7901.79,,NDX_workbook,377.0,14.05,0.8571,86.3,EASY
2019-09-20,7823.55,,NDX_workbook,381.0,15.32,0.8776,86.3,EASY
2019-09-23,7818.61,,NDX_workbook,384.0,14.91,0.8571,86.3,EASY
2019-09-24,7710.04,,NDX_workbook,390.0,17.05,0.7959,80.4,EASY
2019-09-25,7803.54,,NDX_workbook,391.0,15.96,0.7959,80.4,EASY
2019-09-26,7771.99,,NDX_workbook,395.0,16.07,0.7959,80.4,EASY
2019-09-27,7681.58,,NDX_workbook,399.0,17.22,0.7755,80.4,EASY
2019-09-30,7749.45,,NDX_workbook,402.0,16.24,0.7959,80.4,EASY
2019-10-01,7684.14,,NDX_workbook,408.0,18.56,0.7755,80.4,EASY
2019-10-02,7550.79,,NDX_workbook,428.0,20.56,0.6939,74.5,EASY
2019-10-03,7638.39,,NDX_workbook,440.0,19.12,0.7551,80.4,EASY
2019-10-04,7754.1,,NDX_workbook,438.0,17.04,0.7959,80.4,EASY
2019-10-07,7725.13,,NDX_workbook,431.0,17.86,0.7755,80.4,EASY
2019-10-08,7604.27,,NDX_workbook,439.0,20.28,0.6939,74.5,EASY
2019-10-09,7690.53,,NDX_workbook,432.0,18.64,0.7143,86.3,EASY
2019-10-10,7740.36,,NDX_workbook,426.0,17.57,0.7551,86.3,EASY
2019-10-11,7843.88,,NDX_workbook,410.0,15.58,0.7755,86.3,EASY
2019-10-14,7842.33,,NDX_workbook,408.0,14.57,0.7959,86.3,EASY
2019-10-15,7942.85,,NDX_workbook,401.0,13.54,0.8367,92.2,EASY
2019-10-16,7920.21,,NDX_workbook,401.0,13.68,0.8163,92.2,EASY
2019-10-17,7942.14,,NDX_workbook,400.0,13.79,0.8163,92.2,EASY
2019-10-18,7868.49,,NDX_workbook,402.0,14.25,0.8163,92.2,EASY
2019-10-21,7940.33,,NDX_workbook,398.0,14.0,0.8163,92.2,EASY
2019-10-22,7874.62,,NDX_workbook,399.0,14.46,0.8163,86.3,EASY
2019-10-23,7889.47,,NDX_workbook,398.0,14.01,0.8163,86.3,EASY
2019-10-24,7966.72,,NDX_workbook,396.0,13.71,0.8367,86.3,EASY
2019-10-25,8029.22,,NDX_workbook,389.0,12.65,0.8367,86.3,EASY
2019-10-28,8110.67,,NDX_workbook,385.0,13.11,0.8367,86.3,EASY
2019-10-29,8047.51,,NDX_workbook,386.0,13.2,0.8367,86.3,EASY
2019-10-30,8083.11,,NDX_workbook,396.0,12.33,0.8571,86.3,EASY
2019-10-31,8083.83,,NDX_workbook,415.0,13.22,0.8163,92.2,EASY
2019-11-01,8161.17,,NDX_workbook,409.0,12.3,0.8776,86.3,EASY
2019-11-04,8210.66,,NDX_workbook,399.0,12.83,0.898,86.3,EASY
2019-11-05,8210.18,,NDX_workbook,397.0,13.1,0.8571,86.3,EASY
2019-11-06,8196.03,,NDX_workbook,402.0,12.62,0.8776,86.3,EASY
2019-11-07,8219.65,,NDX_workbook,396.0,12.73,0.8571,86.3,EASY
2019-11-08,8255.89,,NDX_workbook,400.0,12.07,0.8776,86.3,EASY
2019-11-11,8241.91,,NDX_workbook,399.0,12.69,0.898,86.3,EASY
2019-11-12,8263.79,,NDX_workbook,400.0,12.68,0.898,86.3,EASY
2019-11-13,8259.81,,NDX_workbook,405.0,13.0,0.8571,86.3,EASY
2019-11-14,8257.83,,NDX_workbook,408.0,13.05,0.8571,86.3,EASY
2019-11-15,8315.52,,NDX_workbook,406.0,12.05,0.898,86.3,EASY
2019-11-18,8328.48,,NDX_workbook,409.0,12.46,0.8571,86.3,EASY
2019-11-19,8338.74,,NDX_workbook,412.0,12.86,0.8776,86.3,EASY
2019-11-20,8283.75,,NDX_workbook,418.0,12.78,0.8776,86.3,EASY
2019-11-21,8265.62,,NDX_workbook,417.0,13.13,0.8776,86.3,EASY
2019-11-22,8272.05,,NDX_workbook,413.0,12.34,0.898,86.3,EASY
2019-11-25,8371.93,,NDX_workbook,408.0,11.87,0.898,86.3,EASY
2019-11-26,8385.75,,NDX_workbook,405.0,11.54,0.898,86.3,EASY
2019-11-27,8444.71,,NDX_workbook,399.0,11.75,0.9184,86.3,EASY
2019-11-29,8403.68,,NDX_workbook,401.0,12.62,0.898,86.3,EASY
2019-12-02,8309.26,,NDX_workbook,403.0,14.91,0.898,86.3,EASY
2019-12-03,8254.74,,NDX_workbook,414.0,15.96,0.8776,86.3,EASY
2019-12-04,8296.53,,NDX_workbook,402.0,14.8,0.8776,86.3,EASY
2019-12-05,8308.4,,NDX_workbook,400.0,14.52,0.8776,86.3,EASY
2019-12-06,8397.37,,NDX_workbook,389.0,13.62,0.898,80.4,EASY
2019-12-09,8362.74,,NDX_workbook,388.0,15.86,0.8571,80.4,EASY
2019-12-10,8354.29,,NDX_workbook,384.0,15.68,0.8367,86.3,EASY
2019-12-11,8402.61,,NDX_workbook,383.0,14.99,0.8367,86.3,EASY
2019-12-12,8466.89,,NDX_workbook,370.0,13.94,0.8776,86.3,EASY
2019-12-13,8487.71,,NDX_workbook,371.0,12.63,0.898,86.3,EASY
2019-12-16,8570.33,,NDX_workbook,362.0,12.14,0.9184,86.3,EASY
2019-12-17,8575.7,,NDX_workbook,358.0,12.29,0.8776,86.3,EASY
2019-12-18,8580.62,,NDX_workbook,351.0,12.58,0.9184,92.2,EASY
2019-12-19,8641.29,,NDX_workbook,354.0,12.5,0.9592,92.2,EASY
2019-12-20,8678.49,,NDX_workbook,353.0,12.51,0.9592,92.2,EASY
2019-12-23,8696.01,,NDX_workbook,352.0,12.61,0.9592,92.2,EASY
2019-12-24,8699.51,,NDX_workbook,353.0,12.67,0.9592,86.3,EASY
2019-12-26,8778.31,,NDX_workbook,353.0,12.65,0.9796,86.3,EASY
2019-12-27,8770.98,,NDX_workbook,356.0,13.43,0.9796,86.3,EASY
2019-12-30,8709.73,,NDX_workbook,360.0,14.82,0.9592,86.3,EASY
2019-12-31,8733.07,,NDX_workbook,360.0,13.78,0.9388,86.3,EASY
2020-01-02,8872.22,,NDX_workbook,356.0,12.47,0.9796,86.3,EASY
2020-01-03,8793.9,,NDX_workbook,361.0,14.02,0.9796,86.3,EASY
2020-01-06,8848.52,,NDX_workbook,357.0,13.85,0.9796,86.3,EASY
2020-01-07,8846.45,,NDX_workbook,354.0,13.79,0.9796,86.3,EASY
2020-01-08,8912.37,,NDX_workbook,350.0,13.45,0.9796,86.3,EASY
2020-01-09,8989.63,,NDX_workbook,349.0,12.54,0.9796,94.1,EASY
2020-01-10,8966.64,,NDX_workbook,348.0,12.56,0.9796,94.1,EASY
2020-01-13,9070.65,,NDX_workbook,348.0,12.32,0.9592,94.1,EASY
2020-01-14,9033.42,,NDX_workbook,345.0,12.39,0.9592,94.1,EASY
2020-01-15,9035.67,,NDX_workbook,344.0,12.42,0.9592,94.1,EASY
2020-01-16,9125.0,,NDX_workbook,342.0,12.32,0.9592,94.1,EASY
2020-01-17,9173.73,,NDX_workbook,339.0,12.1,0.9592,94.1,EASY
2020-01-21,9166.63,,NDX_workbook,347.0,12.85,0.9592,94.1,EASY
2020-01-22,9188.58,,NDX_workbook,349.0,12.91,0.9592,94.1,EASY
2020-01-23,9216.98,,NDX_workbook,358.0,12.98,0.9592,86.3,EASY
2020-01-24,9141.47,,NDX_workbook,368.0,14.56,0.9592,86.3,EASY
2020-01-27,8952.18,,NDX_workbook,403.0,18.23,0.9184,86.3,EASY
2020-01-28,9090.93,,NDX_workbook,386.0,16.28,0.9796,86.3,EASY
2020-01-29,9101.61,,NDX_workbook,383.0,16.39,0.9184,86.3,EASY
2020-01-30,9136.09,,NDX_workbook,395.0,15.49,0.9184,80.4,EASY
2020-01-31,8991.51,,NDX_workbook,403.0,18.84,0.8776,80.4,EASY
2020-02-03,9126.23,,NDX_workbook,397.0,17.97,0.898,86.3,EASY
2020-02-04,9334.06,,NDX_workbook,385.0,16.05,0.9592,86.3,EASY
2020-02-05,9367.48,,NDX_workbook,375.0,15.15,0.9796,86.3,EASY
2020-02-06,9445.92,,NDX_workbook,370.0,14.96,0.9592,86.3,EASY
2020-02-07,9401.1,,NDX_workbook,375.0,15.47,0.9388,92.2,EASY
2020-02-10,9516.84,,NDX_workbook,375.0,15.04,0.9388,92.2,EASY
2020-02-11,9517.86,,NDX_workbook,365.0,15.18,0.9388,92.2,EASY
2020-02-12,9613.2,,NDX_workbook,359.0,13.74,0.9796,92.2,EASY
2020-02-13,9595.7,,NDX_workbook,357.0,14.15,0.9592,92.2,EASY
2020-02-14,9623.58,,NDX_workbook,356.0,13.68,0.9592,92.2,EASY
2020-02-18,9629.8,,NDX_workbook,361.0,14.83,0.9592,86.3,EASY
2020-02-19,9718.73,,NDX_workbook,357.0,14.38,0.9592,86.3,EASY
2020-02-20,9627.83,,NDX_workbook,362.0,15.56,0.9592,86.3,EASY
2020-02-21,9446.69,,NDX_workbook,366.0,17.08,0.9592,86.3,EASY
2020-02-24,9079.63,,NDX_workbook,403.0,25.03,0.9184,60.8,UNCERTAIN
2020-02-25,8834.87,,NDX_workbook,418.0,27.85,0.7143,60.8,UNCERTAIN
2020-02-26,8873.76,,NDX_workbook,427.0,27.56,0.7143,60.8,UNCERTAIN
2020-02-27,8436.67,,NDX_workbook,462.0,39.16,0.6327,52.9,UNCERTAIN
2020-02-28,8461.83,,NDX_workbook,504.0,40.11,0.5306,45.1,UNCERTAIN
2020-03-02,8877.98,,NDX_workbook,497.0,33.42,0.6939,52.9,UNCERTAIN
2020-03-03,8594.49,,NDX_workbook,484.0,36.82,0.6122,52.9,UNCERTAIN
2020-03-04,8949.28,,NDX_workbook,475.0,31.99,0.7143,52.9,UNCERTAIN
2020-03-05,8671.66,,NDX_workbook,505.0,39.62,0.6327,52.9,UNCERTAIN
2020-03-06,8530.34,,NDX_workbook,564.0,41.94,0.6122,58.8,UNCERTAIN
2020-03-09,7948.03,,NDX_workbook,668.0,54.46,0.3061,13.7,HARD
2020-03-10,8372.27,,NDX_workbook,638.0,47.3,0.551,45.1,UNCERTAIN
2020-03-11,8006.12,,NDX_workbook,661.0,53.9,0.3061,13.7,HARD
2020-03-12,7263.65,,NDX_workbook,742.0,75.47,0.1429,13.7,HARD
2020-03-13,7995.26,,NDX_workbook,731.0,57.83,0.3265,13.7,HARD
2020-03-16,7020.38,,NDX_workbook,838.0,82.69,0.102,13.7,HARD
2020-03-17,7473.95,,NDX_workbook,841.0,75.91,0.1837,13.7,HARD
2020-03-18,7175.18,,NDX_workbook,904.0,76.45,0.1224,13.7,HARD
2020-03-19,7288.52,,NDX_workbook,982.0,72.0,0.2041,13.7,HARD
2020-03-20,6994.29,,NDX_workbook,1009.0,66.04,0.1429,13.7,HARD
2020-03-23,7006.92,,NDX_workbook,1087.0,61.59,0.1837,13.7,HARD
2020-03-24,7553.83,,NDX_workbook,1055.0,61.67,0.2449,13.7,HARD
2020-03-25,7469.62,,NDX_workbook,1011.0,63.95,0.2041,13.7,HARD
2020-03-26,7897.13,,NDX_workbook,929.0,61.0,0.3469,19.6,HARD
2020-03-27,7588.37,,NDX_workbook,899.0,65.54,0.2245,13.7,HARD
2020-03-30,7889.01,,NDX_workbook,882.0,57.08,0.3265,25.5,HARD
2020-03-31,7813.5,,NDX_workbook,877.0,53.54,0.3061,25.5,HARD
2020-04-01,7486.29,,NDX_workbook,911.0,57.06,0.2245,13.7,HARD
2020-04-02,7635.66,,NDX_workbook,917.0,50.91,0.2449,25.5,HARD
2020-04-03,7528.11,,NDX_workbook,943.0,46.8,0.2449,25.5,HARD
2020-04-06,8081.66,,NDX_workbook,926.0,45.24,0.3673,27.5,HARD
2020-04-07,8049.31,,NDX_workbook,888.0,46.7,0.3673,27.5,HARD
2020-04-08,8229.54,,NDX_workbook,881.0,43.35,0.4082,49.0,UNCERTAIN
2020-04-09,8238.53,,NDX_workbook,796.0,41.67,0.3878,41.2,UNCERTAIN
2020-04-13,8332.74,,NDX_workbook,770.0,41.17,0.3878,49.0,UNCERTAIN
2020-04-14,8692.16,,NDX_workbook,735.0,37.76,0.4286,56.9,UNCERTAIN
2020-04-15,8591.96,,NDX_workbook,764.0,40.84,0.4286,56.9,UNCERTAIN
2020-04-16,8757.83,,NDX_workbook,758.0,40.11,0.449,56.9,UNCERTAIN
2020-04-17,8832.41,,NDX_workbook,731.0,38.15,0.4898,56.9,UNCERTAIN
2020-04-20,8726.51,,NDX_workbook,752.0,43.83,0.449,56.9,UNCERTAIN
2020-04-21,8403.0,,NDX_workbook,790.0,45.41,0.3673,37.3,HARD
2020-04-22,8664.64,,NDX_workbook,785.0,41.98,0.4286,56.9,UNCERTAIN
2020-04-23,8641.5,,NDX_workbook,787.0,41.38,0.4286,51.0,UNCERTAIN
2020-04-24,8786.6,,NDX_workbook,803.0,35.93,0.4694,51.0,UNCERTAIN
2020-04-27,8837.66,,NDX_workbook,801.0,33.29,0.4694,45.1,UNCERTAIN
2020-04-28,8677.6,,NDX_workbook,802.0,33.57,0.4694,49.0,UNCERTAIN
2020-04-29,8982.76,,NDX_workbook,787.0,31.23,0.6122,56.9,UNCERTAIN
2020-04-30,9000.51,,NDX_workbook,763.0,34.15,0.4694,54.9,UNCERTAIN
2020-05-01,8718.18,,NDX_workbook,770.0,37.19,0.449,43.1,UNCERTAIN
2020-05-04,8834.11,,NDX_workbook,779.0,35.97,0.4694,54.9,UNCERTAIN
2020-05-05,8930.62,,NDX_workbook,760.0,33.61,0.4694,49.0,UNCERTAIN
2020-05-06,8984.86,,NDX_workbook,760.0,34.12,0.5102,49.0,UNCERTAIN
2020-05-07,9101.88,,NDX_workbook,760.0,31.44,0.5102,49.0,UNCERTAIN
2020-05-08,9220.35,,NDX_workbook,752.0,27.98,0.6327,64.7,UNCERTAIN
2020-05-11,9298.92,,NDX_workbook,751.0,27.57,0.6122,70.6,EASY
2020-05-12,9112.45,,NDX_workbook,742.0,33.04,0.5102,49.0,UNCERTAIN
2020-05-13,9000.08,,NDX_workbook,761.0,35.28,0.5102,54.9,UNCERTAIN
2020-05-14,9094.42,,NDX_workbook,777.0,32.61,0.5918,54.9,UNCERTAIN
2020-05-15,9152.64,,NDX_workbook,778.0,31.89,0.551,56.9,UNCERTAIN
2020-05-18,9331.93,,NDX_workbook,741.0,29.3,0.6327,64.7,UNCERTAIN
2020-05-19,9298.54,,NDX_workbook,735.0,30.53,0.5714,56.9,UNCERTAIN
2020-05-20,9485.02,,NDX_workbook,716.0,27.99,0.6735,64.7,UNCERTAIN
2020-05-21,9377.99,,NDX_workbook,708.0,29.53,0.6122,64.7,UNCERTAIN
2020-05-22,9413.99,,NDX_workbook,706.0,28.16,0.6531,72.5,EASY
2020-05-26,9389.98,,NDX_workbook,675.0,28.01,0.7143,72.5,EASY
2020-05-27,9442.05,,NDX_workbook,670.0,27.62,0.7347,72.5,EASY
2020-05-28,9416.71,,NDX_workbook,660.0,28.59,0.7143,66.7,UNCERTAIN
2020-05-29,9555.53,,NDX_workbook,671.0,27.51,0.7347,66.7,UNCERTAIN
2020-06-01,9598.89,,NDX_workbook,643.0,28.23,0.7347,66.7,UNCERTAIN
2020-06-02,9657.31,,NDX_workbook,618.0,26.84,0.7551,66.7,UNCERTAIN
2020-06-03,9704.69,,NDX_workbook,580.0,25.66,0.7755,66.7,UNCERTAIN
2020-06-04,9629.66,,NDX_workbook,583.0,25.81,0.7755,72.5,EASY
2020-06-05,9824.39,,NDX_workbook,550.0,24.52,0.9184,78.4,EASY
2020-06-08,9901.52,,NDX_workbook,551.0,25.81,0.9184,72.5,EASY
2020-06-09,9967.17,,NDX_workbook,575.0,27.57,0.898,72.5,EASY
2020-06-10,10094.26,,NDX_workbook,592.0,27.57,0.8163,72.5,EASY
2020-06-11,9588.48,,NDX_workbook,640.0,40.79,0.7143,60.8,UNCERTAIN
2020-06-12,9663.78,,NDX_workbook,628.0,36.09,0.7347,66.7,UNCERTAIN
2020-06-15,9776.89,,NDX_workbook,625.0,34.4,0.7551,66.7,UNCERTAIN
2020-06-16,9949.37,,NDX_workbook,578.0,33.67,0.7959,66.7,UNCERTAIN
2020-06-17,9982.48,,NDX_workbook,585.0,33.47,0.7755,60.8,UNCERTAIN
2020-06-18,10012.05,,NDX_workbook,601.0,32.94,0.7755,66.7,UNCERTAIN
2020-06-19,10008.64,,NDX_workbook,602.0,35.12,0.7755,66.7,UNCERTAIN
2020-06-22,10130.33,,NDX_workbook,603.0,31.77,0.7755,72.5,EASY
2020-06-23,10209.82,,NDX_workbook,602.0,31.37,0.7959,72.5,EASY
2020-06-24,10002.7,,NDX_workbook,623.0,33.84,0.7347,66.7,UNCERTAIN
2020-06-25,10101.83,,NDX_workbook,630.0,32.22,0.7755,72.5,EASY
2020-06-26,9849.36,,NDX_workbook,641.0,34.73,0.7143,66.7,UNCERTAIN
2020-06-29,9961.16,,NDX_workbook,652.0,31.78,0.7755,66.7,UNCERTAIN
2020-06-30,10156.85,,NDX_workbook,644.0,30.43,0.7959,66.7,UNCERTAIN
2020-07-01,10279.25,,NDX_workbook,633.0,28.62,0.7755,66.7,UNCERTAIN
2020-07-02,10341.89,,NDX_workbook,617.0,27.68,0.8163,66.7,UNCERTAIN
2020-07-06,10604.06,,NDX_workbook,603.0,27.94,0.8367,72.5,EASY
2020-07-07,10524.01,,NDX_workbook,604.0,29.43,0.7959,72.5,EASY
2020-07-08,10666.7,,NDX_workbook,606.0,28.08,0.8163,72.5,EASY
2020-07-09,10754.59,,NDX_workbook,614.0,29.26,0.7959,72.5,EASY
2020-07-10,10836.33,,NDX_workbook,614.0,27.29,0.7959,72.5,EASY
2020-07-13,10602.21,,NDX_workbook,601.0,32.19,0.7959,66.7,UNCERTAIN
2020-07-14,10689.52,,NDX_workbook,603.0,29.52,0.8367,72.5,EASY
2020-07-15,10701.68,,NDX_workbook,581.0,27.76,0.8571,72.5,EASY
2020-07-16,10626.46,,NDX_workbook,576.0,28.0,0.8571,66.7,UNCERTAIN
2020-07-17,10645.22,,NDX_workbook,574.0,25.68,0.8367,66.7,UNCERTAIN
2020-07-20,10952.08,,NDX_workbook,554.0,24.46,0.8367,72.5,EASY
2020-07-21,10833.07,,NDX_workbook,533.0,24.84,0.8367,72.5,EASY
2020-07-22,10870.75,,NDX_workbook,528.0,24.32,0.8571,72.5,EASY
2020-07-23,10580.59,,NDX_workbook,526.0,26.08,0.8571,66.7,UNCERTAIN
2020-07-24,10483.13,,NDX_workbook,529.0,25.84,0.8163,66.7,UNCERTAIN
2020-07-27,10674.38,,NDX_workbook,524.0,24.74,0.8163,72.5,EASY
2020-07-28,10532.5,,NDX_workbook,527.0,25.44,0.8163,60.8,UNCERTAIN
2020-07-29,10662.98,,NDX_workbook,515.0,24.1,0.8163,66.7,UNCERTAIN
2020-07-30,10715.51,,NDX_workbook,514.0,24.76,0.8163,66.7,UNCERTAIN
2020-07-31,10905.88,,NDX_workbook,516.0,24.46,0.7959,72.5,EASY
2020-08-03,11055.08,,NDX_workbook,508.0,24.28,0.8163,72.5,EASY
2020-08-04,11096.54,,NDX_workbook,513.0,23.76,0.8163,78.4,EASY
2020-08-05,11125.44,,NDX_workbook,504.0,22.99,0.7959,78.4,EASY
2020-08-06,11267.08,,NDX_workbook,506.0,22.65,0.7959,78.4,EASY
2020-08-07,11139.39,,NDX_workbook,506.0,22.21,0.7959,78.4,EASY
2020-08-10,11085.17,,NDX_workbook,509.0,22.13,0.8163,78.4,EASY
2020-08-11,10876.08,,NDX_workbook,503.0,24.03,0.8367,72.5,EASY
2020-08-12,11157.72,,NDX_workbook,510.0,22.28,0.8367,72.5,EASY
2020-08-13,11178.37,,NDX_workbook,516.0,22.13,0.8163,72.5,EASY
2020-08-14,11164.45,,NDX_workbook,526.0,22.05,0.8163,72.5,EASY
2020-08-17,11288.57,,NDX_workbook,529.0,21.35,0.8163,72.5,EASY
2020-08-18,11399.03,,NDX_workbook,526.0,21.51,0.8163,72.5,EASY
2020-08-19,11318.64,,NDX_workbook,525.0,22.54,0.7959,72.5,EASY
2020-08-20,11477.05,,NDX_workbook,528.0,22.72,0.7959,78.4,EASY
2020-08-21,11555.16,,NDX_workbook,525.0,22.54,0.7959,78.4,EASY
2020-08-24,11626.17,,NDX_workbook,517.0,22.37,0.8367,78.4,EASY
2020-08-25,11721.81,,NDX_workbook,507.0,22.03,0.8367,78.4,EASY
2020-08-26,11971.94,,NDX_workbook,502.0,23.27,0.8367,78.4,EASY
2020-08-27,11926.16,,NDX_workbook,498.0,24.47,0.8367,78.4,EASY
2020-08-28,11995.85,,NDX_workbook,500.0,22.96,0.8367,78.4,EASY
2020-08-31,12110.7,,NDX_workbook,502.0,26.41,0.8367,72.5,EASY
2020-09-01,12292.86,,NDX_workbook,497.0,26.12,0.8367,72.5,EASY
2020-09-02,12420.54,,NDX_workbook,493.0,26.57,0.8367,72.5,EASY
2020-09-03,11771.37,,NDX_workbook,504.0,33.6,0.8367,60.8,UNCERTAIN
2020-09-04,11622.13,,NDX_workbook,513.0,30.75,0.8367,58.8,UNCERTAIN
2020-09-08,11068.26,,NDX_workbook,525.0,31.46,0.7959,52.9,UNCERTAIN
2020-09-09,11395.85,,NDX_workbook,516.0,28.81,0.8163,52.9,UNCERTAIN
2020-09-10,11154.12,,NDX_workbook,516.0,29.71,0.7959,52.9,UNCERTAIN
2020-09-11,11087.4,,NDX_workbook,521.0,26.87,0.7755,52.9,UNCERTAIN
2020-09-14,11277.76,,NDX_workbook,518.0,25.85,0.8163,52.9,UNCERTAIN
2020-09-15,11438.87,,NDX_workbook,514.0,25.59,0.8163,52.9,UNCERTAIN
2020-09-16,11247.6,,NDX_workbook,507.0,26.04,0.8571,52.9,UNCERTAIN
2020-09-17,11080.95,,NDX_workbook,514.0,26.46,0.8367,52.9,UNCERTAIN
2020-09-18,10936.98,,NDX_workbook,516.0,25.83,0.8163,52.9,UNCERTAIN
2020-09-21,10980.22,,NDX_workbook,542.0,27.78,0.7755,58.8,UNCERTAIN
2020-09-22,11186.37,,NDX_workbook,545.0,26.86,0.8163,52.9,UNCERTAIN
2020-09-23,10833.33,,NDX_workbook,547.0,28.58,0.7959,52.9,UNCERTAIN
2020-09-24,10896.47,,NDX_workbook,564.0,28.51,0.8163,52.9,UNCERTAIN
2020-09-25,11151.13,,NDX_workbook,564.0,26.38,0.8163,52.9,UNCERTAIN
2020-09-28,11364.45,,NDX_workbook,552.0,26.19,0.8571,58.8,UNCERTAIN
2020-09-29,11322.95,,NDX_workbook,550.0,26.27,0.8367,58.8,UNCERTAIN
2020-09-30,11418.06,,NDX_workbook,541.0,26.37,0.8367,64.7,UNCERTAIN
2020-10-01,11583.2,,NDX_workbook,536.0,26.7,0.8367,64.7,UNCERTAIN
2020-10-02,11255.69,,NDX_workbook,538.0,27.63,0.8367,58.8,UNCERTAIN
2020-10-05,11509.06,,NDX_workbook,518.0,27.96,0.8776,64.7,UNCERTAIN
2020-10-06,11291.27,,NDX_workbook,506.0,29.48,0.8571,64.7,UNCERTAIN
2020-10-07,11503.19,,NDX_workbook,502.0,28.06,0.8776,58.8,UNCERTAIN
2020-10-08,11550.94,,NDX_workbook,497.0,26.36,0.9184,58.8,UNCERTAIN
2020-10-09,11725.85,,NDX_workbook,492.0,25.0,0.9184,72.5,EASY
2020-10-12,12088.11,,NDX_workbook,492.0,25.07,0.9184,66.7,UNCERTAIN
2020-10-13,12083.17,,NDX_workbook,488.0,26.07,0.9184,72.5,EASY
2020-10-14,11985.36,,NDX_workbook,489.0,26.4,0.9184,72.5,EASY
2020-10-15,11898.57,,NDX_workbook,501.0,26.97,0.898,72.5,EASY
2020-10-16,11852.17,,NDX_workbook,494.0,27.41,0.8571,72.5,EASY
2020-10-19,11634.35,,NDX_workbook,491.0,29.18,0.8367,64.7,UNCERTAIN
2020-10-20,11677.84,,NDX_workbook,490.0,29.35,0.8571,66.7,UNCERTAIN
2020-10-21,11665.37,,NDX_workbook,491.0,28.65,0.8776,52.9,UNCERTAIN
2020-10-22,11662.91,,NDX_workbook,488.0,28.11,0.898,52.9,UNCERTAIN
2020-10-23,11692.57,,NDX_workbook,487.0,27.55,0.9184,60.8,UNCERTAIN
2020-10-26,11504.52,,NDX_workbook,503.0,32.46,0.8776,52.9,UNCERTAIN
2020-10-27,11598.95,,NDX_workbook,506.0,33.35,0.8776,52.9,UNCERTAIN
2020-10-28,11142.76,,NDX_workbook,529.0,40.28,0.8367,52.9,UNCERTAIN
2020-10-29,11350.74,,NDX_workbook,525.0,37.59,0.8571,52.9,UNCERTAIN
2020-10-30,11052.95,,NDX_workbook,525.0,38.02,0.7959,52.9,UNCERTAIN
2020-11-02,11084.76,,NDX_workbook,525.0,37.13,0.8367,52.9,UNCERTAIN
2020-11-03,11279.91,,NDX_workbook,507.0,35.55,0.8776,52.9,UNCERTAIN
2020-11-04,11777.02,,NDX_workbook,479.0,29.57,0.898,60.8,UNCERTAIN
2020-11-05,12078.07,,NDX_workbook,459.0,27.58,0.9184,66.7,UNCERTAIN
2020-11-06,12091.35,,NDX_workbook,467.0,24.86,0.898,78.4,EASY
2020-11-09,11830.39,,NDX_workbook,422.0,25.75,0.9184,74.5,EASY
2020-11-10,11624.29,,NDX_workbook,437.0,24.8,0.9184,78.4,EASY
2020-11-11,11892.93,,NDX_workbook,437.0,23.45,0.9184,86.3,EASY
2020-11-12,11827.14,,NDX_workbook,462.0,25.35,0.9184,72.5,EASY
2020-11-13,11937.84,,NDX_workbook,463.0,23.1,0.9184,72.5,EASY
2020-11-16,12013.38,,NDX_workbook,450.0,22.45,0.9388,80.4,EASY
2020-11-17,11977.49,,NDX_workbook,448.0,22.71,0.9184,80.4,EASY
2020-11-18,11894.71,,NDX_workbook,442.0,23.84,0.898,80.4,EASY
2020-11-19,11985.43,,NDX_workbook,448.0,23.11,0.8776,80.4,EASY
2020-11-20,11906.44,,NDX_workbook,449.0,23.7,0.8776,80.4,EASY
2020-11-23,11905.94,,NDX_workbook,443.0,22.66,0.8776,80.4,EASY
2020-11-24,12079.81,,NDX_workbook,431.0,21.64,0.9184,80.4,EASY
2020-11-25,12152.22,,NDX_workbook,433.0,21.25,0.9184,80.4,EASY
2020-11-27,12258.21,,NDX_workbook,435.0,20.84,0.9184,80.4,EASY
2020-11-30,12268.32,,NDX_workbook,433.0,20.57,0.9184,80.4,EASY
2020-12-01,12455.33,,NDX_workbook,421.0,20.77,0.9184,86.3,EASY
2020-12-02,12456.41,,NDX_workbook,417.0,21.17,0.9184,86.3,EASY
2020-12-03,12467.13,,NDX_workbook,410.0,21.28,0.9184,86.3,EASY
2020-12-04,12528.48,,NDX_workbook,403.0,20.79,0.9184,86.3,EASY
2020-12-07,12596.47,,NDX_workbook,403.0,21.3,0.9184,86.3,EASY
2020-12-08,12635.72,,NDX_workbook,403.0,20.68,0.9184,86.3,EASY
2020-12-09,12364.64,,NDX_workbook,404.0,22.27,0.9184,80.4,EASY
2020-12-10,12401.74,,NDX_workbook,408.0,22.52,0.898,80.4,EASY
2020-12-11,12375.41,,NDX_workbook,413.0,23.31,0.898,80.4,EASY
2020-12-14,12462.21,,NDX_workbook,407.0,24.72,0.898,80.4,EASY
2020-12-15,12595.92,,NDX_workbook,406.0,22.89,0.9184,74.5,EASY
2020-12-16,12668.16,,NDX_workbook,406.0,22.5,0.9184,80.4,EASY
2020-12-17,12752.06,,NDX_workbook,405.0,21.93,0.9184,80.4,EASY
2020-12-18,12738.18,,NDX_workbook,403.0,21.57,0.9184,80.4,EASY
2020-12-21,12690.26,,NDX_workbook,418.0,25.16,0.898,74.5,EASY
2020-12-22,12717.56,,NDX_workbook,412.0,24.23,0.898,86.3,EASY
2020-12-23,12653.14,,NDX_workbook,407.0,23.31,0.898,80.4,EASY
2020-12-24,12711.01,,NDX_workbook,405.0,21.53,0.898,80.4,EASY
2020-12-28,12838.86,,NDX_workbook,389.0,21.7,0.898,80.4,EASY
2020-12-29,12843.49,,NDX_workbook,385.0,23.08,0.898,80.4,EASY
2020-12-30,12845.36,,NDX_workbook,387.0,22.77,0.898,80.4,EASY
2020-12-31,12888.28,,NDX_workbook,386.0,22.75,0.9184,80.4,EASY
2021-01-04,12694.66,,NDX_workbook,393.0,26.97,0.898,74.5,EASY
2021-01-05,12802.38,,NDX_workbook,392.0,25.34,0.898,74.5,EASY
2021-01-06,12623.35,,NDX_workbook,380.0,25.07,0.898,74.5,EASY
2021-01-07,12939.57,,NDX_workbook,378.0,22.37,0.898,80.4,EASY
2021-01-08,13105.2,,NDX_workbook,376.0,21.56,0.898,80.4,EASY
2021-01-11,12902.49,,NDX_workbook,382.0,24.08,0.898,80.4,EASY
2021-01-12,12892.09,,NDX_workbook,385.0,23.33,0.9184,80.4,EASY
2021-01-13,12973.63,,NDX_workbook,382.0,22.21,0.9184,80.4,EASY
2021-01-14,12898.69,,NDX_workbook,373.0,23.25,0.898,80.4,EASY
2021-01-15,12803.93,,NDX_workbook,374.0,24.34,0.9184,80.4,EASY
2021-01-19,12996.54,,NDX_workbook,371.0,23.24,0.9388,80.4,EASY
2021-01-20,13296.45,,NDX_workbook,367.0,21.58,0.9388,80.4,EASY
2021-01-21,13404.99,,NDX_workbook,365.0,21.32,0.9388,80.4,EASY
2021-01-22,13366.4,,NDX_workbook,375.0,21.91,0.9184,80.4,EASY
2021-01-25,13483.29,,NDX_workbook,375.0,23.19,0.9388,86.3,EASY
2021-01-26,13490.19,,NDX_workbook,374.0,23.02,0.9184,86.3,EASY
2021-01-27,13112.65,,NDX_workbook,385.0,37.21,0.898,74.5,EASY
2021-01-28,13201.53,,NDX_workbook,376.0,30.21,0.898,74.5,EASY
2021-01-29,12925.38,,NDX_workbook,379.0,33.09,0.898,74.5,EASY
2021-02-01,13248.9,,NDX_workbook,383.0,30.24,0.898,68.6,UNCERTAIN
2021-02-02,13456.12,,NDX_workbook,375.0,25.56,0.9184,68.6,UNCERTAIN
2021-02-03,13402.37,,NDX_workbook,368.0,22.91,0.898,74.5,EASY
2021-02-04,13560.89,,NDX_workbook,364.0,21.77,0.9184,80.4,EASY
2021-02-05,13603.96,,NDX_workbook,358.0,20.87,0.9388,80.4,EASY
2021-02-08,13695.02,,NDX_workbook,354.0,21.24,0.9388,86.3,EASY
2021-02-09,13687.08,,NDX_workbook,351.0,21.63,0.9388,86.3,EASY
2021-02-10,13655.27,,NDX_workbook,351.0,21.99,0.9388,86.3,EASY
2021-02-11,13734.35,,NDX_workbook,350.0,21.25,0.898,86.3,EASY
2021-02-12,13807.7,,NDX_workbook,348.0,19.97,0.898,94.1,EASY
2021-02-16,13773.77,,NDX_workbook,341.0,21.46,0.8776,88.2,EASY
2021-02-17,13699.71,,NDX_workbook,344.0,21.5,0.898,88.2,EASY
2021-02-18,13637.51,,NDX_workbook,346.0,22.49,0.898,88.2,EASY
2021-02-19,13580.78,,NDX_workbook,341.0,22.05,0.898,88.2,EASY
2021-02-22,13223.74,,NDX_workbook,344.0,23.45,0.898,82.4,EASY
2021-02-23,13194.71,,NDX_workbook,347.0,23.11,0.898,82.4,EASY
2021-02-24,13302.19,,NDX_workbook,342.0,21.34,0.898,82.4,EASY
2021-02-25,12828.31,,NDX_workbook,342.0,28.89,0.7959,68.6,UNCERTAIN
2021-02-26,12909.44,,NDX_workbook,352.0,27.95,0.8163,60.8,UNCERTAIN
2021-03-01,13282.95,,NDX_workbook,354.0,23.35,0.8776,74.5,EASY
2021-03-02,13059.95,,NDX_workbook,353.0,24.1,0.8571,74.5,EASY
2021-03-03,12683.33,,NDX_workbook,351.0,26.67,0.8163,60.8,UNCERTAIN
2021-03-04,12464.0,,NDX_workbook,354.0,28.57,0.7959,60.8,UNCERTAIN
2021-03-05,12668.51,,NDX_workbook,360.0,24.66,0.8367,66.7,UNCERTAIN
2021-03-08,12299.08,,NDX_workbook,357.0,25.47,0.7143,60.8,UNCERTAIN
2021-03-09,12794.49,,NDX_workbook,362.0,24.03,0.8163,66.7,UNCERTAIN
2021-03-10,12752.07,,NDX_workbook,363.0,22.56,0.8163,66.7,UNCERTAIN
2021-03-11,13052.9,,NDX_workbook,352.0,21.91,0.8571,74.5,EASY
2021-03-12,12937.29,,NDX_workbook,355.0,20.69,0.8367,72.5,EASY
2021-03-15,13082.54,,NDX_workbook,355.0,20.03,0.8571,86.3,EASY
2021-03-16,13152.28,,NDX_workbook,355.0,19.79,0.8571,92.2,EASY
2021-03-17,13202.38,,NDX_workbook,365.0,19.23,0.898,92.2,EASY
2021-03-18,12789.14,,NDX_workbook,366.0,21.58,0.8163,66.7,UNCERTAIN
2021-03-19,12866.99,,NDX_workbook,367.0,20.95,0.8367,72.5,EASY
2021-03-22,13086.51,,NDX_workbook,431.5,18.88,0.898,86.3,EASY
2021-03-23,13017.79,,NDX_workbook,443.4,20.3,0.8776,80.4,EASY
2021-03-24,12798.88,,NDX_workbook,451.0,21.2,0.8571,66.7,UNCERTAIN
2021-03-25,12780.51,,NDX_workbook,439.3,19.81,0.8367,72.5,EASY
2021-03-26,12979.12,,NDX_workbook,431.3,18.86,0.9184,72.5,EASY
2021-03-29,12965.74,,NDX_workbook,447.1,20.74,0.9184,66.7,UNCERTAIN
2021-03-30,12896.53,,NDX_workbook,437.6,19.61,0.898,72.5,EASY
2021-03-31,13091.44,,NDX_workbook,435.9,19.4,0.9184,86.3,EASY
2021-04-01,13329.52,,NDX_workbook,418.5,17.33,0.9592,86.3,EASY
2021-04-05,13598.16,,NDX_workbook,423.4,17.91,0.9592,86.3,EASY
2021-04-06,13578.46,,NDX_workbook,425.1,18.12,0.9592,92.2,EASY
2021-04-07,13616.7,,NDX_workbook,417.1,17.16,0.9592,92.2,EASY
2021-04-08,13758.51,,NDX_workbook,415.3,16.95,0.9592,92.2,EASY
2021-04-09,13845.06,,NDX_workbook,413.1,16.69,0.9592,92.2,EASY
2021-04-12,13819.35,,NDX_workbook,415.0,16.91,0.9388,92.2,EASY
2021-04-13,13986.49,,NDX_workbook,412.8,16.65,0.9388,92.2,EASY
2021-04-14,13803.91,,NDX_workbook,415.7,16.99,0.9388,92.2,EASY
2021-04-15,14026.19,,NDX_workbook,412.1,16.57,0.9592,92.2,EASY
2021-04-16,14041.91,,NDX_workbook,409.5,16.25,0.9592,86.3,EASY
2021-04-19,13907.67,,NDX_workbook,418.2,17.29,0.9388,86.3,EASY
2021-04-20,13809.3,,NDX_workbook,429.8,18.68,0.9388,86.3,EASY
2021-04-21,13935.15,,NDX_workbook,419.9,17.5,0.9184,86.3,EASY
2021-04-22,13762.36,,NDX_workbook,430.1,18.71,0.9184,86.3,EASY
2021-04-23,13941.44,,NDX_workbook,418.5,17.33,0.9184,86.3,EASY
2021-04-26,14026.16,,NDX_workbook,421.1,17.64,0.9388,86.3,EASY
2021-04-27,13960.28,,NDX_workbook,420.4,17.56,0.9388,86.3,EASY
2021-04-28,13901.62,,NDX_workbook,418.1,17.28,0.9388,86.3,EASY
2021-04-29,13970.2,,NDX_workbook,420.9,17.61,0.9388,86.3,EASY
2021-04-30,13860.76,,NDX_workbook,429.2,18.61,0.9184,86.3,EASY
2021-05-03,13799.72,,NDX_workbook,426.7,18.31,0.9184,86.3,EASY
2021-05-04,13544.67,,NDX_workbook,436.5,19.48,0.9184,80.4,EASY
2021-05-05,13503.37,,NDX_workbook,433.8,19.15,0.9184,80.4,EASY
2021-05-06,13613.73,,NDX_workbook,427.4,18.39,0.9184,80.4,EASY
2021-05-07,13719.63,,NDX_workbook,413.1,16.69,0.9184,80.4,EASY
2021-05-10,13359.08,,NDX_workbook,438.1,19.66,0.8367,80.4,EASY
2021-05-11,13351.27,,NDX_workbook,456.3,21.84,0.8776,74.5,EASY
2021-05-12,13001.63,,NDX_workbook,504.6,27.59,0.7959,60.8,UNCERTAIN
2021-05-13,13109.15,,NDX_workbook,467.2,23.13,0.7755,66.7,UNCERTAIN
2021-05-14,13393.12,,NDX_workbook,430.9,18.81,0.8776,80.4,EASY
2021-05-17,13312.91,,NDX_workbook,438.6,19.72,0.8367,80.4,EASY
2021-05-18,13217.68,,NDX_workbook,452.1,21.34,0.8163,74.5,EASY
2021-05-19,13237.91,,NDX_workbook,459.2,22.18,0.8367,74.5,EASY
2021-05-20,13494.09,,NDX_workbook,446.5,20.67,0.8571,80.4,EASY
2021-05-21,13411.74,,NDX_workbook,442.2,20.15,0.8163,80.4,EASY
2021-05-24,13641.75,,NDX_workbook,427.5,18.4,0.8776,86.3,EASY
2021-05-25,13657.73,,NDX_workbook,431.2,18.84,0.8776,92.2,EASY
2021-05-26,13702.74,,NDX_workbook,418.8,17.36,0.8776,92.2,EASY
2021-05-27,13657.85,,NDX_workbook,413.6,16.74,0.8776,92.2,EASY
2021-05-28,13686.51,,NDX_workbook,413.7,16.76,0.8776,92.2,EASY
2021-06-01,13654.59,,NDX_workbook,423.3,17.9,0.8776,92.2,EASY
2021-06-02,13675.79,,NDX_workbook,419.8,17.48,0.8776,86.3,EASY
2021-06-03,13529.68,,NDX_workbook,424.5,18.04,0.7959,86.3,EASY
2021-06-04,13770.77,,NDX_workbook,410.9,16.42,0.8367,86.3,EASY
2021-06-07,13802.89,,NDX_workbook,410.9,16.42,0.8367,86.3,EASY
2021-06-08,13810.86,,NDX_workbook,416.3,17.07,0.8571,86.3,EASY
2021-06-09,13814.94,,NDX_workbook,423.2,17.89,0.8776,86.3,EASY
2021-06-10,13960.35,,NDX_workbook,408.2,16.1,0.898,86.3,EASY
2021-06-11,13998.3,,NDX_workbook,404.4,15.65,0.898,86.3,EASY
2021-06-14,14128.2,,NDX_workbook,410.6,16.39,0.9184,86.3,EASY
2021-06-15,14030.41,,NDX_workbook,415.9,17.02,0.8776,86.3,EASY
2021-06-16,13983.01,,NDX_workbook,425.4,18.15,0.8776,86.3,EASY
2021-06-17,14163.81,,NDX_workbook,422.0,17.75,0.898,86.3,EASY
2021-06-18,14049.58,,NDX_workbook,446.8,20.7,0.8776,80.4,EASY
2021-06-21,14137.23,,NDX_workbook,423.2,17.89,0.898,86.3,EASY
2021-06-22,14270.42,,NDX_workbook,412.9,16.66,0.898,86.3,EASY
2021-06-23,14274.24,,NDX_workbook,410.0,16.32,0.898,86.3,EASY
2021-06-24,14365.96,,NDX_workbook,407.1,15.97,0.9388,86.3,EASY
2021-06-25,14345.18,,NDX_workbook,404.2,15.62,0.9592,86.3,EASY
2021-06-28,14524.98,,NDX_workbook,405.3,15.76,0.9592,86.3,EASY
2021-06-29,14572.75,,NDX_workbook,407.5,16.02,0.9592,92.2,EASY
2021-06-30,14554.8,,NDX_workbook,405.9,15.83,0.9592,92.2,EASY
2021-07-01,14560.05,,NDX_workbook,403.0,15.48,0.9592,92.2,EASY
2021-07-02,14727.63,,NDX_workbook,399.6,15.07,0.9592,92.2,EASY
2021-07-06,14786.36,,NDX_workbook,411.0,16.44,0.9592,86.3,EASY
2021-07-07,14810.54,,NDX_workbook,409.0,16.2,0.9592,86.3,EASY
2021-07-08,14722.14,,NDX_workbook,432.5,19.0,0.9592,86.3,EASY
2021-07-09,14826.09,,NDX_workbook,408.9,16.18,0.9592,86.3,EASY
2021-07-12,14877.89,,NDX_workbook,408.8,16.17,0.9592,86.3,EASY
2021-07-13,14874.54,,NDX_workbook,416.7,17.12,0.9592,86.3,EASY
2021-07-14,14900.44,,NDX_workbook,410.1,16.33,0.9388,86.3,EASY
2021-07-15,14794.69,,NDX_workbook,415.8,17.01,0.9388,86.3,EASY
2021-07-16,14681.38,,NDX_workbook,427.9,18.45,0.8776,86.3,EASY
2021-07-19,14549.09,,NDX_workbook,461.9,22.5,0.8367,80.4,EASY
2021-07-20,14728.21,,NDX_workbook,438.6,19.73,0.898,80.4,EASY
2021-07-21,14842.63,,NDX_workbook,423.4,17.91,0.9388,80.4,EASY
2021-07-22,14940.17,,NDX_workbook,421.5,17.69,0.9184,80.4,EASY
2021-07-23,15111.79,,NDX_workbook,417.4,17.2,0.898,86.3,EASY
2021-07-26,15125.95,,NDX_workbook,420.6,17.58,0.898,86.3,EASY
2021-07-27,14956.97,,NDX_workbook,435.5,19.36,0.898,86.3,EASY
2021-07-28,15018.1,,NDX_workbook,426.7,18.31,0.9184,92.2,EASY
2021-07-29,15048.36,,NDX_workbook,421.6,17.7,0.898,92.2,EASY
2021-07-30,14959.9,,NDX_workbook,426.1,18.24,0.898,86.3,EASY
2021-08-02,14963.62,,NDX_workbook,436.4,19.46,0.8776,86.3,EASY
2021-08-03,15061.42,,NDX_workbook,424.5,18.04,0.898,86.3,EASY
2021-08-04,15083.39,,NDX_workbook,423.9,17.97,0.9184,86.3,EASY
2021-08-05,15181.64,,NDX_workbook,418.1,17.28,0.9388,86.3,EASY
2021-08-06,15109.36,,NDX_workbook,408.6,16.15,0.9184,86.3,EASY
2021-08-09,15133.11,,NDX_workbook,413.4,16.72,0.9184,86.3,EASY
2021-08-10,15053.58,,NDX_workbook,414.0,16.79,0.898,86.3,EASY
2021-08-11,15027.76,,NDX_workbook,408.8,16.17,0.898,86.3,EASY
2021-08-12,15088.98,,NDX_workbook,403.9,15.59,0.8571,86.3,EASY
2021-08-13,15136.68,,NDX_workbook,402.7,15.45,0.8571,86.3,EASY
2021-08-16,15140.77,,NDX_workbook,408.4,16.12,0.8776,86.3,EASY
2021-08-17,15002.83,,NDX_workbook,423.4,17.91,0.8571,86.3,EASY
2021-08-18,14857.92,,NDX_workbook,454.1,21.57,0.8571,80.4,EASY
2021-08-19,14933.94,,NDX_workbook,454.9,21.67,0.8367,80.4,EASY
2021-08-20,15092.57,,NDX_workbook,428.8,18.56,0.8367,86.3,EASY
2021-08-23,15312.82,,NDX_workbook,417.0,17.15,0.8571,86.3,EASY
2021-08-24,15357.68,,NDX_workbook,417.6,17.22,0.898,86.3,EASY
2021-08-25,15368.92,,NDX_workbook,414.0,16.79,0.898,86.3,EASY
2021-08-26,15278.52,,NDX_workbook,431.2,18.84,0.8776,86.3,EASY
2021-08-27,15432.95,,NDX_workbook,410.6,16.39,0.8776,92.2,EASY
2021-08-30,15605.09,,NDX_workbook,408.9,16.19,0.8776,92.2,EASY
2021-08-31,15582.51,,NDX_workbook,411.4,16.48,0.8776,92.2,EASY
2021-09-01,15611.57,,NDX_workbook,408.3,16.11,0.8776,86.3,EASY
2021-09-02,15604.25,,NDX_workbook,410.8,16.41,0.8776,86.3,EASY
2021-09-03,15652.86,,NDX_workbook,410.8,16.41,0.8776,86.3,EASY
2021-09-07,15675.76,,NDX_workbook,425.3,18.14,0.8367,86.3,EASY
2021-09-08,15620.85,,NDX_workbook,423.8,17.96,0.8571,86.3,EASY
2021-09-09,15561.05,,NDX_workbook,430.8,18.8,0.8367,86.3,EASY
2021-09-10,15440.75,,NDX_workbook,448.9,20.95,0.8367,80.4,EASY
2021-09-13,15434.5,,NDX_workbook,435.6,19.37,0.8571,86.3,EASY
2021-09-14,15382.9,,NDX_workbook,436.4,19.46,0.8571,80.4,EASY
2021-09-15,15503.53,,NDX_workbook,425.6,18.18,0.8367,80.4,EASY
2021-09-16,15515.91,,NDX_workbook,429.9,18.69,0.8367,80.4,EASY
2021-09-17,15333.47,,NDX_workbook,447.7,20.81,0.8367,74.5,EASY
2021-09-20,15012.19,,NDX_workbook,488.8,25.71,0.7959,68.6,UNCERTAIN
2021-09-21,15027.77,,NDX_workbook,477.5,24.36,0.7959,74.5,EASY
2021-09-22,15176.51,,NDX_workbook,448.2,20.87,0.7959,74.5,EASY
2021-09-23,15316.58,,NDX_workbook,429.4,18.63,0.8163,80.4,EASY
2021-09-24,15329.68,,NDX_workbook,422.0,17.75,0.8163,80.4,EASY
2021-09-27,15204.82,,NDX_workbook,430.5,18.76,0.8163,80.4,EASY
2021-09-28,14770.3,,NDX_workbook,468.2,23.25,0.7755,74.5,EASY
2021-09-29,14752.89,,NDX_workbook,462.4,22.56,0.7551,74.5,EASY
2021-09-30,14689.62,,NDX_workbook,467.2,23.14,0.7347,66.7,UNCERTAIN
2021-10-01,14791.87,,NDX_workbook,450.1,21.1,0.7347,74.5,EASY
2021-10-04,14472.12,,NDX_workbook,465.7,22.96,0.7143,66.7,UNCERTAIN
2021-10-05,14674.15,,NDX_workbook,451.8,21.3,0.7143,66.7,UNCERTAIN
2021-10-06,14766.75,,NDX_workbook,449.3,21.0,0.7551,74.5,EASY
2021-10-07,14897.13,,NDX_workbook,437.0,19.54,0.7755,80.4,EASY
2021-10-08,14820.75,,NDX_workbook,430.6,18.77,0.7143,80.4,EASY
2021-10-11,14713.73,,NDX_workbook,440.9,20.0,0.6939,72.5,EASY
2021-10-12,14662.11,,NDX_workbook,439.6,19.85,0.6939,78.4,EASY
2021-10-13,14774.6,,NDX_workbook,429.5,18.64,0.6939,86.3,EASY
2021-10-14,15052.42,,NDX_workbook,414.6,16.86,0.7551,86.3,EASY
2021-10-15,15146.92,,NDX_workbook,409.9,16.3,0.7551,86.3,EASY
2021-10-18,15300.89,,NDX_workbook,410.0,16.31,0.7347,86.3,EASY
2021-10-19,15410.72,,NDX_workbook,404.8,15.7,0.7959,92.2,EASY
2021-10-20,15388.71,,NDX_workbook,403.1,15.49,0.7959,92.2,EASY
2021-10-21,15489.59,,NDX_workbook,399.1,15.01,0.7959,92.2,EASY
2021-10-22,15355.07,,NDX_workbook,402.6,15.43,0.7755,92.2,EASY
2021-10-25,15514.19,,NDX_workbook,401.0,15.24,0.7551,92.2,EASY
2021-10-26,15559.49,,NDX_workbook,407.2,15.98,0.7347,92.2,EASY
2021-10-27,15598.39,,NDX_workbook,415.6,16.98,0.7347,86.3,EASY
2021-10-28,15778.16,,NDX_workbook,411.8,16.53,0.7755,86.3,EASY
2021-10-29,15850.47,,NDX_workbook,409.5,16.26,0.7755,86.3,EASY
2021-11-01,15905.28,,NDX_workbook,410.8,16.41,0.7551,86.3,EASY
2021-11-02,15972.49,,NDX_workbook,407.6,16.03,0.7551,92.2,EASY
2021-11-03,16144.5,,NDX_workbook,399.8,15.1,0.8367,87.3,EASY
2021-11-04,16346.24,,NDX_workbook,402.7,15.44,0.8163,87.3,EASY
2021-11-05,16359.38,,NDX_workbook,411.4,16.48,0.8776,87.3,EASY
2021-11-08,16336.03,,NDX_workbook,417.6,17.22,0.8367,87.3,EASY
2021-11-09,16219.94,,NDX_workbook,422.3,17.78,0.8163,87.3,EASY
2021-11-10,15985.57,,NDX_workbook,430.3,18.73,0.8571,81.4,EASY
2021-11-11,16032.47,,NDX_workbook,421.3,17.66,0.8163,81.4,EASY
2021-11-12,16199.89,,NDX_workbook,409.8,16.29,0.8163,81.4,EASY
2021-11-15,16189.12,,NDX_workbook,411.5,16.49,0.8367,75.5,EASY
2021-11-16,16309.77,,NDX_workbook,410.5,16.37,0.8367,75.5,EASY
2021-11-17,16308.07,,NDX_workbook,416.7,17.11,0.8367,81.4,EASY
2021-11-18,16482.97,,NDX_workbook,420.7,17.59,0.8163,81.4,EASY
2021-11-19,16573.34,,NDX_workbook,423.4,17.91,0.7959,81.4,EASY
2021-11-22,16380.98,,NDX_workbook,433.9,19.17,0.8163,81.4,EASY
2021-11-23,16306.72,,NDX_workbook,435.7,19.38,0.8571,81.4,EASY
2021-11-24,16367.81,,NDX_workbook,429.0,18.58,0.8571,81.4,EASY
2021-11-26,16025.58,,NDX_workbook,513.2,28.62,0.7755,69.6,UNCERTAIN
2021-11-29,16399.24,,NDX_workbook,465.7,22.96,0.7755,75.5,EASY
2021-11-30,16135.92,,NDX_workbook,501.2,27.19,0.7551,63.7,UNCERTAIN
2021-12-01,15877.72,,NDX_workbook,534.2,31.12,0.7551,63.7,UNCERTAIN
2021-12-02,15990.76,,NDX_workbook,507.6,27.95,0.7755,63.7,UNCERTAIN
2021-12-03,15712.04,,NDX_workbook,530.4,30.67,0.7755,63.7,UNCERTAIN
2021-12-06,15846.16,,NDX_workbook,501.1,27.18,0.7959,63.7,UNCERTAIN
2021-12-07,16325.66,,NDX_workbook,456.8,21.89,0.7959,69.6,UNCERTAIN
2021-12-08,16394.34,,NDX_workbook,440.1,19.9,0.8571,75.5,EASY
2021-12-09,16149.57,,NDX_workbook,454.2,21.58,0.8163,75.5,EASY
2021-12-10,16331.98,,NDX_workbook,429.9,18.69,0.8163,81.4,EASY
2021-12-13,16082.55,,NDX_workbook,443.5,20.31,0.8571,81.4,EASY
2021-12-14,15914.9,,NDX_workbook,456.8,21.89,0.8571,75.5,EASY
2021-12-15,16289.59,,NDX_workbook,434.9,19.29,0.8571,81.4,EASY
2021-12-16,15863.94,,NDX_workbook,445.7,20.57,0.8163,75.5,EASY
2021-12-17,15801.46,,NDX_workbook,454.1,21.57,0.7755,69.6,UNCERTAIN
2021-12-20,15627.64,,NDX_workbook,465.0,22.87,0.7347,69.6,UNCERTAIN
2021-12-21,15986.28,,NDX_workbook,449.4,21.01,0.7959,69.6,UNCERTAIN
2021-12-22,16180.14,,NDX_workbook,429.4,18.63,0.7755,75.5,EASY
2021-12-23,16308.21,,NDX_workbook,423.8,17.96,0.7959,75.5,EASY
2021-12-27,16567.5,,NDX_workbook,421.4,17.68,0.8571,81.4,EASY
2021-12-28,16488.66,,NDX_workbook,420.3,17.54,0.8571,87.3,EASY
2021-12-29,16491.01,,NDX_workbook,415.3,16.95,0.8571,87.3,EASY
2021-12-30,16429.1,,NDX_workbook,418.5,17.33,0.8367,87.3,EASY
2021-12-31,16320.08,,NDX_workbook,417.6,17.22,0.8367,87.3,EASY
2022-01-03,16501.77,,NDX_workbook,412.4,16.6,0.8571,81.4,EASY
2022-01-04,16279.73,,NDX_workbook,415.0,16.91,0.8367,81.4,EASY
2022-01-05,15771.78,,NDX_workbook,438.6,19.73,0.7755,75.5,EASY
2022-01-06,15765.36,,NDX_workbook,437.6,19.61,0.7551,75.5,EASY
2022-01-07,15592.19,,NDX_workbook,430.5,18.76,0.7551,75.5,EASY
2022-01-10,15614.43,,NDX_workbook,435.9,19.4,0.7551,75.5,EASY
2022-01-11,15844.12,,NDX_workbook,427.6,18.41,0.7551,75.5,EASY
2022-01-12,15905.1,,NDX_workbook,420.9,17.62,0.7551,75.5,EASY
2022-01-13,15495.62,,NDX_workbook,443.5,20.31,0.7347,61.8,UNCERTAIN
2022-01-14,15611.59,,NDX_workbook,434.1,19.19,0.7347,75.5,EASY
2022-01-18,15210.76,,NDX_workbook,464.3,22.79,0.6735,61.8,UNCERTAIN
2022-01-19,15047.84,,NDX_workbook,473.2,23.85,0.6531,61.8,UNCERTAIN
2022-01-20,14846.46,,NDX_workbook,487.8,25.59,0.5918,40.2,UNCERTAIN
2022-01-21,14438.4,,NDX_workbook,515.1,28.85,0.5306,32.4,HARD
2022-01-24,14509.58,,NDX_workbook,523.9,29.9,0.551,32.4,HARD
2022-01-25,14149.12,,NDX_workbook,534.5,31.16,0.4898,32.4,HARD
2022-01-26,14172.76,,NDX_workbook,541.2,31.96,0.449,32.4,HARD
2022-01-27,14003.11,,NDX_workbook,528.9,30.49,0.3469,16.7,HARD
2022-01-28,14454.61,,NDX_workbook,505.2,27.66,0.4286,32.4,HARD
2022-01-31,14930.05,,NDX_workbook,481.4,24.83,0.5714,46.1,UNCERTAIN
2022-02-01,15019.68,,NDX_workbook,457.3,21.96,0.5918,52.0,UNCERTAIN
2022-02-02,15139.74,,NDX_workbook,458.4,22.09,0.6327,67.6,UNCERTAIN
2022-02-03,14501.11,,NDX_workbook,477.4,24.35,0.4898,38.2,HARD
2022-02-04,14694.35,,NDX_workbook,467.9,23.22,0.5306,50.0,UNCERTAIN
2022-02-07,14571.25,,NDX_workbook,464.9,22.86,0.5306,50.0,UNCERTAIN
2022-02-08,14747.03,,NDX_workbook,453.0,21.44,0.5306,52.0,UNCERTAIN
2022-02-09,15056.96,,NDX_workbook,440.6,19.96,0.6327,73.5,EASY
2022-02-10,14705.64,,NDX_workbook,473.7,23.91,0.551,44.1,UNCERTAIN
2022-02-11,14253.84,,NDX_workbook,502.6,27.36,0.3878,24.5,HARD
2022-02-14,14268.59,,NDX_workbook,510.8,28.33,0.4286,32.4,HARD
2022-02-15,14620.82,,NDX_workbook,488.7,25.7,0.4898,32.4,HARD
2022-02-16,14603.64,,NDX_workbook,476.9,24.29,0.5306,38.2,HARD
2022-02-17,14171.74,,NDX_workbook,508.9,28.11,0.4286,32.4,HARD
2022-02-18,14009.54,,NDX_workbook,505.9,27.75,0.4286,24.5,HARD
2022-02-22,13870.53,,NDX_workbook,514.8,28.81,0.4082,24.5,HARD
2022-02-23,13509.43,,NDX_workbook,533.3,31.02,0.2653,16.7,HARD
2022-02-24,13974.67,,NDX_workbook,527.5,30.32,0.3673,16.7,HARD
2022-02-25,14189.16,,NDX_workbook,504.6,27.59,0.449,32.4,HARD
2022-02-28,14237.81,,NDX_workbook,526.0,30.15,0.449,30.4,HARD
2022-03-01,14005.99,,NDX_workbook,552.6,33.32,0.3673,14.7,HARD
2022-03-02,14243.69,,NDX_workbook,531.0,30.74,0.4694,36.3,HARD
2022-03-03,14035.21,,NDX_workbook,528.8,30.48,0.3878,20.6,HARD
2022-03-04,13837.83,,NDX_workbook,541.4,31.98,0.3469,20.6,HARD
2022-03-07,13319.38,,NDX_workbook,578.9,36.45,0.2449,14.7,HARD
2022-03-08,13267.61,,NDX_workbook,567.8,35.13,0.2449,12.7,HARD
2022-03-09,13742.2,,NDX_workbook,545.3,32.45,0.3265,12.7,HARD
2022-03-10,13591.0,,NDX_workbook,526.7,30.23,0.2857,12.7,HARD
2022-03-11,13301.83,,NDX_workbook,531.1,30.75,0.2449,12.7,HARD
2022-03-14,13046.64,,NDX_workbook,539.6,31.77,0.2245,12.7,HARD
2022-03-15,13458.56,,NDX_workbook,523.4,29.83,0.3061,12.7,HARD
2022-03-16,13956.79,,NDX_workbook,496.8,26.67,0.3878,7.8,HARD
2022-03-17,14118.6,,NDX_workbook,488.5,25.67,0.4082,29.4,HARD
2022-03-18,14420.08,,NDX_workbook,473.4,23.87,0.4898,41.2,UNCERTAIN
2022-03-21,14376.09,,NDX_workbook,470.5,23.53,0.4286,41.2,UNCERTAIN
2022-03-22,14654.33,,NDX_workbook,465.6,22.94,0.5102,41.2,UNCERTAIN
2022-03-23,14447.55,,NDX_workbook,470.8,23.57,0.4286,41.2,UNCERTAIN
2022-03-24,14765.69,,NDX_workbook,454.9,21.67,0.551,41.2,UNCERTAIN
2022-03-25,14754.31,,NDX_workbook,447.7,20.81,0.5714,41.2,UNCERTAIN
2022-03-28,14987.4,,NDX_workbook,437.8,19.63,0.6122,62.7,UNCERTAIN
2022-03-29,15239.32,,NDX_workbook,431.7,18.9,0.6939,70.6,EASY
2022-03-30,15071.55,,NDX_workbook,435.3,19.33,0.6122,62.7,UNCERTAIN
2022-03-31,14838.49,,NDX_workbook,445.6,20.56,0.5102,41.2,UNCERTAIN
2022-04-01,14861.21,,NDX_workbook,437.8,19.63,0.4694,54.9,UNCERTAIN
2022-04-04,15159.58,,NDX_workbook,428.9,18.57,0.5102,62.7,UNCERTAIN
2022-04-05,14820.64,,NDX_workbook,449.5,21.03,0.449,35.3,HARD
2022-04-06,14498.89,,NDX_workbook,458.5,22.1,0.3878,21.6,HARD
2022-04-07,14531.81,,NDX_workbook,453.9,21.55,0.3673,21.6,HARD
2022-04-08,14327.26,,NDX_workbook,450.6,21.16,0.3469,21.6,HARD
2022-04-11,13990.21,,NDX_workbook,477.6,24.37,0.3265,13.7,HARD
2022-04-12,13940.24,,NDX_workbook,476.6,24.26,0.3265,13.7,HARD
2022-04-13,14217.29,,NDX_workbook,456.2,21.82,0.3265,21.6,HARD
2022-04-14,13893.21,,NDX_workbook,463.6,22.7,0.3265,13.7,HARD
2022-04-18,13910.76,,NDX_workbook,459.1,22.17,0.3265,13.7,HARD
2022-04-19,14210.26,,NDX_workbook,452.4,21.37,0.3469,21.6,HARD
2022-04-20,13998.53,,NDX_workbook,443.6,20.32,0.3673,13.7,HARD
2022-04-21,13720.45,,NDX_workbook,463.4,22.68,0.3469,13.7,HARD
2022-04-22,13356.87,,NDX_workbook,509.8,28.21,0.3469,7.8,HARD
2022-04-25,13533.22,,NDX_workbook,499.8,27.02,0.3469,7.8,HARD
2022-04-26,13009.71,,NDX_workbook,554.3,33.52,0.2245,7.8,HARD
2022-04-27,13003.36,,NDX_workbook,538.2,31.6,0.2653,7.8,HARD
2022-04-28,13456.06,,NDX_workbook,524.7,29.99,0.3061,7.8,HARD
2022-04-29,12854.8,,NDX_workbook,553.3,33.4,0.2245,7.8,HARD
2022-05-02,13075.85,,NDX_workbook,544.4,32.34,0.2449,7.8,HARD
2022-05-03,13089.9,,NDX_workbook,518.5,29.25,0.2857,7.8,HARD
2022-05-04,13535.71,,NDX_workbook,486.4,25.42,0.3061,7.8,HARD
2022-05-05,12850.55,,NDX_workbook,534.8,31.2,0.2449,7.8,HARD
2022-05-06,12693.53,,NDX_workbook,526.4,30.19,0.1837,7.8,HARD
2022-05-09,12187.72,,NDX_workbook,564.6,34.75,0.102,7.8,HARD
2022-05-10,12345.86,,NDX_workbook,549.9,32.99,0.102,7.8,HARD
2022-05-11,11967.56,,NDX_workbook,546.2,32.56,0.102,7.8,HARD
2022-05-12,11945.5,,NDX_workbook,539.6,31.77,0.102,7.8,HARD
2022-05-13,12387.4,,NDX_workbook,515.3,28.87,0.1429,7.8,HARD
2022-05-16,12243.58,,NDX_workbook,503.6,27.47,0.1429,7.8,HARD
2022-05-17,12564.1,,NDX_workbook,492.1,26.1,0.1633,7.8,HARD
2022-05-18,11928.31,,NDX_workbook,532.8,30.96,0.1224,7.8,HARD
2022-05-19,11875.63,,NDX_workbook,519.3,29.35,0.0816,13.7,HARD
2022-05-20,11835.62,,NDX_workbook,520.0,29.43,0.0816,7.8,HARD
2022-05-23,12034.28,,NDX_workbook,512.0,28.48,0.102,7.8,HARD
2022-05-24,11769.84,,NDX_workbook,520.2,29.45,0.102,7.8,HARD
2022-05-25,11943.93,,NDX_workbook,511.1,28.37,0.1224,7.8,HARD
2022-05-26,12276.79,,NDX_workbook,503.8,27.5,0.1633,7.8,HARD
2022-05-27,12681.42,,NDX_workbook,488.9,25.72,0.2653,13.7,HARD
2022-05-31,12642.1,,NDX_workbook,492.8,26.19,0.2653,13.7,HARD
2022-06-01,12548.36,,NDX_workbook,488.6,25.69,0.2041,19.6,HARD
2022-06-02,12892.89,,NDX_workbook,480.5,24.72,0.2857,25.5,HARD
2022-06-03,12548.03,,NDX_workbook,481.1,24.79,0.2245,19.6,HARD
2022-06-06,12599.63,,NDX_workbook,483.4,25.07,0.2041,19.6,HARD
2022-06-07,12711.68,,NDX_workbook,474.6,24.02,0.3265,25.5,HARD
2022-06-08,12615.13,,NDX_workbook,474.1,23.96,0.2449,25.5,HARD
2022-06-09,12269.78,,NDX_workbook,492.0,26.09,0.1224,13.7,HARD
2022-06-10,11832.82,,NDX_workbook,505.9,27.75,0.0612,7.8,HARD
2022-06-13,11288.32,,NDX_workbook,558.5,34.02,0.0612,7.8,HARD
2022-06-14,11311.69,,NDX_workbook,547.3,32.69,0.0612,7.8,HARD
2022-06-15,11593.77,,NDX_workbook,521.6,29.62,0.0612,7.8,HARD
2022-06-16,11127.57,,NDX_workbook,549.5,32.95,0.0408,7.8,HARD
2022-06-17,11265.99,,NDX_workbook,534.3,31.13,0.0408,7.8,HARD
2022-06-21,11546.76,,NDX_workbook,526.4,30.19,0.0612,7.8,HARD
2022-06-22,11527.71,,NDX_workbook,516.0,28.95,0.0612,7.8,HARD
2022-06-23,11697.68,,NDX_workbook,516.8,29.05,0.0816,7.8,HARD
2022-06-24,12105.85,,NDX_workbook,501.5,27.23,0.1224,13.7,HARD
2022-06-27,12008.24,,NDX_workbook,499.2,26.95,0.1224,19.6,HARD
2022-06-28,11637.77,,NDX_workbook,511.0,28.36,0.0816,7.8,HARD
2022-06-29,11658.26,,NDX_workbook,509.3,28.16,0.0816,19.6,HARD
2022-06-30,11503.72,,NDX_workbook,514.0,28.71,0.0816,19.6,HARD
2022-07-01,11585.68,,NDX_workbook,497.1,26.7,0.0816,13.7,HARD
2022-07-05,11779.9,,NDX_workbook,504.1,27.54,0.0816,7.8,HARD
2022-07-06,11852.59,,NDX_workbook,497.4,26.73,0.1224,7.8,HARD
2022-07-07,12109.05,,NDX_workbook,491.9,26.08,0.1429,13.7,HARD
2022-07-08,12125.69,,NDX_workbook,479.8,24.64,0.1429,19.6,HARD
2022-07-11,11860.28,,NDX_workbook,492.7,26.17,0.102,13.7,HARD
2022-07-12,11744.99,,NDX_workbook,502.0,27.29,0.0816,19.6,HARD
2022-07-13,11728.53,,NDX_workbook,498.1,26.82,0.102,19.6,HARD
2022-07-14,11768.4,,NDX_workbook,494.6,26.4,0.1224,13.7,HARD
2022-07-15,11983.62,,NDX_workbook,476.4,24.23,0.1224,13.7,HARD
2022-07-18,11877.5,,NDX_workbook,485.4,25.3,0.1224,7.8,HARD
2022-07-19,12249.42,,NDX_workbook,478.6,24.5,0.1837,19.6,HARD
2022-07-20,12439.68,,NDX_workbook,473.4,23.88,0.1633,19.6,HARD
2022-07-21,12619.41,,NDX_workbook,467.0,23.11,0.2245,25.5,HARD
2022-07-22,12396.47,,NDX_workbook,466.3,23.03,0.2041,25.5,HARD
2022-07-25,12328.41,,NDX_workbook,469.1,23.36,0.2041,25.5,HARD
2022-07-26,12086.9,,NDX_workbook,480.2,24.69,0.1633,25.5,HARD
2022-07-27,12601.47,,NDX_workbook,468.1,23.24,0.2857,25.5,HARD
2022-07-28,12717.87,,NDX_workbook,460.4,22.33,0.3061,19.6,HARD
2022-07-29,12947.97,,NDX_workbook,452.1,21.33,0.3469,19.6,HARD
2022-08-01,12940.78,,NDX_workbook,464.7,22.84,0.3469,25.5,HARD
2022-08-02,12901.6,,NDX_workbook,473.9,23.93,0.3265,25.5,HARD
2022-08-03,13253.26,,NDX_workbook,457.3,21.95,0.3673,25.5,HARD
2022-08-04,13311.04,,NDX_workbook,453.0,21.44,0.3469,25.5,HARD
2022-08-05,13207.69,,NDX_workbook,450.6,21.15,0.3469,25.5,HARD
2022-08-08,13159.16,,NDX_workbook,451.7,21.29,0.3469,25.5,HARD
2022-08-09,13008.17,,NDX_workbook,455.8,21.77,0.3265,25.5,HARD
2022-08-10,13378.32,,NDX_workbook,438.7,19.74,0.449,33.3,HARD
2022-08-11,13291.99,,NDX_workbook,442.6,20.2,0.3878,19.6,HARD
2022-08-12,13565.87,,NDX_workbook,437.0,19.53,0.4286,33.3,HARD
2022-08-15,13667.18,,NDX_workbook,440.5,19.95,0.4898,33.3,HARD
2022-08-16,13635.21,,NDX_workbook,438.3,19.69,0.4898,39.2,HARD
2022-08-17,13470.86,,NDX_workbook,440.1,19.9,0.4694,39.2,HARD
2022-08-18,13505.99,,NDX_workbook,437.2,19.56,0.449,39.2,HARD
2022-08-19,13242.9,,NDX_workbook,445.9,20.6,0.4082,27.5,HARD
2022-08-22,12890.54,,NDX_workbook,472.8,23.8,0.3265,19.6,HARD
2022-08-23,12881.79,,NDX_workbook,475.4,24.11,0.3469,13.7,HARD
2022-08-24,12917.86,,NDX_workbook,464.6,22.82,0.3469,13.7,HARD
2022-08-25,13143.58,,NDX_workbook,455.8,21.78,0.449,21.6,HARD
2022-08-26,12605.17,,NDX_workbook,487.5,25.56,0.2857,7.8,HARD
2022-08-29,12484.32,,NDX_workbook,493.0,26.21,0.2857,7.8,HARD
2022-08-30,12342.7,,NDX_workbook,493.0,26.21,0.2653,7.8,HARD
2022-08-31,12272.03,,NDX_workbook,490.1,25.87,0.2653,7.8,HARD
2022-09-01,12274.62,,NDX_workbook,487.5,25.56,0.2857,7.8,HARD
2022-09-02,12098.44,,NDX_workbook,486.8,25.47,0.2245,7.8,HARD
2022-09-06,12011.31,,NDX_workbook,498.9,26.91,0.2041,7.8,HARD
2022-09-07,12259.39,,NDX_workbook,479.8,24.64,0.3061,13.7,HARD
2022-09-08,12321.19,,NDX_workbook,471.2,23.61,0.3265,13.7,HARD
2022-09-09,12588.29,,NDX_workbook,464.3,22.79,0.3878,13.7,HARD
2022-09-12,12739.72,,NDX_workbook,473.4,23.87,0.449,27.5,HARD
2022-09-13,12033.62,,NDX_workbook,501.9,27.27,0.2653,7.8,HARD
2022-09-14,12134.4,,NDX_workbook,492.6,26.16,0.3061,13.7,HARD
2022-09-15,11927.49,,NDX_workbook,493.5,26.27,0.2449,13.7,HARD
2022-09-16,11861.38,,NDX_workbook,493.7,26.3,0.2245,7.8,HARD
2022-09-19,11953.27,,NDX_workbook,489.2,25.76,0.2653,7.8,HARD
2022-09-20,11851.54,,NDX_workbook,501.0,27.16,0.2449,7.8,HARD
2022-09-21,11637.79,,NDX_workbook,507.9,27.99,0.2449,7.8,HARD
2022-09-22,11501.65,,NDX_workbook,502.6,27.35,0.1837,7.8,HARD
2022-09-23,11311.24,,NDX_workbook,524.1,29.92,0.1837,7.8,HARD
2022-09-26,11254.11,,NDX_workbook,543.7,32.26,0.1837,7.8,HARD
2022-09-27,11271.75,,NDX_workbook,546.6,32.6,0.1429,7.8,HARD
2022-09-28,11493.83,,NDX_workbook,526.3,30.18,0.1837,7.8,HARD
2022-09-29,11164.78,,NDX_workbook,540.2,31.84,0.1633,7.8,HARD
2022-09-30,10971.22,,NDX_workbook,538.4,31.62,0.1224,7.8,HARD
2022-10-03,11229.73,,NDX_workbook,525.6,30.1,0.1633,7.8,HARD
2022-10-04,11582.54,,NDX_workbook,517.0,29.07,0.2245,7.8,HARD
2022-10-05,11573.18,,NDX_workbook,512.6,28.55,0.2245,13.7,HARD
2022-10-06,11485.5,,NDX_workbook,529.1,30.52,0.2245,13.7,HARD
2022-10-07,11039.47,,NDX_workbook,536.2,31.36,0.1837,7.8,HARD
2022-10-10,10926.97,,NDX_workbook,545.3,32.45,0.1837,13.7,HARD
2022-10-11,10791.35,,NDX_workbook,555.2,33.63,0.1633,7.8,HARD
2022-10-12,10785.62,,NDX_workbook,554.7,33.57,0.1837,7.8,HARD
2022-10-13,11033.58,,NDX_workbook,541.0,31.94,0.1837,7.8,HARD
2022-10-14,10692.06,,NDX_workbook,541.7,32.02,0.1837,7.8,HARD
2022-10-17,11062.53,,NDX_workbook,536.3,31.37,0.1837,7.8,HARD
2022-10-18,11147.74,,NDX_workbook,529.0,30.5,0.2041,7.8,HARD
2022-10-19,11103.38,,NDX_workbook,531.2,30.76,0.2041,13.7,HARD
2022-10-20,11046.71,,NDX_workbook,524.6,29.98,0.1837,13.7,HARD
2022-10-21,11310.33,,NDX_workbook,522.2,29.69,0.2245,19.6,HARD
2022-10-24,11430.26,,NDX_workbook,523.5,29.85,0.2245,19.6,HARD
2022-10-25,11669.99,,NDX_workbook,511.9,28.46,0.2653,19.6,HARD
2022-10-26,11405.9,,NDX_workbook,502.0,27.28,0.2857,13.7,HARD
2022-10-27,11191.63,,NDX_workbook,502.9,27.39,0.2857,19.6,HARD
2022-10-28,11546.21,,NDX_workbook,489.1,25.75,0.3265,19.6,HARD
2022-10-31,11405.57,,NDX_workbook,490.2,25.88,0.3061,19.6,HARD
2022-11-01,11288.95,,NDX_workbook,489.6,25.81,0.3265,13.7,HARD
2022-11-02,10906.34,,NDX_workbook,490.1,25.86,0.2653,7.8,HARD
2022-11-03,10690.6,,NDX_workbook,485.4,25.3,0.2653,7.8,HARD
2022-11-04,10857.03,,NDX_workbook,479.1,24.55,0.2857,13.7,HARD
2022-11-07,10977.0,,NDX_workbook,477.4,24.35,0.3061,13.7,HARD
2022-11-08,11059.5,,NDX_workbook,487.4,25.54,0.3469,7.8,HARD
2022-11-09,10797.55,,NDX_workbook,492.0,26.09,0.2653,7.8,HARD
2022-11-10,11605.96,,NDX_workbook,470.5,23.53,0.5102,21.6,HARD
2022-11-11,11817.01,,NDX_workbook,462.0,22.52,0.5714,27.5,HARD
2022-11-14,11700.94,,NDX_workbook,472.2,23.73,0.5306,33.3,HARD
2022-11-15,11871.15,,NDX_workbook,479.0,24.54,0.5714,33.3,HARD
2022-11-16,11699.09,,NDX_workbook,475.4,24.11,0.4898,33.3,HARD
2022-11-17,11676.86,,NDX_workbook,473.9,23.93,0.5102,33.3,HARD
2022-11-18,11677.02,,NDX_workbook,467.1,23.12,0.5306,33.3,HARD
2022-11-21,11553.45,,NDX_workbook,460.7,22.36,0.5306,33.3,HARD
2022-11-22,11724.84,,NDX_workbook,451.7,21.29,0.6122,35.3,HARD
2022-11-23,11838.72,,NDX_workbook,443.8,20.35,0.6327,35.3,HARD
2022-11-25,11756.03,,NDX_workbook,445.1,20.5,0.6327,35.3,HARD
2022-11-28,11587.75,,NDX_workbook,459.4,22.21,0.5306,27.5,HARD
2022-11-29,11503.45,,NDX_workbook,456.8,21.89,0.551,27.5,HARD
2022-11-30,12030.06,,NDX_workbook,445.8,20.58,0.6735,35.3,HARD
2022-12-01,12041.89,,NDX_workbook,439.6,19.84,0.6735,41.2,UNCERTAIN
2022-12-02,11994.26,,NDX_workbook,433.0,19.06,0.6327,41.2,UNCERTAIN
2022-12-05,11786.8,,NDX_workbook,447.2,20.75,0.551,27.5,HARD
2022-12-06,11549.69,,NDX_workbook,459.1,22.17,0.5306,27.5,HARD
2022-12-07,11497.39,,NDX_workbook,463.4,22.68,0.4898,27.5,HARD
2022-12-08,11637.5,,NDX_workbook,460.1,22.29,0.5714,21.6,HARD
2022-12-09,11563.33,,NDX_workbook,464.6,22.83,0.5714,21.6,HARD
2022-12-12,11706.44,,NDX_workbook,482.8,25.0,0.6531,29.4,HARD
2022-12-13,11834.21,,NDX_workbook,462.3,22.55,0.6735,29.4,HARD
2022-12-14,11740.92,,NDX_workbook,450.5,21.14,0.6531,29.4,HARD
2022-12-15,11345.22,,NDX_workbook,464.6,22.83,0.5306,21.6,HARD
2022-12-16,11243.72,,NDX_workbook,462.9,22.62,0.5102,27.5,HARD
2022-12-19,11084.59,,NDX_workbook,461.2,22.42,0.4898,21.6,HARD
2022-12-20,11072.42,,NDX_workbook,453.3,21.48,0.4694,21.6,HARD
2022-12-21,11235.88,,NDX_workbook,441.5,20.07,0.5306,21.6,HARD
2022-12-22,10956.14,,NDX_workbook,457.4,21.97,0.449,21.6,HARD
2022-12-23,10985.45,,NDX_workbook,448.2,20.87,0.4694,21.6,HARD
2022-12-27,10822.51,,NDX_workbook,454.7,21.65,0.4694,21.6,HARD
2022-12-28,10679.34,,NDX_workbook,458.9,22.14,0.4082,21.6,HARD
2022-12-29,10951.05,,NDX_workbook,453.0,21.44,0.4898,21.6,HARD
2022-12-30,10939.76,,NDX_workbook,454.9,21.67,0.449,21.6,HARD
2023-01-03,10862.64,,NDX_workbook,465.2,22.9,0.449,21.6,HARD
2023-01-04,10914.8,,NDX_workbook,457.8,22.01,0.4898,21.6,HARD
2023-01-05,10741.22,,NDX_workbook,461.5,22.46,0.449,27.5,HARD
2023-01-06,11040.35,,NDX_workbook,450.4,21.13,0.551,27.5,HARD
2023-01-09,11108.45,,NDX_workbook,457.4,21.97,0.5918,27.5,HARD
2023-01-10,11205.78,,NDX_workbook,445.8,20.58,0.6327,35.3,HARD
2023-01-11,11402.52,,NDX_workbook,450.0,21.09,0.6531,41.2,UNCERTAIN
2023-01-12,11459.61,,NDX_workbook,431.1,18.83,0.6531,47.1,UNCERTAIN
2023-01-13,11541.48,,NDX_workbook,427.1,18.35,0.6531,47.1,UNCERTAIN
2023-01-17,11557.19,,NDX_workbook,435.5,19.36,0.6531,47.1,UNCERTAIN
2023-01-18,11410.29,,NDX_workbook,443.8,20.34,0.6531,41.2,UNCERTAIN
2023-01-19,11295.67,,NDX_workbook,445.3,20.52,0.6327,41.2,UNCERTAIN
2023-01-20,11619.03,,NDX_workbook,439.6,19.85,0.6327,47.1,UNCERTAIN
2023-01-23,11872.54,,NDX_workbook,439.3,19.81,0.6735,49.0,UNCERTAIN
2023-01-24,11846.64,,NDX_workbook,434.2,19.2,0.6735,49.0,UNCERTAIN
2023-01-25,11814.69,,NDX_workbook,433.2,19.08,0.6531,49.0,UNCERTAIN
2023-01-26,12051.48,,NDX_workbook,430.3,18.73,0.6735,62.7,UNCERTAIN
2023-01-27,12166.6,,NDX_workbook,428.4,18.51,0.6939,62.7,UNCERTAIN
2023-01-30,11912.39,,NDX_workbook,440.4,19.94,0.6939,49.0,UNCERTAIN
2023-01-31,12101.93,,NDX_workbook,435.9,19.4,0.6939,62.7,UNCERTAIN
2023-02-01,12363.1,,NDX_workbook,423.0,17.87,0.7551,62.7,UNCERTAIN
2023-02-02,12803.14,,NDX_workbook,430.3,18.73,0.8776,62.7,UNCERTAIN
2023-02-03,12573.36,,NDX_workbook,426.9,18.33,0.7959,62.7,UNCERTAIN
2023-02-06,12464.51,,NDX_workbook,436.1,19.43,0.8163,62.7,UNCERTAIN
2023-02-07,12728.27,,NDX_workbook,429.7,18.66,0.8367,62.7,UNCERTAIN
2023-02-08,12495.38,,NDX_workbook,437.8,19.63,0.8163,62.7,UNCERTAIN
2023-02-09,12381.17,,NDX_workbook,446.9,20.71,0.8367,56.9,UNCERTAIN
2023-02-10,12304.92,,NDX_workbook,445.4,20.53,0.8367,51.0,UNCERTAIN
2023-02-13,12502.31,,NDX_workbook,443.8,20.34,0.8367,51.0,UNCERTAIN
2023-02-14,12590.89,,NDX_workbook,431.8,18.91,0.8367,51.0,UNCERTAIN
2023-02-15,12687.89,,NDX_workbook,426.1,18.23,0.8367,51.0,UNCERTAIN
2023-02-16,12442.48,,NDX_workbook,442.3,20.17,0.8367,51.0,UNCERTAIN
2023-02-17,12358.18,,NDX_workbook,441.1,20.02,0.7755,51.0,UNCERTAIN
2023-02-21,12060.3,,NDX_workbook,465.0,22.87,0.7143,51.0,UNCERTAIN
2023-02-22,12066.27,,NDX_workbook,460.1,22.29,0.7143,45.1,UNCERTAIN
2023-02-23,12180.14,,NDX_workbook,450.5,21.14,0.7551,45.1,UNCERTAIN
2023-02-24,11969.65,,NDX_workbook,454.9,21.67,0.6531,45.1,UNCERTAIN
2023-02-27,12057.79,,NDX_workbook,448.9,20.95,0.6939,45.1,UNCERTAIN
2023-02-28,12042.12,,NDX_workbook,446.8,20.7,0.6122,47.1,UNCERTAIN
2023-03-01,11938.57,,NDX_workbook,445.8,20.58,0.5918,39.2,HARD
2023-03-02,12044.87,,NDX_workbook,437.5,19.59,0.6531,52.9,UNCERTAIN
2023-03-03,12290.81,,NDX_workbook,428.2,18.49,0.7347,58.8,UNCERTAIN
2023-03-06,12302.48,,NDX_workbook,429.2,18.61,0.7143,58.8,UNCERTAIN
2023-03-07,12152.17,,NDX_workbook,437.5,19.59,0.6939,58.8,UNCERTAIN
2023-03-08,12215.33,,NDX_workbook,433.4,19.11,0.6939,58.8,UNCERTAIN
2023-03-09,11995.88,,NDX_workbook,462.8,22.61,0.6122,52.9,UNCERTAIN
2023-03-10,11830.28,,NDX_workbook,481.2,24.8,0.6122,45.1,UNCERTAIN
2023-03-13,11923.17,,NDX_workbook,495.6,26.52,0.6327,41.2,UNCERTAIN
2023-03-14,12199.79,,NDX_workbook,472.2,23.73,0.6735,47.1,UNCERTAIN
2023-03-15,12251.32,,NDX_workbook,492.4,26.14,0.6735,41.2,UNCERTAIN
2023-03-16,12581.39,,NDX_workbook,466.0,22.99,0.6939,54.9,UNCERTAIN
2023-03-17,12519.88,,NDX_workbook,487.1,25.51,0.7347,49.0,UNCERTAIN
2023-03-20,12562.61,,NDX_workbook,475.7,24.15,0.7551,60.8,UNCERTAIN
2023-03-21,12741.44,,NDX_workbook,452.5,21.38,0.7959,60.8,UNCERTAIN
2023-03-22,12567.15,,NDX_workbook,459.9,22.26,0.7959,60.8,UNCERTAIN
2023-03-23,12729.23,,NDX_workbook,462.8,22.61,0.7755,60.8,UNCERTAIN
2023-03-24,12767.05,,NDX_workbook,455.5,21.74,0.7755,60.8,UNCERTAIN
2023-03-27,12673.07,,NDX_workbook,445.9,20.6,0.7959,60.8,UNCERTAIN
2023-03-28,12610.57,,NDX_workbook,440.7,19.97,0.7551,60.8,UNCERTAIN
2023-03-29,12846.03,,NDX_workbook,433.5,19.12,0.8163,60.8,UNCERTAIN
2023-03-30,12963.14,,NDX_workbook,432.7,19.02,0.7959,68.6,UNCERTAIN
2023-03-31,13181.35,,NDX_workbook,430.0,18.7,0.8367,68.6,UNCERTAIN
2023-04-03,13148.35,,NDX_workbook,428.7,18.55,0.8367,68.6,UNCERTAIN
2023-04-04,13100.08,,NDX_workbook,432.5,19.0,0.8367,74.5,EASY
2023-04-05,12967.2,,NDX_workbook,433.2,19.08,0.8367,74.5,EASY
2023-04-06,13062.6,,NDX_workbook,427.5,18.4,0.8367,74.5,EASY
2023-04-10,13051.23,,NDX_workbook,432.3,18.97,0.8367,68.6,UNCERTAIN
2023-04-11,12964.15,,NDX_workbook,433.4,19.1,0.8571,68.6,UNCERTAIN
2023-04-12,12848.35,,NDX_workbook,433.3,19.09,0.8367,68.6,UNCERTAIN
2023-04-13,13109.39,,NDX_workbook,422.5,17.8,0.8776,68.6,UNCERTAIN
2023-04-14,13079.52,,NDX_workbook,416.3,17.07,0.8571,62.7,UNCERTAIN
2023-04-17,13087.71,,NDX_workbook,415.3,16.95,0.8776,68.6,UNCERTAIN
2023-04-18,13091.79,,NDX_workbook,414.3,16.83,0.8367,68.6,UNCERTAIN
2023-04-19,13088.71,,NDX_workbook,411.2,16.46,0.8571,68.6,UNCERTAIN
2023-04-20,12985.98,,NDX_workbook,417.2,17.17,0.898,68.6,UNCERTAIN
2023-04-21,13000.77,,NDX_workbook,413.8,16.77,0.898,76.5,EASY
2023-04-24,12969.76,,NDX_workbook,414.8,16.89,0.898,76.5,EASY
2023-04-25,12725.11,,NDX_workbook,430.5,18.76,0.8163,62.7,UNCERTAIN
2023-04-26,12806.48,,NDX_workbook,431.2,18.84,0.7143,62.7,UNCERTAIN
2023-04-27,13160.03,,NDX_workbook,416.0,17.03,0.8571,70.6,EASY
2023-04-28,13245.99,,NDX_workbook,405.5,15.78,0.8367,76.5,EASY
2023-05-01,13231.47,,NDX_workbook,408.0,16.08,0.7959,76.5,EASY
2023-05-02,13113.66,,NDX_workbook,422.3,17.78,0.8163,76.5,EASY
2023-05-03,13030.21,,NDX_workbook,427.0,18.34,0.7551,76.5,EASY
2023-05-04,12982.48,,NDX_workbook,441.7,20.09,0.7551,70.6,EASY
2023-05-05,13259.13,,NDX_workbook,417.3,17.19,0.7959,76.5,EASY
2023-05-08,13291.64,,NDX_workbook,415.6,16.98,0.8367,76.5,EASY
2023-05-09,13201.11,,NDX_workbook,421.7,17.71,0.8163,76.5,EASY
2023-05-10,13347.83,,NDX_workbook,415.2,16.94,0.8163,76.5,EASY
2023-05-11,13389.78,,NDX_workbook,415.2,16.93,0.7755,76.5,EASY
2023-05-12,13340.18,,NDX_workbook,416.0,17.03,0.7959,76.5,EASY
2023-05-15,13413.51,,NDX_workbook,416.7,17.12,0.8367,76.5,EASY
2023-05-16,13426.01,,NDX_workbook,424.0,17.99,0.7551,76.5,EASY
2023-05-17,13589.26,,NDX_workbook,414.7,16.87,0.7959,76.5,EASY
2023-05-18,13834.62,,NDX_workbook,407.8,16.05,0.8776,76.5,EASY
2023-05-19,13803.49,,NDX_workbook,414.1,16.81,0.8571,82.4,EASY
2023-05-22,13849.74,,NDX_workbook,417.5,17.21,0.8367,82.4,EASY
2023-05-23,13672.54,,NDX_workbook,428.6,18.53,0.7959,82.4,EASY
2023-05-24,13604.48,,NDX_workbook,441.2,20.03,0.7551,76.5,EASY
2023-05-25,13938.53,,NDX_workbook,433.7,19.14,0.7551,76.5,EASY
2023-05-26,14298.41,,NDX_workbook,423.7,17.95,0.8163,76.5,EASY
2023-05-30,14354.99,,NDX_workbook,419.6,17.46,0.8163,76.5,EASY
2023-05-31,14254.09,,NDX_workbook,423.6,17.94,0.8163,82.4,EASY
2023-06-01,14441.51,,NDX_workbook,404.4,15.65,0.7959,82.4,EASY
2023-06-02,14546.64,,NDX_workbook,395.6,14.6,0.898,82.4,EASY
2023-06-05,14556.5,,NDX_workbook,396.7,14.73,0.898,82.4,EASY
2023-06-06,14558.09,,NDX_workbook,390.2,13.96,0.8776,82.4,EASY
2023-06-07,14303.29,,NDX_workbook,390.1,13.94,0.8163,82.4,EASY
2023-06-08,14484.54,,NDX_workbook,387.6,13.65,0.898,76.5,EASY
2023-06-09,14528.36,,NDX_workbook,389.2,13.83,0.898,76.5,EASY
2023-06-12,14784.3,,NDX_workbook,399.1,15.01,0.9388,76.5,EASY
2023-06-13,14900.85,,NDX_workbook,395.7,14.61,0.9388,76.5,EASY
2023-06-14,15005.69,,NDX_workbook,389.6,13.88,0.9184,76.5,EASY
2023-06-15,15185.48,,NDX_workbook,394.8,14.5,0.9388,82.4,EASY
2023-06-16,15083.92,,NDX_workbook,386.7,13.54,0.9388,82.4,EASY
2023-06-20,15070.15,,NDX_workbook,389.6,13.88,0.9184,82.4,EASY
2023-06-21,14867.45,,NDX_workbook,383.9,13.2,0.898,82.4,EASY
2023-06-22,15042.32,,NDX_workbook,381.4,12.91,0.898,82.4,EASY
2023-06-23,14891.48,,NDX_workbook,385.9,13.44,0.8367,76.5,EASY
2023-06-26,14689.02,,NDX_workbook,392.7,14.25,0.8367,76.5,EASY
2023-06-27,14945.91,,NDX_workbook,388.4,13.74,0.8571,70.6,EASY
2023-06-28,14964.57,,NDX_workbook,385.8,13.43,0.8367,70.6,EASY
2023-06-29,14939.95,,NDX_workbook,386.7,13.54,0.8571,70.6,EASY
2023-06-30,15179.21,,NDX_workbook,387.1,13.59,0.8571,76.5,EASY
2023-07-03,15208.69,,NDX_workbook,387.0,13.57,0.8571,76.5,EASY
2023-07-05,15203.78,,NDX_workbook,392.1,14.18,0.8571,76.5,EASY
2023-07-06,15089.45,,NDX_workbook,402.7,15.44,0.8571,76.5,EASY
2023-07-07,15036.85,,NDX_workbook,397.5,14.83,0.8571,76.5,EASY
2023-07-10,15045.64,,NDX_workbook,399.6,15.07,0.8571,76.5,EASY
2023-07-11,15119.06,,NDX_workbook,405.0,14.84,0.8776,76.5,EASY
2023-07-12,15307.23,,NDX_workbook,395.0,13.54,0.898,76.5,EASY
2023-07-13,15571.98,,NDX_workbook,397.0,13.61,0.9184,76.5,EASY
2023-07-14,15565.6,,NDX_workbook,390.0,13.34,0.9184,76.5,EASY
2023-07-17,15713.28,,NDX_workbook,397.0,13.48,0.9184,82.4,EASY
2023-07-18,15841.35,,NDX_workbook,390.0,13.3,0.9184,82.4,EASY
2023-07-19,15826.35,,NDX_workbook,389.0,13.76,0.9184,82.4,EASY
2023-07-20,15466.09,,NDX_workbook,390.0,13.99,0.9388,76.5,EASY
2023-07-21,15425.67,,NDX_workbook,389.0,13.6,0.9388,82.4,EASY
2023-07-24,15448.02,,NDX_workbook,382.0,13.91,0.9184,76.5,EASY
2023-07-25,15561.42,,NDX_workbook,384.0,13.86,0.9184,76.5,EASY
2023-07-26,15499.26,,NDX_workbook,391.0,13.19,0.9184,70.6,EASY
2023-07-27,15464.93,,NDX_workbook,378.0,14.41,0.898,75.5,EASY
2023-07-28,15750.93,,NDX_workbook,382.0,13.33,0.898,75.5,EASY
2023-07-31,15757.0,,NDX_workbook,379.0,13.63,0.898,81.4,EASY
2023-08-01,15718.01,,NDX_workbook,382.0,13.93,0.898,81.4,EASY
2023-08-02,15370.74,,NDX_workbook,396.0,16.09,0.898,81.4,EASY
2023-08-03,15353.54,,NDX_workbook,398.0,15.92,0.9184,81.4,EASY
2023-08-04,15274.92,,NDX_workbook,401.0,17.1,0.8776,81.4,EASY
2023-08-07,15407.85,,NDX_workbook,397.0,15.77,0.9184,75.5,EASY
2023-08-08,15273.05,,NDX_workbook,400.0,15.99,0.8776,75.5,EASY
2023-08-09,15101.71,,NDX_workbook,394.0,15.96,0.8571,75.5,EASY
2023-08-10,15128.84,,NDX_workbook,383.0,15.85,0.8571,75.5,EASY
2023-08-11,15028.07,,NDX_workbook,383.0,14.84,0.8571,75.5,EASY
2023-08-14,15205.59,,NDX_workbook,379.0,14.82,0.8571,75.5,EASY
2023-08-15,15037.65,,NDX_workbook,385.0,16.46,0.8367,75.5,EASY
2023-08-16,14876.47,,NDX_workbook,381.0,16.78,0.8163,67.6,UNCERTAIN
2023-08-17,14715.81,,NDX_workbook,395.0,17.89,0.7959,67.6,UNCERTAIN
2023-08-18,14694.84,,NDX_workbook,402.0,17.3,0.7959,67.6,UNCERTAIN
2023-08-21,14936.69,,NDX_workbook,397.0,17.13,0.7959,75.5,EASY
2023-08-22,14908.96,,NDX_workbook,393.0,16.97,0.7959,75.5,EASY
2023-08-23,15148.06,,NDX_workbook,392.0,15.98,0.7959,75.5,EASY
2023-08-24,14816.44,,NDX_workbook,391.0,17.2,0.7755,73.5,EASY
2023-08-25,14941.83,,NDX_workbook,390.0,15.68,0.7959,81.4,EASY
2023-08-28,15052.46,,NDX_workbook,386.0,15.08,0.8163,81.4,EASY
2023-08-29,15376.55,,NDX_workbook,387.0,14.45,0.8367,81.4,EASY
2023-08-30,15462.43,,NDX_workbook,380.0,13.88,0.8367,81.4,EASY
2023-08-31,15501.07,,NDX_workbook,385.0,13.57,0.8163,87.3,EASY
2023-09-01,15490.86,,NDX_workbook,381.0,13.09,0.8163,87.3,EASY
2023-09-05,15508.24,,NDX_workbook,383.0,14.01,0.8163,87.3,EASY
2023-09-06,15371.44,,NDX_workbook,386.0,14.45,0.8163,87.3,EASY
2023-09-07,15258.52,,NDX_workbook,390.0,14.4,0.7755,81.4,EASY
2023-09-08,15280.23,,NDX_workbook,385.0,13.84,0.7755,81.4,EASY
2023-09-11,15461.87,,NDX_workbook,382.0,13.8,0.7755,81.4,EASY
2023-09-12,15289.74,,NDX_workbook,384.0,14.23,0.7755,75.5,EASY
2023-09-13,15348.53,,NDX_workbook,385.0,13.48,0.7959,75.5,EASY
2023-09-14,15473.89,,NDX_workbook,378.0,12.82,0.8163,81.4,EASY
2023-09-15,15202.4,,NDX_workbook,379.0,13.79,0.8163,81.4,EASY
2023-09-18,15225.37,,NDX_workbook,382.0,14.0,0.7959,81.4,EASY
2023-09-19,15191.23,,NDX_workbook,382.0,14.11,0.7959,81.4,EASY
2023-09-20,14969.92,,NDX_workbook,377.0,15.14,0.8163,75.5,EASY
2023-09-21,14694.24,,NDX_workbook,389.0,17.54,0.7347,67.6,UNCERTAIN
2023-09-22,14701.1,,NDX_workbook,393.0,17.2,0.7755,67.6,UNCERTAIN
2023-09-25,14768.9,,NDX_workbook,397.0,16.9,0.7551,67.6,UNCERTAIN
2023-09-26,14545.83,,NDX_workbook,404.0,18.94,0.7347,67.6,UNCERTAIN
2023-09-27,14580.16,,NDX_workbook,403.0,18.22,0.7551,67.6,UNCERTAIN
2023-09-28,14702.77,,NDX_workbook,409.0,17.34,0.7755,67.6,UNCERTAIN
2023-09-29,14715.24,,NDX_workbook,403.0,17.52,0.7755,67.6,UNCERTAIN
2023-10-02,14837.57,,NDX_workbook,411.0,17.61,0.7755,67.6,UNCERTAIN
2023-10-03,14565.62,,NDX_workbook,426.0,19.78,0.7551,73.5,EASY
2023-10-04,14776.25,,NDX_workbook,437.0,18.58,0.7755,73.5,EASY
2023-10-05,14723.22,,NDX_workbook,438.0,18.49,0.7755,73.5,EASY
2023-10-06,14973.24,,NDX_workbook,433.0,17.45,0.7755,81.4,EASY
2023-10-09,15047.15,,NDX_workbook,434.0,17.7,0.7755,81.4,EASY
2023-10-10,15131.52,,NDX_workbook,426.0,17.03,0.8163,81.4,EASY
2023-10-11,15241.12,,NDX_workbook,425.0,16.09,0.7755,87.3,EASY
2023-10-12,15184.1,,NDX_workbook,425.0,16.69,0.7755,87.3,EASY
2023-10-13,14995.12,,NDX_workbook,430.0,19.32,0.7551,87.3,EASY
2023-10-16,15172.73,,NDX_workbook,427.0,17.21,0.7959,87.3,EASY
2023-10-17,15122.01,,NDX_workbook,425.0,17.88,0.7959,81.4,EASY
2023-10-18,14909.26,,NDX_workbook,432.0,19.22,0.7347,81.4,EASY
2023-10-19,14783.13,,NDX_workbook,437.0,21.4,0.7551,61.8,UNCERTAIN
2023-10-20,14560.88,,NDX_workbook,452.0,21.71,0.6939,53.9,UNCERTAIN
2023-10-23,14604.85,,NDX_workbook,451.0,20.37,0.6735,53.9,UNCERTAIN
2023-10-24,14745.86,,NDX_workbook,441.0,18.97,0.6939,67.6,UNCERTAIN
2023-10-25,14381.64,,NDX_workbook,437.0,20.19,0.6327,61.8,UNCERTAIN
2023-10-26,14109.57,,NDX_workbook,450.0,20.68,0.6327,61.8,UNCERTAIN
2023-10-27,14180.42,,NDX_workbook,453.0,21.27,0.5714,46.1,UNCERTAIN
2023-10-30,14335.51,,NDX_workbook,450.0,19.75,0.6122,67.6,UNCERTAIN
2023-10-31,14409.78,,NDX_workbook,442.0,18.14,0.6939,67.6,UNCERTAIN
2023-11-01,14664.91,,NDX_workbook,447.0,16.87,0.7143,67.6,UNCERTAIN
2023-11-02,14919.55,,NDX_workbook,415.0,15.66,0.7347,81.4,EASY
2023-11-03,15099.49,,NDX_workbook,404.0,14.91,0.7755,81.4,EASY
2023-11-06,15154.93,,NDX_workbook,400.0,14.89,0.7551,87.3,EASY
2023-11-07,15296.02,,NDX_workbook,408.0,14.81,0.7755,87.3,EASY
2023-11-08,15313.24,,NDX_workbook,408.0,14.45,0.7755,87.3,EASY
2023-11-09,15187.9,,NDX_workbook,404.0,15.29,0.7551,87.3,EASY
2023-11-10,15529.12,,NDX_workbook,403.0,14.17,0.7959,87.3,EASY
2023-11-13,15482.79,,NDX_workbook,403.0,14.76,0.7959,87.3,EASY
2023-11-14,15812.47,,NDX_workbook,392.0,14.16,0.8776,87.3,EASY
2023-11-15,15817.18,,NDX_workbook,389.0,14.18,0.8571,87.3,EASY
2023-11-16,15833.17,,NDX_workbook,402.0,14.32,0.8571,87.3,EASY
2023-11-17,15837.99,,NDX_workbook,399.0,13.8,0.898,87.3,EASY
2023-11-20,16027.06,,NDX_workbook,392.0,13.41,0.898,87.3,EASY
2023-11-21,15933.62,,NDX_workbook,395.0,13.35,0.8776,87.3,EASY
2023-11-22,16001.39,,NDX_workbook,390.0,12.85,0.898,87.3,EASY
2023-11-24,15982.01,,NDX_workbook,385.0,12.46,0.898,81.4,EASY
2023-11-27,15961.98,,NDX_workbook,389.0,12.69,0.898,81.4,EASY
2023-11-28,16010.43,,NDX_workbook,390.0,12.69,0.898,81.4,EASY
2023-11-29,15987.6,,NDX_workbook,380.0,12.98,0.898,81.4,EASY
2023-11-30,15947.87,,NDX_workbook,384.0,12.92,0.8776,81.4,EASY
2023-12-01,15997.58,,NDX_workbook,387.0,12.63,0.898,81.4,EASY
2023-12-04,15839.67,,NDX_workbook,380.0,13.08,0.898,81.4,EASY
2023-12-05,15877.71,,NDX_workbook,380.0,12.85,0.898,81.4,EASY
2023-12-06,15788.05,,NDX_workbook,379.0,12.97,0.898,75.5,EASY
2023-12-07,16022.49,,NDX_workbook,377.0,13.06,0.898,81.4,EASY
2023-12-08,16084.69,,NDX_workbook,375.0,12.35,0.898,81.4,EASY
2023-12-11,16221.73,,NDX_workbook,379.0,12.63,0.898,81.4,EASY
2023-12-12,16354.25,,NDX_workbook,376.0,12.07,0.898,81.4,EASY
2023-12-13,16562.37,,NDX_workbook,379.0,12.19,0.9184,87.3,EASY
2023-12-14,16537.83,,NDX_workbook,347.0,12.48,0.9388,95.1,EASY
2023-12-15,16623.45,,NDX_workbook,351.0,12.28,0.9388,87.3,EASY
2023-12-18,16729.8,,NDX_workbook,351.0,12.56,0.9388,87.3,EASY
2023-12-19,16811.85,,NDX_workbook,346.0,12.53,0.9388,95.1,EASY
2023-12-20,16554.16,,NDX_workbook,343.0,13.67,0.9184,95.1,EASY
2023-12-21,16757.41,,NDX_workbook,341.0,13.65,0.9184,95.1,EASY
2023-12-22,16777.4,,NDX_workbook,339.0,13.03,0.9184,89.2,EASY
2023-12-26,16878.46,,NDX_workbook,337.0,12.99,0.9184,89.2,EASY
2023-12-27,16906.8,,NDX_workbook,334.0,12.43,0.9184,89.2,EASY
2023-12-28,16898.47,,NDX_workbook,332.0,12.47,0.9184,89.2,EASY
2023-12-29,16825.93,,NDX_workbook,334.0,12.45,0.9184,89.2,EASY
2024-01-02,16543.94,,NDX_workbook,354.0,13.2,0.9388,81.4,EASY
2024-01-03,16368.49,,NDX_workbook,371.0,14.04,0.9388,81.4,EASY
2024-01-04,16282.01,,NDX_workbook,369.0,14.13,0.9184,75.5,EASY
2024-01-05,16305.98,,NDX_workbook,368.0,13.35,0.9184,75.5,EASY
2024-01-08,16649.87,,NDX_workbook,363.0,13.08,0.9184,75.5,EASY
2024-01-09,16678.7,,NDX_workbook,359.0,12.76,0.9184,75.5,EASY
2024-01-10,16793.05,,NDX_workbook,350.0,12.69,0.9388,75.5,EASY
2024-01-11,16820.9,,NDX_workbook,355.0,12.44,0.898,81.4,EASY
2024-01-12,16832.92,,NDX_workbook,356.0,12.7,0.9184,81.4,EASY
2024-01-16,16830.71,,NDX_workbook,358.0,13.84,0.8776,87.3,EASY
2024-01-17,16736.28,,NDX_workbook,362.0,14.79,0.8776,87.3,EASY
2024-01-18,16982.29,,NDX_workbook,358.0,14.13,0.9184,81.4,EASY
2024-01-19,17314.0,,NDX_workbook,354.0,13.3,0.9184,81.4,EASY
2024-01-22,17330.38,,NDX_workbook,349.0,13.19,0.9184,89.2,EASY
2024-01-23,17404.21,,NDX_workbook,351.0,12.55,0.9184,87.3,EASY
2024-01-24,17499.3,,NDX_workbook,344.0,13.14,0.9184,95.1,EASY
2024-01-25,17516.99,,NDX_workbook,345.0,13.45,0.9184,95.1,EASY
2024-01-26,17421.01,,NDX_workbook,339.0,13.26,0.9184,95.1,EASY
2024-01-29,17596.27,,NDX_workbook,341.0,13.6,0.9184,95.1,EASY
2024-01-30,17476.71,,NDX_workbook,342.0,13.31,0.898,95.1,EASY
2024-01-31,17137.24,,NDX_workbook,359.0,14.35,0.8776,81.4,EASY
2024-02-01,17344.71,,NDX_workbook,356.0,13.88,0.8776,81.4,EASY
2024-02-02,17642.73,,NDX_workbook,347.0,13.85,0.8571,89.2,EASY
2024-02-05,17613.04,,NDX_workbook,350.0,13.67,0.8367,81.4,EASY
2024-02-06,17572.73,,NDX_workbook,352.0,13.06,0.8571,81.4,EASY
2024-02-07,17755.07,,NDX_workbook,343.0,12.83,0.8571,89.2,EASY
2024-02-08,17783.17,,NDX_workbook,338.0,12.79,0.8163,89.2,EASY
2024-02-09,17962.41,,NDX_workbook,333.0,12.93,0.8776,89.2,EASY
2024-02-12,17882.66,,NDX_workbook,335.0,13.93,0.8571,89.2,EASY
2024-02-13,17600.42,,NDX_workbook,336.0,15.85,0.8367,89.2,EASY
2024-02-14,17807.63,,NDX_workbook,338.0,14.38,0.8367,89.2,EASY
2024-02-15,17845.72,,NDX_workbook,335.0,14.01,0.8571,89.2,EASY
2024-02-16,17685.98,,NDX_workbook,334.0,14.24,0.8367,89.2,EASY
2024-02-20,17546.1,,NDX_workbook,337.0,15.42,0.8571,89.2,EASY
2024-02-21,17478.91,,NDX_workbook,334.0,15.34,0.8571,83.3,EASY
2024-02-22,18004.7,,NDX_workbook,322.0,14.54,0.8776,89.2,EASY
2024-02-23,17937.61,,NDX_workbook,323.0,13.75,0.8571,89.2,EASY
2024-02-26,17933.33,,NDX_workbook,323.0,13.74,0.8571,89.2,EASY
2024-02-27,17971.05,,NDX_workbook,326.0,13.43,0.8571,89.2,EASY
2024-02-28,17874.5,,NDX_workbook,331.0,13.84,0.8571,89.2,EASY
2024-02-29,18043.85,,NDX_workbook,329.0,13.4,0.8776,89.2,EASY
2024-03-01,18302.91,,NDX_workbook,332.0,13.11,0.8776,89.2,EASY
2024-03-04,18226.48,,NDX_workbook,326.0,13.49,0.8571,89.2,EASY
2024-03-05,17897.87,,NDX_workbook,331.0,14.46,0.8163,89.2,EASY
2024-03-06,18017.57,,NDX_workbook,327.0,14.5,0.7959,89.2,EASY
2024-03-07,18297.99,,NDX_workbook,327.0,14.44,0.8571,89.2,EASY
2024-03-08,18018.45,,NDX_workbook,326.0,14.74,0.8571,89.2,EASY
2024-03-11,17951.69,,NDX_workbook,326.0,15.22,0.8776,89.2,EASY
2024-03-12,18219.11,,NDX_workbook,320.0,13.84,0.8776,89.2,EASY
2024-03-13,18068.47,,NDX_workbook,315.0,13.75,0.8776,89.2,EASY
2024-03-14,18014.81,,NDX_workbook,315.0,14.4,0.8571,89.2,EASY
2024-03-15,17808.25,,NDX_workbook,316.0,14.41,0.8367,89.2,EASY
2024-03-18,17985.01,,NDX_workbook,313.0,14.33,0.8776,89.2,EASY
2024-03-19,18032.2,,NDX_workbook,310.0,13.82,0.8776,83.3,EASY
2024-03-20,18240.11,,NDX_workbook,314.0,13.04,0.8776,89.2,EASY
2024-03-21,18320.38,,NDX_workbook,305.0,12.92,0.8571,89.2,EASY
2024-03-22,18339.44,,NDX_workbook,308.0,13.06,0.8571,89.2,EASY
2024-03-25,18277.06,,NDX_workbook,311.0,13.19,0.8571,89.2,EASY
2024-03-26,18210.54,,NDX_workbook,315.0,13.24,0.8571,89.2,EASY
2024-03-27,18280.84,,NDX_workbook,315.0,12.78,0.8776,89.2,EASY
2024-03-28,18254.69,,NDX_workbook,312.0,13.01,0.8776,89.2,EASY
2024-04-01,18293.2,,NDX_workbook,312.0,13.65,0.8571,89.2,EASY
2024-04-02,18121.78,,NDX_workbook,323.0,14.61,0.8571,89.2,EASY
2024-04-03,18160.19,,NDX_workbook,323.0,14.33,0.8163,89.2,EASY
2024-04-04,17878.78,,NDX_workbook,324.0,16.35,0.8163,83.3,EASY
2024-04-05,18108.46,,NDX_workbook,318.0,16.03,0.7959,83.3,EASY
2024-04-08,18100.19,,NDX_workbook,315.0,15.19,0.7959,83.3,EASY
2024-04-09,18169.9,,NDX_workbook,314.0,14.98,0.8367,83.3,EASY
2024-04-10,18011.66,,NDX_workbook,310.0,15.8,0.8163,83.3,EASY
2024-04-11,18307.98,,NDX_workbook,316.0,14.91,0.8163,89.2,EASY
2024-04-12,18003.49,,NDX_workbook,325.0,17.31,0.8163,89.2,EASY
2024-04-15,17706.83,,NDX_workbook,328.0,19.23,0.7755,89.2,EASY
2024-04-16,17713.66,,NDX_workbook,336.0,18.4,0.7755,83.3,EASY
2024-04-17,17493.62,,NDX_workbook,342.0,18.21,0.7755,83.3,EASY
2024-04-18,17394.31,,NDX_workbook,339.0,18.0,0.7755,83.3,EASY
2024-04-19,17037.65,,NDX_workbook,337.0,18.71,0.7755,75.5,EASY
2024-04-22,17210.89,,NDX_workbook,329.0,16.94,0.8163,75.5,EASY
2024-04-23,17471.47,,NDX_workbook,320.0,15.69,0.8163,83.3,EASY
2024-04-24,17526.8,,NDX_workbook,319.0,15.97,0.7959,83.3,EASY
2024-04-25,17430.5,,NDX_workbook,324.0,15.37,0.7755,83.3,EASY
2024-04-26,17718.3,,NDX_workbook,316.0,15.03,0.7959,89.2,EASY
2024-04-29,17782.72,,NDX_workbook,312.0,14.67,0.7959,89.2,EASY
2024-04-30,17440.69,,NDX_workbook,318.0,15.65,0.7551,89.2,EASY
2024-05-01,17318.55,,NDX_workbook,321.0,15.39,0.7755,89.2,EASY
2024-05-02,17541.54,,NDX_workbook,316.0,14.68,0.7755,89.2,EASY
2024-05-03,17890.8,,NDX_workbook,308.0,13.49,0.8367,89.2,EASY
2024-05-06,18093.57,,NDX_workbook,303.0,13.49,0.8367,89.2,EASY
2024-05-07,18091.45,,NDX_workbook,306.0,13.23,0.8367,89.2,EASY
2024-05-08,18085.01,,NDX_workbook,310.0,13.0,0.8367,95.1,EASY
2024-05-09,18113.46,,NDX_workbook,314.0,12.69,0.8367,95.1,EASY
2024-05-10,18161.18,,NDX_workbook,312.0,12.55,0.8367,95.1,EASY
2024-05-13,18198.61,,NDX_workbook,314.0,13.6,0.8367,95.1,EASY
2024-05-14,18322.77,,NDX_workbook,314.0,13.42,0.8367,95.1,EASY
2024-05-15,18596.65,,NDX_workbook,313.0,12.45,0.8367,89.2,EASY
2024-05-16,18557.96,,NDX_workbook,308.0,12.42,0.8367,89.2,EASY
2024-05-17,18546.23,,NDX_workbook,309.0,11.99,0.8367,89.2,EASY
2024-05-20,18674.19,,NDX_workbook,307.0,12.15,0.8163,95.1,EASY
2024-05-21,18713.8,,NDX_workbook,307.0,11.86,0.7959,95.1,EASY
2024-05-22,18705.2,,NDX_workbook,311.0,12.29,0.8163,89.2,EASY
2024-05-23,18623.39,,NDX_workbook,310.0,12.77,0.8163,89.2,EASY
2024-05-24,18808.35,,NDX_workbook,311.0,11.93,0.8163,89.2,EASY
2024-05-28,18869.44,,NDX_workbook,309.0,12.92,0.8163,89.2,EASY
2024-05-29,18736.75,,NDX_workbook,315.0,14.28,0.7959,89.2,EASY
2024-05-30,18538.66,,NDX_workbook,319.0,14.47,0.7551,89.2,EASY
2024-05-31,18536.65,,NDX_workbook,320.0,12.92,0.7959,89.2,EASY
2024-06-03,18600.97,,NDX_workbook,317.0,13.11,0.7755,89.2,EASY
2024-06-04,18654.84,,NDX_workbook,322.0,13.16,0.7755,83.3,EASY
2024-06-05,19035.05,,NDX_workbook,320.0,12.63,0.7755,89.2,EASY
2024-06-06,19021.19,,NDX_workbook,320.0,12.58,0.7755,89.2,EASY
2024-06-07,19000.95,,NDX_workbook,315.0,12.22,0.7755,89.2,EASY
2024-06-10,19074.67,,NDX_workbook,315.0,12.74,0.7551,89.2,EASY
2024-06-11,19210.18,,NDX_workbook,319.0,12.85,0.7755,95.1,EASY
2024-06-12,19465.18,,NDX_workbook,309.0,12.04,0.7755,95.1,EASY
2024-06-13,19576.92,,NDX_workbook,320.0,11.94,0.7755,95.1,EASY
2024-06-14,19659.8,,NDX_workbook,329.0,12.66,0.7959,95.1,EASY
2024-06-17,19902.75,,NDX_workbook,326.0,12.75,0.7959,95.1,EASY
2024-06-18,19908.86,,NDX_workbook,324.0,12.3,0.7959,95.1,EASY
2024-06-20,19752.3,,NDX_workbook,323.0,13.28,0.7959,95.1,EASY
2024-06-21,19700.43,,NDX_workbook,321.0,13.2,0.8163,95.1,EASY
2024-06-24,19474.62,,NDX_workbook,319.0,13.33,0.8163,89.2,EASY
2024-06-25,19701.13,,NDX_workbook,319.0,12.84,0.8163,89.2,EASY
2024-06-26,19751.05,,NDX_workbook,318.0,12.55,0.7551,89.2,EASY
2024-06-27,19789.03,,NDX_workbook,321.0,12.24,0.7755,89.2,EASY
2024-06-28,19682.87,,NDX_workbook,318.0,12.44,0.7959,89.2,EASY
2024-07-01,19812.22,,NDX_workbook,321.0,12.22,0.7959,89.2,EASY
2024-07-02,20011.89,,NDX_workbook,323.0,12.03,0.8163,89.2,EASY
2024-07-03,20186.63,,NDX_workbook,325.0,12.09,0.7959,89.2,EASY
2024-07-05,20391.97,,NDX_workbook,327.0,12.48,0.7755,89.2,EASY
2024-07-08,20439.54,,NDX_workbook,320.0,12.37,0.7959,95.1,EASY
2024-07-09,20453.02,,NDX_workbook,321.0,12.51,0.7959,95.1,EASY
2024-07-10,20675.38,,NDX_workbook,317.0,12.85,0.7959,95.1,EASY
2024-07-11,20211.36,,NDX_workbook,318.0,12.92,0.7959,89.2,EASY
2024-07-12,20331.49,,NDX_workbook,319.0,12.46,0.7959,95.1,EASY
2024-07-15,20386.88,,NDX_workbook,313.0,13.12,0.8571,89.2,EASY
2024-07-16,20398.62,,NDX_workbook,308.0,13.19,0.8776,89.2,EASY
2024-07-17,19799.14,,NDX_workbook,309.0,14.48,0.9184,83.3,EASY
2024-07-18,19705.09,,NDX_workbook,309.0,15.93,0.8776,83.3,EASY
2024-07-19,19522.62,,NDX_workbook,309.0,16.52,0.8571,83.3,EASY
2024-07-22,19822.87,,NDX_workbook,305.0,14.91,0.898,83.3,EASY
2024-07-23,19754.34,,NDX_workbook,302.0,14.72,0.7755,83.3,EASY
2024-07-24,19032.39,,NDX_workbook,310.0,18.04,0.7959,75.5,EASY
2024-07-25,18830.58,,NDX_workbook,308.0,18.46,0.7959,75.5,EASY
2024-07-26,19023.66,,NDX_workbook,310.0,16.39,0.8163,75.5,EASY
2024-07-29,19059.49,,NDX_workbook,313.0,16.6,0.8163,75.5,EASY
2024-07-30,18796.27,,NDX_workbook,320.0,17.69,0.8163,75.5,EASY
2024-07-31,19362.43,,NDX_workbook,325.0,16.36,0.8776,75.5,EASY
2024-08-01,18890.39,,NDX_workbook,335.0,18.59,0.7959,75.5,EASY
2024-08-02,18440.85,,NDX_workbook,372.0,23.39,0.6122,61.8,UNCERTAIN
2024-08-05,17895.16,,NDX_workbook,393.0,38.57,0.5102,48.0,UNCERTAIN
2024-08-06,18077.92,,NDX_workbook,367.0,27.71,0.551,48.0,UNCERTAIN
2024-08-07,17867.37,,NDX_workbook,357.0,27.85,0.4898,48.0,UNCERTAIN
2024-08-08,18413.82,,NDX_workbook,348.0,23.79,0.6531,69.6,UNCERTAIN
2024-08-09,18513.1,,NDX_workbook,349.0,20.37,0.6122,69.6,UNCERTAIN
2024-08-12,18542.03,,NDX_workbook,352.0,20.71,0.5918,53.9,UNCERTAIN
2024-08-13,19006.43,,NDX_workbook,354.0,18.12,0.6939,73.5,EASY
2024-08-14,19022.68,,NDX_workbook,346.0,16.19,0.6735,87.3,EASY
2024-08-15,19490.15,,NDX_workbook,331.0,15.23,0.8163,95.1,EASY
2024-08-16,19508.52,,NDX_workbook,329.0,14.8,0.7959,95.1,EASY
2024-08-19,19766.49,,NDX_workbook,321.0,14.65,0.8571,95.1,EASY
2024-08-20,19719.82,,NDX_workbook,325.0,15.88,0.8367,95.1,EASY
2024-08-21,19824.84,,NDX_workbook,327.0,16.27,0.8571,95.1,EASY
2024-08-22,19491.84,,NDX_workbook,321.0,17.55,0.8163,95.1,EASY
2024-08-23,19720.87,,NDX_workbook,319.0,15.86,0.7755,95.1,EASY
2024-08-26,19516.44,,NDX_workbook,315.0,16.15,0.7551,89.2,EASY
2024-08-27,19581.52,,NDX_workbook,317.0,15.43,0.7755,89.2,EASY
2024-08-28,19350.78,,NDX_workbook,319.0,17.11,0.7143,75.5,EASY
2024-08-29,19325.45,,NDX_workbook,315.0,15.65,0.6939,75.5,EASY
2024-08-30,19574.64,,NDX_workbook,313.0,15.0,0.7959,83.3,EASY
2024-09-03,18958.74,,NDX_workbook,331.0,20.72,0.6939,69.6,UNCERTAIN
2024-09-04,18921.4,,NDX_workbook,335.0,21.32,0.6531,69.6,UNCERTAIN
2024-09-05,18930.33,,NDX_workbook,329.0,19.9,0.6531,75.5,EASY
2024-09-06,18421.31,,NDX_workbook,339.0,22.38,0.5714,61.8,UNCERTAIN
2024-09-09,18660.78,,NDX_workbook,336.0,19.45,0.6327,75.5,EASY
2024-09-10,18829.14,,NDX_workbook,346.0,19.08,0.6531,75.5,EASY
2024-09-11,19237.3,,NDX_workbook,344.0,17.69,0.6531,75.5,EASY
2024-09-12,19423.07,,NDX_workbook,339.0,17.07,0.6531,75.5,EASY
2024-09-13,19514.59,,NDX_workbook,337.0,16.56,0.6735,89.2,EASY
2024-09-16,19423.06,,NDX_workbook,332.0,17.14,0.6735,87.3,EASY
2024-09-17,19432.4,,NDX_workbook,325.0,17.61,0.7143,87.3,EASY
2024-09-18,19344.49,,NDX_workbook,321.0,18.23,0.7143,92.2,EASY
2024-09-19,19839.83,,NDX_workbook,310.0,16.33,0.7755,100.0,EASY
2024-09-20,19791.49,,NDX_workbook,315.0,16.15,0.7143,100.0,EASY
2024-09-23,19852.2,,NDX_workbook,315.0,15.89,0.7143,94.1,EASY
2024-09-24,19944.84,,NDX_workbook,321.0,15.39,0.7347,94.1,EASY
2024-09-25,19972.61,,NDX_workbook,319.0,15.41,0.7551,100.0,EASY
2024-09-26,20115.54,,NDX_workbook,314.0,15.37,0.7959,100.0,EASY
2024-09-27,20008.62,,NDX_workbook,314.0,16.96,0.7959,100.0,EASY
2024-09-30,20060.69,,NDX_workbook,303.0,16.73,0.7551,94.1,EASY
2024-10-01,19773.3,,NDX_workbook,307.0,19.26,0.6939,94.1,EASY
2024-10-02,19802.59,,NDX_workbook,306.0,18.9,0.7143,94.1,EASY
2024-10-03,19793.34,,NDX_workbook,304.0,20.49,0.7143,88.2,EASY
2024-10-04,20035.02,,NDX_workbook,289.0,19.21,0.7143,94.1,EASY
2024-10-07,19800.74,,NDX_workbook,295.0,22.64,0.6531,82.4,EASY
2024-10-08,20107.78,,NDX_workbook,299.0,21.42,0.6735,88.2,EASY
2024-10-09,20268.86,,NDX_workbook,294.0,20.86,0.7347,88.2,EASY
2024-10-10,20241.76,,NDX_workbook,299.0,20.93,0.6735,88.2,EASY
2024-10-11,20271.97,,NDX_workbook,298.0,20.46,0.7959,88.2,EASY
2024-10-14,20439.05,,NDX_workbook,297.0,19.7,0.8367,100.0,EASY
2024-10-15,20159.83,,NDX_workbook,293.0,20.64,0.7551,88.2,EASY
2024-10-16,20174.05,,NDX_workbook,290.0,19.58,0.7143,94.1,EASY
2024-10-17,20190.42,,NDX_workbook,289.0,19.11,0.6939,94.1,EASY
2024-10-18,20324.04,,NDX_workbook,288.0,18.03,0.7143,94.1,EASY
2024-10-21,20361.47,,NDX_workbook,288.0,18.37,0.7143,94.1,EASY
2024-10-22,20390.46,,NDX_workbook,292.0,18.2,0.7143,94.1,EASY
2024-10-23,20066.96,,NDX_workbook,295.0,19.24,0.6531,94.1,EASY
2024-10-24,20232.87,,NDX_workbook,293.0,19.08,0.6531,94.1,EASY
2024-10-25,20352.02,,NDX_workbook,289.0,20.33,0.7143,88.2,EASY
2024-10-28,20351.07,,NDX_workbook,282.0,19.8,0.7143,94.1,EASY
2024-10-29,20550.65,,NDX_workbook,285.0,19.34,0.7347,94.1,EASY
2024-10-30,20387.7,,NDX_workbook,280.0,20.35,0.6531,88.2,EASY
2024-10-31,19890.42,,NDX_workbook,288.0,23.16,0.6122,88.2,EASY
2024-11-01,20033.14,,NDX_workbook,283.0,21.88,0.6122,88.2,EASY
2024-11-04,19963.6,,NDX_workbook,287.0,21.98,0.6327,88.2,EASY
2024-11-05,20227.46,,NDX_workbook,286.0,20.49,0.6531,82.4,EASY
2024-11-06,20781.33,,NDX_workbook,274.0,16.27,0.7551,88.2,EASY
2024-11-07,21101.57,,NDX_workbook,273.0,15.2,0.7551,94.1,EASY
2024-11-08,21117.18,,NDX_workbook,263.0,14.94,0.7755,94.1,EASY
2024-11-11,21106.59,,NDX_workbook,263.0,14.97,0.7143,100.0,EASY
2024-11-12,21070.79,,NDX_workbook,261.0,14.71,0.7551,100.0,EASY
2024-11-13,21036.16,,NDX_workbook,264.0,14.02,0.7347,100.0,EASY
2024-11-14,20896.67,,NDX_workbook,260.0,14.31,0.7143,100.0,EASY
2024-11-15,20394.13,,NDX_workbook,272.0,16.14,0.6735,94.1,EASY
2024-11-18,20539.19,,NDX_workbook,272.0,15.58,0.6735,94.1,EASY
2024-11-19,20684.59,,NDX_workbook,269.0,16.35,0.6531,88.2,EASY
2024-11-20,20667.1,,NDX_workbook,267.0,17.16,0.6531,88.2,EASY
2024-11-21,20740.78,,NDX_workbook,261.0,16.87,0.6735,88.2,EASY
2024-11-22,20776.23,,NDX_workbook,261.0,15.24,0.6939,88.2,EASY
2024-11-25,20804.89,,NDX_workbook,264.0,14.6,0.7551,94.1,EASY
2024-11-26,20922.9,,NDX_workbook,268.0,14.1,0.7755,94.1,EASY
2024-11-27,20744.49,,NDX_workbook,269.0,14.1,0.7347,94.1,EASY
2024-11-29,20930.37,,NDX_workbook,272.0,13.51,0.7551,94.1,EASY
2024-12-02,21164.6,,NDX_workbook,268.0,13.34,0.7551,94.1,EASY
2024-12-03,21229.32,,NDX_workbook,266.0,13.3,0.7551,94.1,EASY
2024-12-04,21492.36,,NDX_workbook,266.0,13.45,0.7755,94.1,EASY
2024-12-05,21425.22,,NDX_workbook,266.0,13.54,0.7347,100.0,EASY
2024-12-06,21622.25,,NDX_workbook,267.0,12.77,0.7551,100.0,EASY
2024-12-09,21440.82,,NDX_workbook,267.0,14.19,0.7143,100.0,EASY
2024-12-10,21368.18,,NDX_workbook,267.0,14.18,0.6939,100.0,EASY
2024-12-11,21763.98,,NDX_workbook,264.0,13.58,0.7143,94.1,EASY
2024-12-12,21615.27,,NDX_workbook,266.0,13.92,0.7143,94.1,EASY
2024-12-13,21780.25,,NDX_workbook,268.0,13.81,0.6939,94.1,EASY
2024-12-16,22096.66,,NDX_workbook,269.0,14.69,0.6735,94.1,EASY
2024-12-17,22001.08,,NDX_workbook,275.0,15.87,0.6531,94.1,EASY
2024-12-18,21209.32,,NDX_workbook,273.0,27.62,0.5714,68.6,UNCERTAIN
2024-12-19,21110.51,,NDX_workbook,291.0,24.09,0.551,80.4,EASY
2024-12-20,21289.15,,NDX_workbook,286.0,18.36,0.5714,86.3,EASY
2024-12-23,21503.17,,NDX_workbook,285.0,16.78,0.5714,80.4,EASY
2024-12-24,21797.65,,NDX_workbook,286.0,14.27,0.6122,88.2,EASY
2024-12-26,21768.31,,NDX_workbook,286.0,14.73,0.5918,80.4,EASY
2024-12-27,21473.02,,NDX_workbook,284.0,15.95,0.5918,86.3,EASY
2024-12-30,21197.09,,NDX_workbook,294.0,17.4,0.5306,86.3,EASY
2024-12-31,21012.17,,NDX_workbook,292.0,17.35,0.5306,86.3,EASY
2025-01-02,20975.62,,NDX_workbook,288.0,17.93,0.5102,86.3,EASY
2025-01-03,21326.16,,NDX_workbook,281.0,16.13,0.5306,80.4,EASY
2025-01-06,21559.5,,NDX_workbook,276.0,16.04,0.5714,80.4,EASY
2025-01-07,21173.04,,NDX_workbook,279.0,17.82,0.5102,80.4,EASY
2025-01-08,21180.97,,NDX_workbook,284.0,17.7,0.5714,80.4,EASY
2025-01-10,20847.58,,NDX_workbook,281.0,19.54,0.5306,86.3,EASY
2025-01-13,20784.72,,NDX_workbook,285.0,19.19,0.5102,86.3,EASY
2025-01-14,20757.41,,NDX_workbook,280.0,18.71,0.5714,72.5,EASY
2025-01-15,21237.85,,NDX_workbook,272.0,16.12,0.6122,88.2,EASY
2025-01-16,21091.25,,NDX_workbook,273.0,16.6,0.6122,88.2,EASY
2025-01-17,21441.16,,NDX_workbook,264.0,15.97,0.6327,88.2,EASY
2025-01-21,21566.51,,NDX_workbook,261.0,15.06,0.6531,94.1,EASY
2025-01-22,21853.0,,NDX_workbook,259.0,15.1,0.6735,100.0,EASY
2025-01-23,21900.93,,NDX_workbook,261.0,15.02,0.6939,100.0,EASY
2025-01-24,21774.01,,NDX_workbook,260.0,14.85,0.6327,100.0,EASY
2025-01-27,21127.28,,NDX_workbook,266.0,17.9,0.5918,86.3,EASY
2025-01-28,21463.04,,NDX_workbook,266.0,16.41,0.5918,86.3,EASY
2025-01-29,21411.46,,NDX_workbook,268.0,16.56,0.5918,81.4,EASY
2025-01-30,21508.12,,NDX_workbook,267.0,15.84,0.5918,81.4,EASY
2025-01-31,21478.05,,NDX_workbook,268.0,16.43,0.5918,75.5,EASY
2025-02-03,21297.58,,NDX_workbook,273.0,18.62,0.5918,75.5,EASY
2025-02-04,21566.92,,NDX_workbook,271.0,17.21,0.5918,75.5,EASY
2025-02-05,21658.16,,NDX_workbook,269.0,15.77,0.6531,89.2,EASY
2025-02-06,21774.07,,NDX_workbook,266.0,15.5,0.6122,89.2,EASY
2025-02-07,21491.31,,NDX_workbook,267.0,16.54,0.5918,81.4,EASY
2025-02-10,21756.73,,NDX_workbook,266.0,15.81,0.5918,81.4,EASY
2025-02-11,21693.52,,NDX_workbook,266.0,16.02,0.5714,81.4,EASY
2025-02-12,21719.26,,NDX_workbook,265.0,15.89,0.5714,81.4,EASY
2025-02-13,22030.71,,NDX_workbook,265.0,15.1,0.5918,81.4,EASY
2025-02-14,22114.69,,NDX_workbook,262.0,14.77,0.5714,81.4,EASY
2025-02-18,22164.61,,NDX_workbook,262.0,15.35,0.6327,89.2,EASY
2025-02-19,22175.6,,NDX_workbook,268.0,15.27,0.6939,89.2,EASY
2025-02-20,22068.06,,NDX_workbook,266.0,15.66,0.6735,89.2,EASY
2025-02-21,21614.08,,NDX_workbook,278.0,18.21,0.6531,89.2,EASY
2025-02-24,21352.08,,NDX_workbook,278.0,18.98,0.5918,81.4,EASY
2025-02-25,21087.25,,NDX_workbook,284.0,19.43,0.5714,75.5,EASY
2025-02-26,21132.92,,NDX_workbook,281.0,19.1,0.551,75.5,EASY
2025-02-27,20550.95,,NDX_workbook,281.0,21.13,0.5102,61.8,UNCERTAIN
2025-02-28,20884.41,,NDX_workbook,287.0,19.63,0.5306,75.5,EASY
2025-03-03,20425.58,,NDX_workbook,294.0,22.78,0.5102,61.8,UNCERTAIN
2025-03-04,20352.53,,NDX_workbook,299.0,23.51,0.449,61.8,UNCERTAIN
2025-03-05,20628.46,,NDX_workbook,288.0,21.93,0.4898,61.8,UNCERTAIN
2025-03-06,20052.63,,NDX_workbook,299.0,24.87,0.4898,53.9,UNCERTAIN
2025-03-07,20201.37,,NDX_workbook,297.0,23.37,0.4898,53.9,UNCERTAIN
2025-03-10,19430.95,,NDX_workbook,316.0,27.86,0.4082,40.2,UNCERTAIN
2025-03-11,19376.96,,NDX_workbook,322.0,26.92,0.3265,32.4,HARD
2025-03-12,19596.02,,NDX_workbook,320.0,24.23,0.3469,38.2,HARD
2025-03-13,19225.48,,NDX_workbook,340.0,24.66,0.2653,38.2,HARD
2025-03-14,19704.64,,NDX_workbook,325.0,21.77,0.3265,38.2,HARD
2025-03-17,19812.24,,NDX_workbook,318.0,20.51,0.3469,38.2,HARD
2025-03-18,19483.36,,NDX_workbook,323.0,21.7,0.3265,38.2,HARD
2025-03-19,19736.66,,NDX_workbook,319.0,19.9,0.3265,44.1,UNCERTAIN
2025-03-20,19677.61,,NDX_workbook,317.0,19.8,0.3265,50.0,UNCERTAIN
2025-03-21,19753.97,,NDX_workbook,321.0,19.28,0.3265,50.0,UNCERTAIN
2025-03-24,20180.45,,NDX_workbook,305.0,17.48,0.4082,65.7,UNCERTAIN
2025-03-25,20287.83,,NDX_workbook,309.0,17.15,0.4286,65.7,UNCERTAIN
2025-03-26,19916.99,,NDX_workbook,319.0,18.33,0.3878,57.8,UNCERTAIN
2025-03-27,19798.62,,NDX_workbook,327.0,18.69,0.3673,50.0,UNCERTAIN
2025-03-28,19281.4,,NDX_workbook,347.0,21.65,0.3061,44.1,UNCERTAIN
2025-03-31,19278.45,,NDX_workbook,355.0,22.28,0.3061,36.3,HARD
2025-04-01,19436.42,,NDX_workbook,350.0,21.77,0.3061,30.4,HARD
2025-04-02,19581.78,,NDX_workbook,342.0,21.51,0.3265,38.2,HARD
2025-04-03,18521.47,,NDX_workbook,401.0,30.02,0.2653,16.7,HARD
2025-04-04,17397.7,,NDX_workbook,445.0,45.31,0.1633,16.7,HARD
2025-04-07,17430.68,,NDX_workbook,461.0,46.98,0.1429,8.8,HARD
2025-04-08,17090.4,,NDX_workbook,457.0,52.33,0.1429,8.8,HARD
2025-04-09,19145.06,,NDX_workbook,437.0,33.62,0.3265,24.5,HARD
2025-04-10,18343.57,,NDX_workbook,442.0,40.72,0.2653,14.7,HARD
2025-04-11,18690.05,,NDX_workbook,426.0,37.56,0.2653,14.7,HARD
2025-04-14,18796.02,,NDX_workbook,414.0,30.89,0.2653,20.6,HARD
2025-04-15,18830.23,,NDX_workbook,409.0,30.12,0.2653,26.5,HARD
2025-04-16,18257.64,,NDX_workbook,416.0,32.64,0.2653,14.7,HARD
2025-04-17,18258.09,,NDX_workbook,402.0,29.65,0.2653,26.5,HARD
2025-04-21,17808.3,,NDX_workbook,416.0,33.82,0.2041,20.6,HARD
2025-04-22,18276.41,,NDX_workbook,399.0,30.57,0.2449,12.7,HARD
2025-04-23,18693.26,,NDX_workbook,375.0,28.45,0.2653,12.7,HARD
2025-04-24,19214.4,,NDX_workbook,373.0,26.47,0.3061,20.6,HARD
2025-04-25,19432.56,,NDX_workbook,367.0,24.84,0.3469,32.4,HARD
2025-04-28,19427.29,,NDX_workbook,373.0,25.15,0.3469,32.4,HARD
2025-04-29,19544.95,,NDX_workbook,374.0,24.17,0.4082,46.1,UNCERTAIN
2025-04-30,19571.02,,NDX_workbook,394.0,24.7,0.3673,38.2,HARD
2025-05-01,19786.71,,NDX_workbook,378.0,24.6,0.3878,46.1,UNCERTAIN
2025-05-02,20102.61,,NDX_workbook,360.0,22.68,0.4286,53.9,UNCERTAIN
2025-05-05,19967.94,,NDX_workbook,360.0,23.64,0.4286,53.9,UNCERTAIN
2025-05-06,19791.35,,NDX_workbook,366.0,24.76,0.3878,46.1,UNCERTAIN
2025-05-07,19867.97,,NDX_workbook,367.0,23.55,0.4082,53.9,UNCERTAIN
2025-05-08,20063.56,,NDX_workbook,351.0,22.48,0.449,53.9,UNCERTAIN
2025-05-09,20061.45,,NDX_workbook,353.0,21.9,0.449,48.0,UNCERTAIN
2025-05-12,20868.15,,NDX_workbook,315.0,18.39,0.6122,85.3,EASY
2025-05-13,21197.7,,NDX_workbook,309.0,18.22,0.6735,91.2,EASY
2025-05-14,21319.21,,NDX_workbook,310.0,18.62,0.6327,91.2,EASY
2025-05-15,21335.82,,NDX_workbook,320.0,17.83,0.6735,91.2,EASY
2025-05-16,21427.94,,NDX_workbook,316.0,17.24,0.6531,91.2,EASY
2025-05-19,21447.05,,NDX_workbook,321.0,18.14,0.6531,91.2,EASY
2025-05-20,21367.37,,NDX_workbook,320.0,18.09,0.6531,91.2,EASY
2025-05-21,21080.36,,NDX_workbook,325.0,20.87,0.6122,85.3,EASY
2025-05-22,21112.47,,NDX_workbook,332.0,20.28,0.6327,79.4,EASY
2025-05-23,20915.66,,NDX_workbook,340.0,22.29,0.5306,71.6,EASY
2025-05-27,21414.99,,NDX_workbook,324.0,18.96,0.6531,79.4,EASY
2025-05-28,21318.17,,NDX_workbook,323.0,19.31,0.6327,79.4,EASY
2025-05-29,21363.95,,NDX_workbook,322.0,19.18,0.6327,85.3,EASY
2025-05-30,21340.99,,NDX_workbook,331.0,18.57,0.5918,77.5,EASY
2025-06-02,21491.75,,NDX_workbook,327.0,18.36,0.5918,77.5,EASY
2025-06-03,21662.58,,NDX_workbook,319.0,17.69,0.6327,85.3,EASY
2025-06-04,21721.92,,NDX_workbook,323.0,17.61,0.6122,85.3,EASY
2025-06-05,21547.43,,NDX_workbook,318.0,18.48,0.5714,77.5,EASY
2025-06-06,21761.79,,NDX_workbook,309.0,16.77,0.6735,85.3,EASY
2025-06-09,21797.87,,NDX_workbook,312.0,17.16,0.6735,85.3,EASY
2025-06-10,21941.92,,NDX_workbook,312.0,16.95,0.7755,85.3,EASY
2025-06-11,21860.8,,NDX_workbook,312.0,17.26,0.7347,85.3,EASY
2025-06-12,21913.32,,NDX_workbook,317.0,18.02,0.7143,85.3,EASY
2025-06-13,21631.04,,NDX_workbook,318.0,20.82,0.6122,79.4,EASY
2025-06-16,21937.57,,NDX_workbook,310.0,19.11,0.6735,87.3,EASY
2025-06-17,21719.08,,NDX_workbook,317.0,21.6,0.6531,81.4,EASY
2025-06-18,21719.69,,NDX_workbook,316.0,20.14,0.6531,81.4,EASY
2025-06-20,21626.39,,NDX_workbook,313.0,20.62,0.5918,73.5,EASY
2025-06-23,21856.33,,NDX_workbook,312.0,19.83,0.6327,87.3,EASY
2025-06-24,22190.52,,NDX_workbook,306.0,17.48,0.6735,87.3,EASY
2025-06-25,22237.74,,NDX_workbook,304.0,16.76,0.6531,89.2,EASY
2025-06-26,22447.29,,NDX_workbook,304.0,16.59,0.7551,89.2,EASY
2025-06-27,22534.2,,NDX_workbook,302.0,16.32,0.7755,95.1,EASY
2025-06-30,22679.01,,NDX_workbook,296.0,16.73,0.7959,95.1,EASY
2025-07-01,22478.13,,NDX_workbook,291.0,16.83,0.7959,95.1,EASY
2025-07-02,22641.89,,NDX_workbook,288.0,16.64,0.7959,95.1,EASY
2025-07-03,22866.97,,NDX_workbook,280.0,16.38,0.7959,95.1,EASY
2025-07-07,22685.57,,NDX_workbook,286.0,17.79,0.7755,89.2,EASY
2025-07-08,22702.25,,NDX_workbook,292.0,16.81,0.7755,89.2,EASY
2025-07-09,22864.91,,NDX_workbook,294.0,15.94,0.7755,89.2,EASY
2025-07-10,22829.26,,NDX_workbook,292.0,15.78,0.7755,89.2,EASY
2025-07-11,22780.6,,NDX_workbook,297.0,16.4,0.7551,89.2,EASY
2025-07-14,22855.63,,NDX_workbook,295.0,17.2,0.7347,89.2,EASY
2025-07-15,22884.59,,NDX_workbook,295.0,17.38,0.6939,89.2,EASY
2025-07-16,22907.97,,NDX_workbook,300.0,17.16,0.7143,89.2,EASY
2025-07-17,23081.05,,NDX_workbook,291.0,16.52,0.6939,89.2,EASY
2025-07-18,23065.47,,NDX_workbook,293.0,16.41,0.6939,89.2,EASY
2025-07-21,23180.06,,NDX_workbook,289.0,16.65,0.6939,89.2,EASY
2025-07-22,23063.58,,NDX_workbook,290.0,16.5,0.7755,89.2,EASY
2025-07-23,23162.41,,NDX_workbook,283.0,15.37,0.7551,89.2,EASY
2025-07-24,23219.87,,NDX_workbook,282.0,15.39,0.7551,89.2,EASY
2025-07-25,23272.25,,NDX_workbook,284.0,14.93,0.7143,89.2,EASY
2025-07-28,23356.27,,NDX_workbook,282.0,15.03,0.7347,89.2,EASY
2025-07-29,23308.3,,NDX_workbook,286.0,15.98,0.7551,89.2,EASY
2025-07-30,23345.41,,NDX_workbook,289.0,15.48,0.7143,89.2,EASY
2025-07-31,23218.12,,NDX_workbook,286.0,16.72,0.5714,81.4,EASY
2025-08-01,22763.31,,NDX_workbook,313.0,20.38,0.5306,75.5,EASY
2025-08-04,23188.61,,NDX_workbook,302.0,17.52,0.6327,89.2,EASY
2025-08-05,23018.56,,NDX_workbook,298.0,17.85,0.551,75.5,EASY
2025-08-06,23315.04,,NDX_workbook,298.0,16.77,0.6122,83.3,EASY
2025-08-07,23389.53,,NDX_workbook,295.0,16.57,0.5918,75.5,EASY
2025-08-08,23611.27,,NDX_workbook,294.0,15.15,0.6939,89.2,EASY
2025-08-11,23526.63,,NDX_workbook,294.0,16.25,0.6735,89.2,EASY
2025-08-12,23839.2,,NDX_workbook,293.0,14.73,0.7143,89.2,EASY
2025-08-13,23849.04,,NDX_workbook,290.0,14.49,0.8163,95.1,EASY
2025-08-14,23832.44,,NDX_workbook,289.0,14.83,0.7959,95.1,EASY
2025-08-15,23712.07,,NDX_workbook,288.0,15.09,0.7347,89.2,EASY
2025-08-18,23713.76,,NDX_workbook,288.0,14.99,0.7347,89.2,EASY
2025-08-19,23384.77,,NDX_workbook,290.0,15.57,0.7551,89.2,EASY
2025-08-20,23249.57,,NDX_workbook,294.0,15.69,0.7143,89.2,EASY
2025-08-21,23142.58,,NDX_workbook,295.0,16.6,0.6939,83.3,EASY
2025-08-22,23498.12,,NDX_workbook,288.0,14.22,0.7755,83.3,EASY
2025-08-25,23425.61,,NDX_workbook,280.0,14.79,0.7551,83.3,EASY
2025-08-26,23525.29,,NDX_workbook,278.0,14.62,0.7551,83.3,EASY
2025-08-27,23565.85,,NDX_workbook,278.0,14.85,0.7959,83.3,EASY
2025-08-28,23703.45,,NDX_workbook,275.0,14.43,0.7755,89.2,EASY
2025-08-29,23415.42,,NDX_workbook,282.0,15.36,0.7755,89.2,EASY
2025-09-02,23231.11,,NDX_workbook,292.0,17.17,0.6735,89.2,EASY
2025-09-03,23414.84,,NDX_workbook,288.0,16.35,0.6939,89.2,EASY
2025-09-04,23633.01,,NDX_workbook,284.0,15.3,0.7143,89.2,EASY
2025-09-05,23652.44,,NDX_workbook,283.0,15.18,0.6939,89.2,EASY
2025-09-08,23762.3,,NDX_workbook,284.0,15.11,0.6939,89.2,EASY
2025-09-09,23839.8,,NDX_workbook,287.0,15.04,0.6939,89.2,EASY
2025-09-10,23849.27,,NDX_workbook,284.0,15.35,0.6122,89.2,EASY
2025-09-11,23992.56,,NDX_workbook,278.0,14.71,0.6939,89.2,EASY
2025-09-12,24092.19,,NDX_workbook,279.0,14.76,0.6939,89.2,EASY
2025-09-15,24293.78,,NDX_workbook,275.0,15.69,0.6327,89.2,EASY
2025-09-16,24274.25,,NDX_workbook,279.0,16.36,0.6531,89.2,EASY
2025-09-17,24223.69,,NDX_workbook,279.0,15.72,0.6735,94.1,EASY
2025-09-18,24454.89,,NDX_workbook,271.0,15.7,0.6531,94.1,EASY
2025-09-19,24626.25,,NDX_workbook,272.0,15.45,0.6939,94.1,EASY
2025-09-22,24761.07,,NDX_workbook,269.0,16.1,0.6735,94.1,EASY
2025-09-23,24580.17,,NDX_workbook,271.0,16.64,0.6531,94.1,EASY
2025-09-24,24503.57,,NDX_workbook,270.0,16.18,0.6531,94.1,EASY
2025-09-25,24397.31,,NDX_workbook,276.0,16.74,0.6327,94.1,EASY
2025-09-26,24503.85,,NDX_workbook,275.0,15.29,0.6531,94.1,EASY
2025-09-29,24611.35,,NDX_workbook,274.0,16.12,0.6735,94.1,EASY
2025-09-30,24679.99,,NDX_workbook,280.0,16.28,0.6531,94.1,EASY
2025-10-01,24800.86,,NDX_workbook,281.0,16.29,0.6327,94.1,EASY
2025-10-02,24892.76,,NDX_workbook,281.0,16.63,0.6939,94.1,EASY
2025-10-03,24785.52,,NDX_workbook,280.0,16.65,0.6531,94.1,EASY
2025-10-06,24978.56,,NDX_workbook,276.0,16.37,0.6327,94.1,EASY
2025-10-07,24840.23,,NDX_workbook,282.0,17.24,0.6327,94.1,EASY
2025-10-08,25136.62,,NDX_workbook,284.0,16.3,0.5918,86.3,EASY
2025-10-09,25098.18,,NDX_workbook,295.0,16.43,0.6531,94.1,EASY
2025-10-10,24221.74,,NDX_workbook,318.0,21.66,0.5714,74.5,EASY
2025-10-13,24750.25,,NDX_workbook,318.0,19.03,0.6327,94.1,EASY
2025-10-14,24579.32,,NDX_workbook,311.0,20.81,0.6327,88.2,EASY
2025-10-15,24745.36,,NDX_workbook,295.0,20.64,0.6122,82.4,EASY
2025-10-16,24657.24,,NDX_workbook,304.0,25.31,0.5918,68.6,UNCERTAIN
2025-10-17,24817.95,,NDX_workbook,304.0,20.78,0.5714,80.4,EASY
2025-10-20,25141.02,,NDX_workbook,299.0,18.23,0.5918,86.3,EASY
2025-10-21,25127.13,,NDX_workbook,297.0,17.87,0.6735,94.1,EASY
2025-10-22,24879.01,,NDX_workbook,301.0,18.6,0.6939,94.1,EASY
2025-10-23,25097.41,,NDX_workbook,296.0,17.3,0.6735,94.1,EASY
2025-10-24,25358.16,,NDX_workbook,288.0,16.37,0.6735,94.1,EASY
2025-10-27,25821.55,,NDX_workbook,280.0,15.79,0.7143,94.1,EASY
2025-10-28,26012.15,,NDX_workbook,282.0,16.42,0.6939,100.0,EASY
2025-10-29,26119.85,,NDX_workbook,276.0,16.92,0.6531,100.0,EASY
2025-10-30,25734.81,,NDX_workbook,285.0,16.91,0.6122,100.0,EASY
2025-10-31,25858.13,,NDX_workbook,294.0,17.44,0.6122,100.0,EASY
2025-11-03,25972.94,,NDX_workbook,304.0,17.17,0.6122,100.0,EASY
2025-11-04,25435.7,,NDX_workbook,313.0,19.0,0.5918,86.3,EASY
2025-11-05,25620.03,,NDX_workbook,305.0,18.01,0.6327,94.1,EASY
2025-11-06,25130.04,,NDX_workbook,313.0,19.5,0.6122,88.2,EASY
2025-11-07,25059.81,,NDX_workbook,315.0,19.08,0.6122,88.2,EASY
2025-11-10,25611.74,,NDX_workbook,302.0,17.6,0.6122,88.2,EASY
2025-11-11,25533.49,,NDX_workbook,302.0,17.28,0.6327,88.2,EASY
2025-11-12,25517.33,,NDX_workbook,302.0,17.51,0.6327,88.2,EASY
2025-11-13,24993.46,,NDX_workbook,309.0,20.0,0.6122,82.4,EASY
2025-11-14,25008.24,,NDX_workbook,307.0,19.83,0.5918,86.3,EASY
2025-11-17,24799.92,,NDX_workbook,313.0,22.38,0.5918,74.5,EASY
2025-11-18,24503.1,,NDX_workbook,320.0,24.69,0.6122,74.5,EASY
2025-11-19,24640.52,,NDX_workbook,317.0,23.66,0.5714,74.5,EASY
2025-11-20,24054.38,,NDX_workbook,317.0,26.42,0.5714,60.8,UNCERTAIN
2025-11-21,24239.57,,NDX_workbook,319.0,23.43,0.5714,66.7,UNCERTAIN
2025-11-24,24873.85,,NDX_workbook,315.0,20.52,0.5714,74.5,EASY
2025-11-25,25018.36,,NDX_workbook,310.0,18.56,0.5714,80.4,EASY
2025-11-26,25236.94,,NDX_workbook,300.0,17.19,0.5714,86.3,EASY
2025-11-28,25434.89,,NDX_workbook,295.0,16.35,0.5918,86.3,EASY
2025-12-01,25342.85,,NDX_workbook,294.0,17.24,0.5714,92.2,EASY
2025-12-02,25555.86,,NDX_workbook,292.0,16.59,0.6122,100.0,EASY
2025-12-03,25606.54,,NDX_workbook,289.0,16.08,0.6735,100.0,EASY
2025-12-04,25581.7,,NDX_workbook,288.0,15.78,0.6735,100.0,EASY
2025-12-05,25692.05,,NDX_workbook,285.0,15.41,0.7347,100.0,EASY
2025-12-08,25627.95,,NDX_workbook,289.0,16.66,0.6531,94.1,EASY
2025-12-09,25668.69,,NDX_workbook,289.0,16.93,0.6327,94.1,EASY
2025-12-10,25776.44,,NDX_workbook,291.0,15.77,0.6939,94.1,EASY
2025-12-11,25686.69,,NDX_workbook,288.0,14.85,0.6735,94.1,EASY
2025-12-12,25196.73,,NDX_workbook,291.0,15.74,0.6531,94.1,EASY
2025-12-15,25067.27,,NDX_workbook,291.0,16.5,0.6531,94.1,EASY
2025-12-16,25132.94,,NDX_workbook,298.0,16.48,0.6531,88.2,EASY
2025-12-17,24647.61,,NDX_workbook,299.0,17.62,0.6327,88.2,EASY
2025-12-18,25019.37,,NDX_workbook,295.0,16.87,0.6735,88.2,EASY
2025-12-19,25346.18,,NDX_workbook,290.0,14.91,0.6531,88.2,EASY
2025-12-22,25461.7,,NDX_workbook,288.0,14.08,0.6531,88.2,EASY
2025-12-23,25587.83,,NDX_workbook,283.0,14.0,0.6531,88.2,EASY
2025-12-24,25656.15,,NDX_workbook,284.0,13.47,0.6531,94.1,EASY
2025-12-26,25644.39,,NDX_workbook,286.0,13.6,0.6531,100.0,EASY
2025-12-29,25525.56,,NDX_workbook,287.0,14.2,0.6531,100.0,EASY
2025-12-30,25462.56,,NDX_workbook,284.0,14.33,0.6327,94.1,EASY
2025-12-31,25249.85,,NDX_workbook,281.0,14.95,0.6327,94.1,EASY
2026-01-02,25206.17,,NDX_workbook,283.0,14.51,0.6122,94.1,EASY
2026-01-05,25401.32,,NDX_workbook,281.0,14.9,0.6735,88.2,EASY
2026-01-06,25639.71,,NDX_workbook,279.0,14.75,0.6939,88.2,EASY
2026-01-07,25653.9,,NDX_workbook,279.0,15.38,0.7143,94.1,EASY
2026-01-08,25507.1,,NDX_workbook,276.0,15.45,0.6939,94.1,EASY
2026-01-09,25766.26,,NDX_workbook,274.0,14.49,0.7347,94.1,EASY
2026-01-12,25787.66,,NDX_workbook,274.0,15.12,0.7143,94.1,EASY
2026-01-13,25741.95,,NDX_workbook,275.0,15.98,0.7143,94.1,EASY
2026-01-14,25465.94,,NDX_workbook,276.0,16.75,0.6939,94.1,EASY
2026-01-15,25547.07,,NDX_workbook,271.0,15.84,0.7143,94.1,EASY
2026-01-16,25529.26,,NDX_workbook,265.0,15.86,0.6939,94.1,EASY
2026-01-20,24987.57,,NDX_workbook,273.0,20.09,0.6735,82.4,EASY
2026-01-21,25326.58,,NDX_workbook,269.0,16.9,0.6939,88.2,EASY
2026-01-22,25518.35,,NDX_workbook,264.0,15.64,0.6939,88.2,EASY
2026-01-23,25605.47,,NDX_workbook,268.0,16.09,0.6939,88.2,EASY
2026-01-26,25713.21,,NDX_workbook,269.0,16.15,0.7143,88.2,EASY
2026-01-27,25939.74,,NDX_workbook,271.0,16.35,0.7143,94.1,EASY
2026-01-28,26022.79,,NDX_workbook,272.0,16.35,0.6939,94.1,EASY
2026-01-29,25884.3,,NDX_workbook,277.0,16.88,0.6735,94.1,EASY
2026-01-30,25552.39,,NDX_workbook,280.0,17.44,0.6735,94.1,EASY
2026-02-02,25738.61,,NDX_workbook,281.0,16.34,0.6939,94.1,EASY
2026-02-03,25338.62,,NDX_workbook,285.0,18.0,0.6939,94.1,EASY
2026-02-04,24891.24,,NDX_workbook,286.0,18.64,0.6735,88.2,EASY
2026-02-05,24548.69,,NDX_workbook,297.0,21.77,0.6327,74.5,EASY
2026-02-06,25075.77,,NDX_workbook,287.0,20.37,0.6327,82.4,EASY
2026-02-09,25268.14,,NDX_workbook,284.0,17.36,0.6327,88.2,EASY
2026-02-10,25127.64,,NDX_workbook,286.0,17.79,0.6327,88.2,EASY
2026-02-11,25201.26,,NDX_workbook,284.0,17.65,0.6327,88.2,EASY
2026-02-12,24687.61,,NDX_workbook,292.0,20.82,0.6327,88.2,EASY
2026-02-13,24732.73,,NDX_workbook,295.0,20.6,0.6327,88.2,EASY
2026-02-17,24701.6,,NDX_workbook,294.0,20.29,0.6327,88.2,EASY
2026-02-18,24898.87,,NDX_workbook,286.0,19.62,0.6327,94.1,EASY
2026-02-19,24797.34,,NDX_workbook,288.0,20.23,0.6327,82.4,EASY
2026-02-20,25012.62,,NDX_workbook,286.0,19.09,0.6327,88.2,EASY
2026-02-23,24708.94,,NDX_workbook,295.0,21.01,0.6327,82.4,EASY
2026-02-24,24977.04,,NDX_workbook,297.0,19.55,0.6327,94.1,EASY
2026-02-25,25329.04,,NDX_workbook,294.0,17.93,0.6327,94.1,EASY
2026-02-26,25034.37,,NDX_workbook,298.0,18.63,0.6327,94.1,EASY
2026-02-27,24960.04,,NDX_workbook,310.0,19.86,0.6327,94.1,EASY
2026-03-02,24992.6,,NDX_workbook,303.0,21.44,0.6327,88.2,EASY
2026-03-03,24720.08,,NDX_workbook,308.0,23.57,0.5918,80.4,EASY
2026-03-04,25093.68,,NDX_workbook,297.0,21.15,0.5918,80.4,EASY
2026-03-05,25020.41,,NDX_workbook,300.0,23.75,0.6327,88.2,EASY
2026-03-06,24643.02,,NDX_workbook,313.0,29.49,0.6531,82.4,EASY
2026-03-09,24967.25,,NDX_workbook,319.0,25.5,0.6122,76.5,EASY
2026-03-10,24956.47,,NDX_workbook,306.0,24.93,0.6122,88.2,EASY
2026-03-11,24965.01,,NDX_workbook,309.0,24.23,0.6122,88.2,EASY
2026-03-12,24533.58,,NDX_workbook,317.0,27.29,0.6122,74.5,EASY
2026-03-13,24380.73,,NDX_workbook,328.0,27.19,0.5714,66.7,UNCERTAIN
2026-03-16,24655.34,,NDX_workbook,327.0,23.51,0.6122,82.4,EASY
2026-03-17,24780.42,,NDX_workbook,322.0,22.37,0.5918,74.5,EASY
2026-03-18,24425.09,,NDX_workbook,320.0,25.09,0.551,60.8,UNCERTAIN
2026-03-19,24355.28,,NDX_workbook,327.0,24.06,0.551,66.7,UNCERTAIN
2026-03-20,23898.15,,NDX_workbook,324.0,26.78,0.5102,52.9,UNCERTAIN
2026-03-23,24188.59,,NDX_workbook,319.0,26.15,0.5306,52.9,UNCERTAIN
2026-03-24,24002.45,,NDX_workbook,319.0,26.95,0.551,52.9,UNCERTAIN
2026-03-25,24162.98,,NDX_workbook,317.0,25.33,0.5306,52.9,UNCERTAIN
2026-03-26,23586.99,,NDX_workbook,321.0,27.44,0.5306,45.1,UNCERTAIN
2026-03-27,23132.77,,NDX_workbook,342.0,31.05,0.4898,45.1,UNCERTAIN
2026-03-30,22953.38,,NDX_workbook,346.0,30.61,0.4694,45.1,UNCERTAIN
2026-03-31,23740.19,,NDX_workbook,328.0,25.25,0.5306,45.1,UNCERTAIN
2026-04-01,24019.99,,NDX_workbook,316.0,24.54,0.5306,58.8,UNCERTAIN
2026-04-02,24045.53,,NDX_workbook,317.0,23.87,0.5306,58.8,UNCERTAIN
2026-04-06,24192.17,,NDX_workbook,305.0,24.17,0.5102,64.7,UNCERTAIN
2026-04-07,24202.37,,NDX_workbook,312.0,25.78,0.5306,58.8,UNCERTAIN
2026-04-08,24903.17,,NDX_workbook,294.0,21.04,0.5714,86.3,EASY
2026-04-09,25082.09,,NDX_workbook,290.0,19.49,0.5918,92.2,EASY
2026-04-10,25116.34,,NDX_workbook,294.0,19.23,0.5714,92.2,EASY
2026-04-13,25383.72,,NDX_workbook,295.0,19.12,0.5918,92.2,EASY
2026-04-14,25842.0,,NDX_workbook,284.0,18.36,0.5918,92.2,EASY
2026-04-15,26204.58,,NDX_workbook,285.0,18.17,0.6122,98.0,EASY
2026-04-16,26333.0,,NDX_workbook,286.0,17.94,0.6122,98.0,EASY
2026-04-17,26672.43,,NDX_workbook,283.0,17.48,0.6531,100.0,EASY
2026-04-20,26590.34,,NDX_workbook,287.0,18.87,0.6327,100.0,EASY
2026-04-21,26479.47,,NDX_workbook,285.0,19.5,0.6327,100.0,EASY
2026-04-22,26937.28,,NDX_workbook,284.0,18.92,0.6327,100.0,EASY
2026-04-23,26782.63,,NDX_workbook,286.0,19.31,0.6122,100.0,EASY
2026-04-24,27303.67,,NDX_workbook,286.0,18.71,0.6327,100.0,EASY
2026-04-27,27305.68,,NDX_workbook,284.0,18.02,0.6327,100.0,EASY
2026-04-28,27029.01,,NDX_workbook,285.0,17.83,0.6327,100.0,EASY
2026-04-29,27186.98,,NDX_workbook,282.0,18.81,0.6531,94.1,EASY
2026-04-30,27452.12,,NDX_workbook,283.0,16.89,0.6735,100.0,EASY
2026-05-01,27710.36,,NDX_workbook,277.0,16.99,0.6531,96.1,EASY
2026-05-04,27651.82,,NDX_workbook,278.0,18.29,0.6327,96.1,EASY
2026-05-05,28015.06,,NDX_workbook,277.0,17.38,0.6327,96.1,EASY
2026-05-06,28599.17,,NDX_workbook,275.0,17.39,0.6531,100.0,EASY
2026-05-07,28563.95,,NDX_workbook,279.0,17.08,0.6939,83.1,EASY
2026-05-08,29234.99,,NDX_workbook,281.0,17.19,0.6939,100.0,EASY
2026-05-11,29320.66,,NDX_workbook,279.0,18.38,0.7143,100.0,EASY
2026-05-12,29064.8,,NDX_workbook,282.0,17.99,0.7143,83.1,EASY
2026-05-13,29366.94,,NDX_workbook,282.0,17.87,0.7143,100.0,EASY
2026-05-14,29580.3,,NDX_workbook,276.0,17.26,0.7143,100.0,EASY
2026-05-15,29125.2,,NDX_workbook,280.0,18.43,0.7143,66.2,UNCERTAIN
2026-05-18,28994.37,,NDX_workbook,283.0,17.82,0.6939,79.2,EASY
2026-05-19,28818.84,,NDX_workbook,286.0,18.06,0.6531,79.2,EASY
2026-05-20,29297.7,,NDX_workbook,280.0,17.44,0.6735,79.2,EASY
2026-05-21,29357.27,,NDX_workbook,278.0,16.76,0.6531,58.4,UNCERTAIN
2026-05-22,29481.64,,NDX_workbook,274.0,16.7,0.6735,79.2,EASY
2026-05-26,30001.32,,NDX_workbook,272.0,17.01,0.6735,96.1,EASY
2026-05-27,29973.57,,NDX_workbook,271.0,16.29,0.6735,96.1,EASY
2026-05-28,30223.89,,NDX_workbook,272.0,15.74,0.6735,100.0,EASY
2026-05-29,30333.18,,NDX_workbook,272.0,15.32,0.6735,100.0,EASY
2026-06-01,30513.86,,NDX_workbook,272.0,16.05,0.6531,100.0,EASY
2026-06-02,30660.6,,NDX_workbook,271.0,15.77,0.6122,100.0,EASY
2026-06-03,30571.24,,NDX_workbook,275.0,16.06,0.6531,100.0,EASY
2026-06-04,30407.81,,NDX_workbook,274.0,15.4,0.6735,66.2,UNCERTAIN
2026-06-05,28957.6,,NDX_workbook,276.0,21.51,0.6327,48.1,UNCERTAIN
2026-06-08,29414.26,,NDX_workbook,275.0,18.92,0.6531,85.7,EASY
2026-06-09,29084.5,,NDX_workbook,278.0,19.87,0.6327,68.8,UNCERTAIN
2026-06-10,28508.03,,NDX_workbook,280.0,22.22,0.5714,37.7,HARD
2026-06-11,29446.18,,NDX_workbook,278.0,19.44,0.6122,51.9,UNCERTAIN
2026-06-12,29635.95,,NDX_workbook,271.0,17.68,0.6122,51.9,UNCERTAIN
2026-06-15,30543.92,,NDX_workbook,266.0,16.2,0.6122,68.8,UNCERTAIN
2026-06-16,29968.13,,NDX_workbook,271.0,16.41,0.6122,55.8,UNCERTAIN
2026-06-17,29670.95,,NDX_workbook,263.0,18.44,0.6327,89.6,EASY
2026-06-18,30406.19,,NDX_workbook,266.0,16.4,0.5918,88.3,EASY
2026-06-22,30347.08,,NDX_workbook,265.0,17.28,0.5918,88.3,EASY
2026-06-23,29347.27,,NDX_workbook,271.0,19.49,0.6327,51.9,UNCERTAIN
2026-06-24,29220.06,,NDX_workbook,276.0,18.63,0.6327,89.6,EASY
2026-06-25,29440.32,,NDX_workbook,278.0,18.89,0.5714,84.4,EASY
2026-06-26,29118.24,,NDX_workbook,283.0,18.41,0.5714,46.8,UNCERTAIN
2026-06-29,29774.75,,NDX_workbook,280.0,17.65,0.5918,46.8,UNCERTAIN
2026-06-30,30276.35,,NDX_workbook,275.0,16.45,0.6122,68.8,UNCERTAIN
2026-07-01,29809.13,,NDX_workbook,274.0,16.59,0.5918,50.6,UNCERTAIN
2026-07-02,29329.21,,NDX_workbook,275.0,16.15,0.6531,55.8,UNCERTAIN
2026-07-06,29697.87,,NDX_workbook,272.0,15.57,0.6735,55.8,UNCERTAIN
2026-07-07,29173.02,,NDX_workbook,267.0,16.13,0.6531,55.8,UNCERTAIN
2026-07-08,29252.56,,NDX_workbook,270.0,16.9,0.6327,55.8,UNCERTAIN
2026-07-09,29727.1,,NDX_workbook,270.0,15.84,0.6531,51.9,UNCERTAIN
2026-07-10,29825.11,,NDX_workbook,270.0,15.03,0.6735,55.8,UNCERTAIN
