date,ndx,hyoas,vix,breadth,zone,score
2016-07-08,4528.36,588.0,13.2,0.7347,EASY,75.6
2016-07-11,4554.71,566.0,13.54,0.7959,EASY,75.6
2016-07-12,4577.61,546.0,13.55,0.8163,EASY,75.6
2016-07-13,4565.77,558.0,13.04,0.8163,EASY,75.6
2016-07-14,4596.49,544.0,12.82,0.8367,EASY,75.6
2016-07-15,4589.83,542.0,12.67,0.8367,EASY,75.6
2016-07-18,4619.68,544.0,12.44,0.8367,EASY,75.6
2016-07-19,4603.28,545.0,11.97,0.8367,EASY,75.6
2016-07-20,4657.2,540.0,11.77,0.8571,EASY,75.6
2016-07-21,4647.02,541.0,12.74,0.8571,EASY,72.4
2016-07-22,4666.07,539.0,12.02,0.8571,EASY,72.4
2016-07-25,4665.93,539.0,12.87,0.8571,EASY,72.4
2016-07-26,4672.11,545.0,13.05,0.8776,EASY,72.4
2016-07-27,4702.88,551.0,12.83,0.8571,EASY,72.4
2016-07-28,4721.41,554.0,12.72,0.8776,EASY,72.4
2016-07-29,4730.23,561.0,11.87,0.8776,EASY,72.4
2016-08-01,4756.04,569.0,12.44,0.898,EASY,72.4
2016-08-02,4719.21,573.0,13.37,0.898,EASY,72.4
2016-08-03,4734.33,572.0,12.86,0.9184,EASY,72.4
2016-08-04,4743.81,565.0,12.42,0.898,EASY,72.4
2016-08-05,4791.21,546.0,11.39,0.898,EASY,72.4
2016-08-08,4784.74,542.0,11.5,0.898,EASY,72.4
2016-08-09,4795.75,536.0,11.66,0.898,EASY,72.4
2016-08-10,4783.39,538.0,12.05,0.898,EASY,72.4
2016-08-11,4803.31,531.0,11.68,0.8776,EASY,72.4
2016-08-12,4807.08,534.0,11.55,0.8776,EASY,72.4
2016-08-15,4827.12,523.0,11.81,0.898,EASY,72.4
2016-08-16,4797.19,517.0,12.64,0.898,EASY,72.4
2016-08-17,4805.45,519.0,12.19,0.898,EASY,72.4
2016-08-18,4808.68,520.0,11.43,0.898,EASY,72.4
2016-08-19,4806.14,515.0,11.34,0.898,EASY,72.4
2016-08-22,4808.56,518.0,12.27,0.898,EASY,72.4
2016-08-23,4818.48,514.0,12.38,0.8776,EASY,72.4
2016-08-24,4783.49,513.0,13.45,0.8776,EASY,72.4
2016-08-25,4775.43,514.0,13.63,0.8776,EASY,72.4
2016-08-26,4783.69,504.0,13.65,0.8776,EASY,72.4
2016-08-29,4791.09,510.0,12.94,0.8571,EASY,72.4
2016-08-30,4775.99,507.0,13.12,0.8367,EASY,72.4
2016-08-31,4771.05,510.0,13.42,0.8571,EASY,72.4
2016-09-01,4783.94,512.0,13.48,0.8571,EASY,72.4
2016-09-02,4798.74,509.0,11.98,0.8571,EASY,72.4
2016-09-06,4829.51,509.0,12.02,0.8776,EASY,72.4
2016-09-07,4831.86,507.0,11.94,0.898,EASY,72.4
2016-09-08,4804.0,499.0,12.51,0.8776,EASY,72.4
2016-09-09,4681.54,510.0,17.5,0.7959,EASY,72.4
2016-09-12,4764.65,518.0,15.16,0.8776,EASY,72.4
2016-09-13,4722.85,524.0,17.85,0.8571,UNCERTAIN,66.3
2016-09-14,4746.06,526.0,18.14,0.8367,UNCERTAIN,66.3
2016-09-15,4819.9,526.0,16.3,0.8571,UNCERTAIN,66.3
2016-09-16,4818.05,527.0,15.37,0.8776,EASY,72.4
2016-09-19,4796.07,525.0,15.53,0.8571,EASY,72.4
2016-09-20,4805.22,524.0,15.92,0.8367,EASY,72.4
2016-09-21,4853.75,522.0,13.3,0.8571,EASY,72.4
2016-09-22,4891.36,509.0,12.02,0.8571,EASY,72.4
2016-09-23,4858.91,510.0,12.29,0.8367,EASY,72.4
2016-09-26,4817.17,516.0,14.5,0.8163,EASY,72.4
2016-09-27,4866.71,518.0,13.1,0.8571,EASY,72.4
2016-09-28,4875.27,514.0,12.39,0.8776,EASY,72.4
2016-09-29,4838.3,509.0,14.02,0.8163,EASY,72.4
2016-09-30,4875.7,497.0,13.29,0.8776,EASY,72.4
2016-10-03,4866.63,493.0,13.57,0.8571,EASY,72.4
2016-10-04,4859.47,485.0,13.63,0.8367,EASY,72.4
2016-10-05,4877.75,478.0,12.99,0.8571,EASY,72.4
2016-10-06,4873.92,475.0,12.84,0.8571,EASY,72.4
2016-10-07,4864.52,476.0,13.48,0.8163,EASY,72.4
2016-10-10,4893.77,476.0,13.38,0.8367,EASY,72.4
2016-10-11,4821.91,475.0,15.36,0.7959,EASY,72.4
2016-10-12,4819.64,475.0,15.91,0.8163,EASY,72.4
2016-10-13,4803.1,482.0,16.69,0.8367,UNCERTAIN,66.3
2016-10-14,4808.48,472.0,16.12,0.8367,UNCERTAIN,66.3
2016-10-17,4796.17,476.0,16.21,0.8163,UNCERTAIN,66.3
2016-10-18,4839.72,472.0,15.28,0.8367,UNCERTAIN,66.3
2016-10-19,4836.61,466.0,14.41,0.8367,UNCERTAIN,66.3
2016-10-20,4832.71,462.0,13.75,0.8163,EASY,72.4
2016-10-21,4851.86,462.0,13.34,0.7959,EASY,72.4
2016-10-24,4909.97,460.0,13.02,0.8367,EASY,72.4
2016-10-25,4891.45,460.0,13.46,0.8163,EASY,72.4
2016-10-26,4860.59,466.0,14.24,0.8163,EASY,72.4
2016-10-27,4836.45,469.0,15.36,0.7551,EASY,72.4
2016-10-28,4805.59,476.0,16.19,0.7551,EASY,72.4
2016-10-31,4801.27,491.0,17.06,0.7959,EASY,72.4
2016-11-01,4766.94,505.0,18.56,0.7347,UNCERTAIN,66.3
2016-11-02,4726.91,515.0,19.32,0.7551,UNCERTAIN,66.3
2016-11-03,4679.1,515.0,22.08,0.7551,UNCERTAIN,60.2
2016-11-04,4660.46,520.0,22.51,0.7551,UNCERTAIN,60.2
2016-11-07,4773.73,501.0,18.71,0.7755,UNCERTAIN,66.3
2016-11-08,4804.92,498.0,18.74,0.7959,UNCERTAIN,66.3
2016-11-09,4825.18,494.0,14.38,0.8776,UNCERTAIN,66.3
2016-11-10,4747.03,497.0,14.74,0.8367,EASY,72.4
2016-11-11,4751.95,497.0,14.17,0.8367,EASY,72.4
2016-11-14,4702.04,511.0,14.48,0.7551,EASY,72.4
2016-11-15,4764.47,494.0,13.37,0.8163,EASY,72.4
2016-11-16,4792.27,494.0,13.72,0.8163,EASY,72.4
2016-11-17,4826.59,485.0,13.35,0.8776,EASY,72.4
2016-11-18,4808.04,484.0,12.85,0.8367,EASY,72.4
2016-11-21,4859.0,478.0,12.42,0.8776,EASY,72.4
2016-11-22,4873.84,470.0,12.41,0.8367,EASY,72.4
2016-11-23,4853.86,466.0,12.43,0.8367,EASY,72.4
2016-11-25,4870.02,464.0,12.34,0.8571,EASY,72.4
2016-11-28,4857.02,466.0,13.15,0.8367,EASY,72.4
2016-11-29,4873.21,469.0,12.9,0.8163,EASY,72.4
2016-11-30,4810.81,467.0,13.33,0.7959,EASY,72.4
2016-12-01,4734.1,462.0,14.07,0.7755,UNCERTAIN,67.3
2016-12-02,4739.37,464.0,14.12,0.7551,UNCERTAIN,61.2
2016-12-05,4778.14,458.0,12.14,0.7959,UNCERTAIN,61.2
2016-12-06,4788.67,450.0,11.79,0.7959,UNCERTAIN,69.4
2016-12-07,4851.94,442.0,12.22,0.8163,UNCERTAIN,69.4
2016-12-08,4859.19,438.0,12.64,0.8163,EASY,75.5
2016-12-09,4895.9,428.0,11.75,0.8367,EASY,75.5
2016-12-12,4874.3,425.0,12.64,0.8367,EASY,75.5
2016-12-13,4935.84,420.0,12.72,0.8571,EASY,81.6
2016-12-14,4921.22,412.0,13.19,0.8571,EASY,81.6
2016-12-15,4933.41,420.0,12.79,0.8571,EASY,81.6
2016-12-16,4914.86,421.0,12.2,0.8367,EASY,75.5
2016-12-19,4934.85,423.0,11.71,0.8367,EASY,75.5
2016-12-20,4953.8,420.0,11.45,0.8367,EASY,75.5
2016-12-21,4948.91,419.0,11.27,0.8367,EASY,75.5
2016-12-22,4934.39,417.0,11.43,0.8367,EASY,75.5
2016-12-23,4940.02,416.0,11.44,0.8367,EASY,75.5
2016-12-27,4965.81,411.0,11.99,0.8571,EASY,75.5
2016-12-28,4926.29,415.0,12.95,0.8571,EASY,75.5
2016-12-29,4918.28,418.0,13.37,0.8571,EASY,75.5
2016-12-30,4863.62,421.0,14.04,0.8163,EASY,75.5
2017-01-03,4911.33,413.0,12.85,0.8367,EASY,75.5
2017-01-04,4937.21,402.0,11.85,0.8571,UNCERTAIN,69.4
2017-01-05,4964.95,404.0,11.67,0.8776,EASY,75.5
2017-01-06,5007.08,398.0,11.32,0.8776,EASY,75.5
2017-01-09,5024.9,402.0,11.56,0.8571,EASY,75.5
2017-01-10,5035.17,400.0,11.49,0.8776,EASY,75.5
2017-01-11,5050.21,403.0,11.26,0.8776,EASY,81.6
2017-01-12,5041.43,405.0,11.54,0.8776,EASY,81.6
2017-01-13,5059.51,402.0,11.23,0.8776,EASY,81.6
2017-01-17,5044.65,406.0,11.87,0.8776,EASY,75.5
2017-01-18,5055.85,401.0,12.48,0.8776,EASY,75.5
2017-01-19,5051.17,399.0,12.78,0.8776,EASY,75.5
2017-01-20,5063.2,402.0,11.54,0.8776,EASY,75.5
2017-01-23,5065.7,410.0,11.77,0.8571,EASY,75.5
2017-01-24,5101.06,402.0,11.07,0.8776,EASY,75.5
2017-01-25,5151.47,393.0,10.81,0.8776,EASY,75.5
2017-01-26,5156.92,393.0,10.63,0.8776,EASY,75.5
2017-01-27,5168.06,393.0,10.58,0.8776,EASY,75.5
2017-01-30,5129.33,396.0,11.88,0.8571,EASY,75.5
2017-01-31,5116.77,400.0,11.99,0.8571,EASY,75.5
2017-02-01,5152.69,395.0,11.81,0.8367,EASY,75.5
2017-02-02,5147.7,393.0,11.93,0.8367,EASY,75.5
2017-02-03,5161.6,386.0,10.97,0.8776,EASY,75.5
2017-02-06,5167.96,391.0,11.37,0.898,EASY,75.5
2017-02-07,5185.88,393.0,11.29,0.8776,EASY,75.5
2017-02-08,5196.58,398.0,11.45,0.898,EASY,75.5
2017-02-09,5212.16,393.0,10.88,0.9388,EASY,75.5
2017-02-10,5226.69,390.0,10.85,0.9184,EASY,75.5
2017-02-13,5256.82,386.0,11.07,0.9184,EASY,75.5
2017-02-14,5271.07,380.0,10.74,0.898,EASY,75.5
2017-02-15,5302.39,377.0,11.97,0.9184,EASY,75.5
2017-02-16,5300.64,383.0,11.76,0.9184,EASY,75.5
2017-02-17,5324.72,386.0,11.49,0.9184,EASY,75.5
2017-02-21,5350.73,381.0,11.57,0.898,EASY,75.5
2017-02-22,5352.13,378.0,11.74,0.898,EASY,75.5
2017-02-23,5332.37,377.0,11.71,0.898,EASY,75.5
2017-02-24,5343.31,384.0,11.47,0.898,EASY,75.5
2017-02-27,5347.55,375.0,12.09,0.9184,EASY,75.5
2017-02-28,5330.31,374.0,12.92,0.9184,EASY,75.5
2017-03-01,5390.99,357.0,12.54,0.898,EASY,75.5
2017-03-02,5363.26,355.0,11.81,0.898,EASY,75.5
2017-03-03,5373.48,360.0,10.96,0.898,EASY,75.5
2017-03-06,5360.31,366.0,11.24,0.898,EASY,75.5
2017-03-07,5351.28,373.0,11.45,0.898,EASY,75.5
2017-03-08,5359.81,379.0,11.86,0.898,EASY,75.5
2017-03-09,5363.98,388.0,12.3,0.898,EASY,75.5
2017-03-10,5385.9,389.0,11.66,0.898,EASY,75.5
2017-03-13,5394.57,394.0,11.35,0.9184,EASY,75.5
2017-03-14,5382.17,405.0,12.3,0.9184,EASY,75.5
2017-03-15,5416.25,402.0,11.63,0.898,EASY,75.5
2017-03-16,5412.08,388.0,11.21,0.898,EASY,75.5
2017-03-17,5408.76,391.0,11.28,0.898,EASY,75.5
2017-03-20,5413.31,397.0,11.34,0.898,EASY,75.5
2017-03-21,5332.53,404.0,12.47,0.8776,EASY,75.5
2017-03-22,5367.55,416.0,12.81,0.898,EASY,75.5
2017-03-23,5355.14,411.0,13.12,0.898,EASY,75.5
2017-03-24,5364.0,407.0,12.96,0.898,UNCERTAIN,69.4
2017-03-27,5374.27,412.0,12.5,0.9184,UNCERTAIN,69.4
2017-03-28,5407.21,401.0,11.53,0.9184,EASY,75.5
2017-03-29,5430.27,394.0,11.42,0.9388,EASY,75.5
2017-03-30,5439.74,385.0,11.54,0.9184,EASY,75.5
2017-03-31,5436.23,392.0,12.37,0.9184,EASY,75.5
2017-04-03,5432.2,398.0,12.38,0.898,EASY,75.5
2017-04-04,5440.41,398.0,11.79,0.8776,EASY,75.5
2017-04-05,5418.52,391.0,12.89,0.8571,EASY,75.5
2017-04-06,5420.88,393.0,12.39,0.8571,EASY,75.5
2017-04-07,5418.37,386.0,12.87,0.8571,EASY,75.5
2017-04-10,5421.68,386.0,14.05,0.8571,EASY,75.5
2017-04-11,5398.4,394.0,15.07,0.8571,EASY,75.5
2017-04-12,5377.03,396.0,15.77,0.8571,EASY,75.5
2017-04-13,5353.59,403.0,15.96,0.8367,UNCERTAIN,69.4
2017-04-17,5399.2,400.0,14.66,0.8571,UNCERTAIN,69.4
2017-04-18,5391.66,407.0,14.42,0.8571,UNCERTAIN,69.4
2017-04-19,5399.64,401.0,14.93,0.8571,EASY,75.5
2017-04-20,5443.53,398.0,14.15,0.8776,EASY,75.5
2017-04-21,5442.05,397.0,14.63,0.898,EASY,75.5
2017-04-24,5508.03,386.0,10.84,0.898,EASY,76.5
2017-04-25,5548.19,378.0,10.76,0.898,EASY,76.5
2017-04-26,5541.09,376.0,10.85,0.898,EASY,82.4
2017-04-27,5571.28,378.0,10.36,0.898,EASY,82.4
2017-04-28,5583.53,375.0,10.82,0.9184,EASY,82.4
2017-05-01,5629.63,378.0,10.11,0.898,EASY,82.4
2017-05-02,5644.07,379.0,10.59,0.9184,EASY,82.4
2017-05-03,5625.16,376.0,10.68,0.898,EASY,82.4
2017-05-04,5626.32,380.0,10.46,0.8776,EASY,76.5
2017-05-05,5646.09,382.0,10.57,0.898,EASY,76.5
2017-05-08,5659.07,380.0,9.77,0.8776,EASY,76.5
2017-05-09,5678.31,374.0,9.96,0.898,EASY,76.5
2017-05-10,5681.68,372.0,10.21,0.898,EASY,76.5
2017-05-11,5674.22,372.0,10.6,0.898,EASY,76.5
2017-05-12,5686.81,377.0,10.4,0.8776,EASY,76.5
2017-05-15,5704.48,372.0,10.42,0.8776,EASY,76.5
2017-05-16,5724.44,371.0,10.65,0.8776,EASY,76.5
2017-05-17,5580.55,384.0,15.59,0.8571,EASY,76.5
2017-05-18,5626.31,385.0,14.66,0.8367,EASY,76.5
2017-05-19,5651.56,378.0,12.04,0.8367,EASY,76.5
2017-05-22,5699.4,372.0,10.93,0.8776,EASY,76.5
2017-05-23,5703.35,367.0,10.72,0.8776,EASY,70.6
2017-05-24,5730.3,368.0,10.02,0.898,EASY,76.5
2017-05-25,5778.37,367.0,9.99,0.898,EASY,76.5
2017-05-26,5788.36,367.0,9.81,0.898,EASY,76.5
2017-05-30,5794.63,368.0,10.38,0.898,EASY,76.5
2017-05-31,5788.8,374.0,10.41,0.898,EASY,82.4
2017-06-01,5816.51,369.0,9.89,0.9184,EASY,76.5
2017-06-02,5881.46,369.0,9.75,0.9184,EASY,76.5
2017-06-05,5878.12,368.0,10.07,0.898,EASY,76.5
2017-06-06,5856.77,372.0,10.45,0.9184,EASY,76.5
2017-06-07,5877.59,373.0,10.39,0.9184,EASY,76.5
2017-06-08,5885.3,376.0,10.16,0.9184,EASY,76.5
2017-06-09,5741.94,373.0,10.7,0.8776,EASY,76.5
2017-06-12,5708.18,371.0,11.46,0.8776,EASY,76.5
2017-06-13,5751.82,368.0,10.42,0.898,EASY,70.6
2017-06-14,5727.07,370.0,10.64,0.8776,EASY,70.6
2017-06-15,5700.89,372.0,10.9,0.8776,EASY,70.6
2017-06-16,5681.48,376.0,10.38,0.8776,EASY,70.6
2017-06-19,5772.22,370.0,10.37,0.8776,EASY,70.6
2017-06-20,5726.31,377.0,10.86,0.8776,EASY,70.6
2017-06-21,5782.39,385.0,10.75,0.8571,EASY,76.5
2017-06-22,5779.87,387.0,10.48,0.898,EASY,76.5
2017-06-23,5803.11,386.0,10.02,0.8776,EASY,76.5
2017-06-26,5777.59,383.0,9.9,0.9184,EASY,76.5
2017-06-27,5671.6,377.0,11.06,0.898,EASY,76.5
2017-06-28,5753.03,377.0,10.03,0.898,EASY,76.5
2017-06-29,5653.02,376.0,11.44,0.8776,EASY,76.5
2017-06-30,5646.92,377.0,11.18,0.8571,EASY,70.6
2017-07-03,5596.96,372.0,11.22,0.8571,EASY,70.6
2017-07-05,5648.82,373.0,11.07,0.8571,EASY,70.6
2017-07-06,5597.9,378.0,12.54,0.8163,EASY,70.6
2017-07-07,5656.47,383.0,11.19,0.8367,EASY,70.6
2017-07-10,5694.15,383.0,11.11,0.8367,EASY,70.6
2017-07-11,5709.8,385.0,10.89,0.8367,EASY,76.5
2017-07-12,5778.95,381.0,10.3,0.8571,EASY,76.5
2017-07-13,5793.36,377.0,9.9,0.8776,EASY,76.5
2017-07-14,5838.08,373.0,9.51,0.8776,EASY,82.4
2017-07-17,5839.74,369.0,9.82,0.8776,EASY,82.4
2017-07-18,5880.1,369.0,9.89,0.8776,EASY,82.4
2017-07-19,5916.16,364.0,9.79,0.8776,EASY,82.4
2017-07-20,5921.22,361.0,9.58,0.8776,EASY,82.4
2017-07-21,5921.53,364.0,9.36,0.8776,EASY,82.4
2017-07-24,5941.37,363.0,9.43,0.8776,EASY,82.4
2017-07-25,5930.65,355.0,9.43,0.8776,EASY,76.5
2017-07-26,5950.73,356.0,9.6,0.8776,EASY,76.5
2017-07-27,5917.03,355.0,10.11,0.898,EASY,76.5
2017-07-28,5908.92,359.0,10.29,0.8571,EASY,76.5
2017-07-31,5880.33,361.0,10.26,0.8571,EASY,76.5
2017-08-01,5895.17,360.0,10.09,0.898,EASY,76.5
2017-08-02,5914.23,359.0,10.28,0.8776,EASY,76.5
2017-08-03,5891.2,363.0,10.44,0.8367,EASY,76.5
2017-08-04,5899.91,363.0,10.03,0.8367,EASY,76.5
2017-08-07,5934.73,364.0,9.93,0.8571,EASY,76.5
2017-08-08,5926.35,364.0,10.96,0.8571,EASY,76.5
2017-08-09,5919.39,381.0,11.11,0.8571,EASY,76.5
2017-08-10,5788.19,392.0,16.04,0.8163,EASY,76.5
2017-08-11,5831.53,400.0,15.51,0.8367,EASY,76.5
2017-08-14,5908.17,389.0,12.33,0.8571,EASY,76.5
2017-08-15,5907.73,387.0,12.04,0.8776,EASY,70.6
2017-08-16,5917.42,388.0,11.74,0.8776,EASY,70.6
2017-08-17,5796.32,393.0,15.55,0.7959,EASY,76.5
2017-08-18,5790.91,398.0,14.26,0.7959,EASY,76.5
2017-08-21,5786.54,400.0,13.19,0.7959,EASY,76.5
2017-08-22,5873.33,393.0,11.35,0.8163,EASY,70.6
2017-08-23,5851.78,395.0,12.25,0.7959,EASY,70.6
2017-08-24,5834.44,391.0,12.23,0.8163,EASY,70.6
2017-08-25,5822.53,389.0,11.28,0.7959,EASY,76.5
2017-08-28,5838.08,388.0,11.32,0.8163,EASY,76.5
2017-08-29,5862.14,390.0,11.7,0.7959,EASY,76.5
2017-08-30,5932.9,386.0,11.22,0.8571,EASY,76.5
2017-08-31,5988.6,385.0,10.59,0.8571,EASY,76.5
2017-09-01,5987.9,382.0,10.13,0.8571,EASY,76.5
2017-09-05,5932.73,391.0,12.23,0.8367,EASY,76.5
2017-09-06,5951.13,384.0,11.63,0.8571,EASY,76.5
2017-09-07,5964.31,388.0,11.55,0.8776,EASY,76.5
2017-09-08,5913.37,392.0,12.12,0.8163,EASY,76.5
2017-09-11,5980.53,385.0,10.73,0.8571,EASY,76.5
2017-09-12,5995.64,381.0,10.58,0.8367,EASY,76.5
2017-09-13,6004.38,378.0,10.5,0.8571,EASY,76.5
2017-09-14,5968.82,374.0,10.44,0.8367,EASY,76.5
2017-09-15,5988.0,373.0,10.17,0.8571,EASY,76.5
2017-09-18,5981.12,368.0,10.15,0.8571,EASY,76.5
2017-09-19,5991.08,366.0,10.18,0.8776,EASY,76.5
2017-09-20,5973.61,360.0,9.78,0.898,EASY,76.5
2017-09-21,5934.91,362.0,9.67,0.8776,EASY,76.5
2017-09-22,5932.32,364.0,9.59,0.898,EASY,76.5
2017-09-25,5867.35,366.0,10.21,0.9184,EASY,70.6
2017-09-26,5881.34,362.0,10.17,0.898,EASY,70.6
2017-09-27,5937.79,357.0,9.87,0.9184,EASY,70.6
2017-09-28,5933.07,357.0,9.55,0.898,EASY,70.6
2017-09-29,5979.3,354.0,9.51,0.9184,EASY,70.6
2017-10-02,5981.92,355.0,9.45,0.8776,EASY,76.5
2017-10-03,5995.06,355.0,9.51,0.898,EASY,76.5
2017-10-04,5998.84,354.0,9.63,0.898,EASY,76.5
2017-10-05,6057.14,352.0,9.19,0.898,EASY,76.5
2017-10-06,6064.57,352.0,9.65,0.8571,EASY,76.5
2017-10-09,6058.53,351.0,10.33,0.8571,EASY,76.5
2017-10-10,6063.52,352.0,10.08,0.8571,EASY,76.5
2017-10-11,6081.25,352.0,9.85,0.8776,EASY,76.5
2017-10-12,6069.99,356.0,9.91,0.8776,EASY,76.5
2017-10-13,6092.45,360.0,9.61,0.8776,EASY,76.5
2017-10-16,6114.53,353.0,9.91,0.8571,EASY,76.5
2017-10-17,6122.61,350.0,10.31,0.8571,EASY,76.5
2017-10-18,6114.35,346.0,10.07,0.8776,EASY,84.3
2017-10-19,6092.62,348.0,10.05,0.8571,EASY,84.3
2017-10-20,6108.82,342.0,9.97,0.8571,EASY,84.3
2017-10-23,6067.83,340.0,11.07,0.8776,EASY,84.3
2017-10-24,6080.22,338.0,11.16,0.8367,EASY,84.3
2017-10-25,6055.04,342.0,11.23,0.8163,EASY,84.3
2017-10-26,6037.87,341.0,11.3,0.8163,EASY,78.4
2017-10-27,6213.47,344.0,9.8,0.8367,EASY,84.3
2017-10-30,6227.59,349.0,10.5,0.8163,EASY,84.3
2017-10-31,6248.56,351.0,10.18,0.7959,EASY,76.5
2017-11-01,6248.65,348.0,10.2,0.7959,EASY,84.3
2017-11-02,6236.39,352.0,9.93,0.8163,EASY,82.4
2017-11-03,6295.58,352.0,9.14,0.8367,EASY,82.4
2017-11-06,6313.61,355.0,9.4,0.8367,EASY,82.4
2017-11-07,6320.78,357.0,9.89,0.8367,EASY,82.4
2017-11-08,6345.81,367.0,9.78,0.8367,EASY,76.5
2017-11-09,6312.21,379.0,10.5,0.8163,EASY,76.5
2017-11-10,6309.07,376.0,11.29,0.8367,EASY,76.5
2017-11-13,6316.18,377.0,11.5,0.8163,EASY,76.5
2017-11-14,6293.64,384.0,11.59,0.8163,EASY,76.5
2017-11-15,6258.36,397.0,13.13,0.8367,EASY,76.5
2017-11-16,6339.14,379.0,11.76,0.8367,EASY,76.5
2017-11-17,6314.51,376.0,11.43,0.8163,EASY,76.5
2017-11-20,6308.61,370.0,10.65,0.8367,EASY,76.5
2017-11-21,6378.63,366.0,9.73,0.8367,EASY,76.5
2017-11-22,6386.12,370.0,9.88,0.8571,EASY,76.5
2017-11-24,6409.29,367.0,9.67,0.8367,EASY,76.5
2017-11-27,6405.97,366.0,9.87,0.7959,EASY,76.5
2017-11-28,6422.56,367.0,10.03,0.8571,EASY,76.5
2017-11-29,6311.38,364.0,10.7,0.8776,EASY,76.5
2017-11-30,6365.56,361.0,11.28,0.8776,EASY,76.5
2017-12-01,6337.87,363.0,11.43,0.898,EASY,76.5
2017-12-04,6263.7,358.0,11.68,0.898,EASY,76.5
2017-12-05,6265.11,357.0,11.33,0.898,EASY,70.6
2017-12-06,6293.05,363.0,11.02,0.898,EASY,70.6
2017-12-07,6316.28,363.0,10.16,0.8776,EASY,70.6
2017-12-08,6344.57,363.0,9.58,0.8776,EASY,70.6
2017-12-11,6393.89,361.0,9.34,0.9388,EASY,76.5
2017-12-12,6383.65,358.0,9.92,0.9388,EASY,76.5
2017-12-13,6394.67,364.0,10.18,0.9388,EASY,76.5
2017-12-14,6389.91,363.0,10.49,0.9184,EASY,76.5
2017-12-15,6466.32,364.0,9.42,0.9184,EASY,76.5
2017-12-18,6513.27,364.0,9.53,0.9388,EASY,76.5
2017-12-19,6480.67,360.0,10.03,0.9388,EASY,76.5
2017-12-20,6472.48,358.0,9.72,0.9184,EASY,76.5
2017-12-21,6472.69,357.0,9.62,0.9388,EASY,76.5
2017-12-22,6465.17,356.0,9.9,0.9184,EASY,76.5
2017-12-26,6433.16,357.0,10.25,0.9184,EASY,76.5
2017-12-27,6435.15,359.0,10.47,0.9184,EASY,76.5
2017-12-28,6441.42,355.0,10.18,0.9184,EASY,76.5
2017-12-29,6396.42,358.0,11.04,0.898,EASY,70.6
2018-01-02,6511.34,355.0,9.77,0.9184,EASY,76.5
2018-01-03,6575.8,348.0,9.15,0.9184,EASY,84.3
2018-01-04,6584.58,340.0,9.22,0.898,EASY,84.3
2018-01-05,6653.29,336.0,9.22,0.898,EASY,84.3
2018-01-08,6676.63,335.0,9.52,0.9592,EASY,90.2
2018-01-09,6677.94,333.0,10.08,0.9388,EASY,90.2
2018-01-10,6662.66,342.0,9.82,0.9388,EASY,90.2
2018-01-11,6708.49,340.0,9.88,0.9388,EASY,90.2
2018-01-12,6758.54,337.0,10.16,0.9388,EASY,90.2
2018-01-16,6737.14,334.0,11.66,0.9184,EASY,84.3
2018-01-17,6810.28,334.0,11.91,0.9388,EASY,84.3
2018-01-18,6811.38,335.0,12.22,0.9388,EASY,84.3
2018-01-19,6834.33,335.0,11.27,0.9592,EASY,84.3
2018-01-22,6906.28,332.0,11.03,0.9592,EASY,84.3
2018-01-23,6963.46,331.0,11.1,0.9592,EASY,90.2
2018-01-24,6919.35,328.0,11.47,0.9592,EASY,90.2
2018-01-25,6916.3,328.0,11.58,0.9592,EASY,90.2
2018-01-26,7022.97,323.0,11.08,0.9592,EASY,90.2
2018-01-29,6988.32,326.0,13.84,0.9184,EASY,90.2
2018-01-30,6930.73,333.0,14.79,0.9184,EASY,84.3
2018-01-31,6949.99,329.0,13.54,0.9388,EASY,84.3
2018-02-01,6901.5,329.0,13.47,0.9184,EASY,84.3
2018-02-02,6760.29,336.0,17.31,0.9184,EASY,84.3
2018-02-05,6495.92,348.0,37.32,0.7551,UNCERTAIN,58.8
2018-02-06,6665.98,360.0,29.98,0.8367,UNCERTAIN,58.8
2018-02-07,6582.02,346.0,27.73,0.7959,UNCERTAIN,58.8
2018-02-08,6306.1,359.0,33.46,0.6122,UNCERTAIN,51.0
2018-02-09,6412.68,382.0,29.06,0.6531,UNCERTAIN,51.0
2018-02-12,6523.85,371.0,25.61,0.7551,UNCERTAIN,51.0
2018-02-13,6553.86,378.0,24.97,0.7551,UNCERTAIN,56.9
2018-02-14,6675.03,369.0,19.26,0.7959,EASY,70.6
2018-02-15,6794.92,357.0,19.13,0.8367,EASY,76.5
2018-02-16,6770.66,350.0,19.46,0.8571,EASY,82.4
2018-02-20,6779.69,348.0,20.6,0.8571,EASY,84.3
2018-02-21,6759.26,346.0,20.02,0.8367,EASY,84.3
2018-02-22,6761.85,353.0,18.72,0.8367,EASY,82.4
2018-02-23,6896.6,358.0,16.49,0.8776,EASY,82.4
2018-02-26,6989.1,350.0,15.8,0.9184,EASY,82.4
2018-02-27,6900.35,347.0,18.59,0.8776,EASY,90.2
2018-02-28,6854.42,347.0,19.85,0.8367,EASY,84.3
2018-03-01,6750.54,359.0,22.47,0.7959,EASY,70.6
2018-03-02,6811.04,365.0,19.59,0.8367,EASY,76.5
2018-03-05,6881.28,359.0,18.73,0.8571,EASY,76.5
2018-03-06,6913.02,353.0,18.36,0.8571,EASY,76.5
2018-03-07,6929.39,356.0,17.76,0.8367,EASY,76.5
2018-03-08,6966.43,356.0,16.54,0.8367,EASY,76.5
2018-03-09,7101.18,353.0,14.64,0.8776,EASY,76.5
2018-03-12,7131.12,355.0,15.78,0.8776,EASY,82.4
2018-03-13,7046.51,358.0,16.35,0.8776,EASY,82.4
2018-03-14,7040.98,362.0,17.23,0.8367,EASY,82.4
2018-03-15,7030.97,362.0,16.59,0.8367,EASY,82.4
2018-03-16,7019.95,360.0,15.8,0.8367,EASY,76.5
2018-03-19,6864.88,365.0,19.02,0.8163,EASY,76.5
2018-03-20,6885.92,362.0,18.2,0.7959,EASY,70.6
2018-03-21,6853.45,360.0,17.86,0.7755,EASY,70.6
2018-03-22,6682.26,370.0,23.34,0.7551,UNCERTAIN,56.9
2018-03-23,6508.09,374.0,24.87,0.6327,UNCERTAIN,56.9
2018-03-26,6753.83,373.0,21.03,0.7347,UNCERTAIN,64.7
2018-03-27,6529.84,375.0,22.5,0.6531,UNCERTAIN,56.9
2018-03-28,6460.81,377.0,22.87,0.6327,UNCERTAIN,56.9
2018-03-29,6581.13,379.0,19.97,0.6939,UNCERTAIN,62.7
2018-04-02,6390.84,377.0,23.62,0.5918,UNCERTAIN,49.0
2018-04-03,6458.83,371.0,21.1,0.6531,UNCERTAIN,56.9
2018-04-04,6560.06,371.0,20.06,0.6735,UNCERTAIN,56.9
2018-04-05,6594.84,359.0,18.94,0.6939,UNCERTAIN,62.7
2018-04-06,6433.21,364.0,21.49,0.6122,UNCERTAIN,56.9
2018-04-09,6472.34,361.0,21.77,0.6327,UNCERTAIN,56.9
2018-04-10,6615.87,352.0,20.47,0.7143,UNCERTAIN,62.7
2018-04-11,6583.44,350.0,20.24,0.6735,UNCERTAIN,62.7
2018-04-12,6656.26,342.0,18.49,0.7143,EASY,76.5
2018-04-13,6628.34,338.0,17.41,0.6735,EASY,76.5
2018-04-16,6675.18,333.0,16.56,0.7755,EASY,76.5
2018-04-17,6816.37,329.0,15.25,0.7347,EASY,90.2
2018-04-18,6833.21,324.0,15.6,0.7551,EASY,90.2
2018-04-19,6774.89,333.0,15.96,0.6735,EASY,90.2
2018-04-20,6667.75,333.0,16.88,0.6531,EASY,82.4
2018-04-23,6648.8,336.0,16.34,0.6531,EASY,76.5
2018-04-24,6509.05,341.0,18.02,0.5714,UNCERTAIN,68.6
2018-04-25,6513.94,347.0,17.84,0.5714,UNCERTAIN,62.7
2018-04-26,6649.65,343.0,16.24,0.6735,EASY,70.6
2018-04-27,6656.35,344.0,15.41,0.6531,EASY,70.6
2018-04-30,6605.57,346.0,15.93,0.5306,UNCERTAIN,62.7
2018-05-01,6681.96,347.0,15.49,0.6327,EASY,70.6
2018-05-02,6644.48,345.0,15.97,0.6122,EASY,76.5
2018-05-03,6643.48,350.0,15.9,0.5714,UNCERTAIN,60.8
2018-05-04,6769.12,349.0,14.77,0.6939,EASY,84.3
2018-05-07,6821.87,346.0,14.75,0.6939,EASY,84.3
2018-05-08,6815.48,346.0,14.71,0.6939,EASY,84.3
2018-05-09,6893.21,343.0,13.42,0.7347,EASY,90.2
2018-05-10,6963.55,341.0,13.23,0.7551,EASY,90.2
2018-05-11,6952.56,340.0,12.65,0.7755,EASY,90.2
2018-05-14,6964.37,337.0,12.93,0.7551,EASY,90.2
2018-05-15,6888.54,336.0,14.63,0.7551,EASY,90.2
2018-05-16,6929.97,337.0,13.42,0.7551,EASY,90.2
2018-05-17,6901.63,336.0,13.43,0.7551,EASY,84.3
2018-05-18,6866.25,341.0,13.42,0.7347,EASY,84.3
2018-05-21,6905.53,340.0,13.08,0.7347,EASY,84.3
2018-05-22,6893.62,339.0,13.22,0.7551,EASY,84.3
2018-05-23,6953.63,348.0,12.58,0.7551,EASY,84.3
2018-05-24,6949.7,349.0,12.53,0.7755,EASY,84.3
2018-05-25,6960.92,353.0,13.22,0.8163,EASY,76.5
2018-05-29,6926.54,375.0,17.02,0.7755,EASY,76.5
2018-05-30,6976.37,364.0,14.94,0.7959,EASY,76.5
2018-05-31,6967.73,363.0,15.43,0.7551,EASY,76.5
2018-06-01,7083.93,355.0,13.46,0.7551,EASY,76.5
2018-06-04,7143.57,349.0,12.74,0.7551,EASY,84.3
2018-06-05,7166.75,350.0,12.4,0.7755,EASY,76.5
2018-06-06,7210.08,344.0,11.64,0.7755,EASY,90.2
2018-06-07,7152.83,344.0,12.13,0.7551,EASY,90.2
2018-06-08,7152.62,345.0,12.18,0.7551,EASY,90.2
2018-06-11,7168.48,339.0,12.35,0.7755,EASY,90.2
2018-06-12,7209.18,338.0,12.34,0.7347,EASY,84.3
2018-06-13,7205.26,333.0,12.94,0.7347,EASY,84.3
2018-06-14,7279.59,331.0,12.12,0.7551,EASY,84.3
2018-06-15,7255.76,333.0,11.98,0.7551,EASY,84.3
2018-06-18,7251.41,334.0,12.31,0.7551,EASY,84.3
2018-06-19,7228.04,340.0,13.35,0.7347,EASY,84.3
2018-06-20,7280.7,334.0,12.79,0.7347,EASY,84.3
2018-06-21,7217.49,339.0,14.64,0.7347,EASY,84.3
2018-06-22,7197.51,339.0,13.77,0.7143,EASY,84.3
2018-06-25,7038.17,347.0,17.33,0.6735,EASY,78.4
2018-06-26,7068.2,348.0,15.92,0.6531,EASY,78.4
2018-06-27,6969.67,356.0,17.91,0.6531,EASY,70.6
2018-06-28,7031.6,364.0,16.85,0.6327,EASY,70.6
2018-06-29,7040.8,361.0,16.09,0.6531,EASY,70.6
2018-07-02,7097.82,378.0,15.6,0.6735,EASY,70.6
2018-07-03,7014.55,377.0,16.14,0.6327,EASY,70.6
2018-07-05,7101.05,374.0,14.97,0.6939,EASY,76.5
2018-07-06,7207.33,374.0,13.37,0.7551,EASY,76.5
2018-07-09,7276.0,365.0,12.69,0.7143,EASY,76.5
2018-07-10,7282.6,359.0,12.64,0.7755,EASY,76.5
2018-07-11,7243.98,366.0,13.63,0.7143,EASY,82.4
2018-07-12,7366.25,361.0,12.58,0.7551,EASY,82.4
2018-07-13,7375.82,362.0,12.18,0.7551,EASY,82.4
2018-07-16,7357.9,359.0,12.83,0.7551,EASY,82.4
2018-07-17,7403.89,358.0,12.06,0.7959,EASY,82.4
2018-07-18,7390.13,356.0,12.1,0.8163,EASY,82.4
2018-07-19,7352.36,359.0,12.87,0.8163,EASY,76.5
2018-07-20,7350.23,355.0,12.86,0.7755,EASY,76.5
2018-07-23,7371.78,350.0,12.62,0.7551,EASY,76.5
2018-07-24,7406.25,347.0,12.41,0.7551,EASY,84.3
2018-07-25,7508.59,348.0,12.29,0.7755,EASY,84.3
2018-07-26,7400.75,342.0,12.14,0.7551,EASY,84.3
2018-07-27,7296.78,342.0,13.03,0.7551,EASY,84.3
2018-07-30,7193.1,343.0,14.26,0.7347,EASY,84.3
2018-07-31,7231.98,346.0,12.83,0.7755,EASY,78.4
2018-08-01,7272.89,343.0,13.15,0.7755,EASY,78.4
2018-08-02,7372.15,343.0,12.19,0.8163,EASY,78.4
2018-08-03,7395.49,343.0,11.64,0.8163,EASY,78.4
2018-08-06,7438.99,343.0,11.27,0.8367,EASY,84.3
2018-08-07,7462.65,335.0,10.93,0.8367,EASY,84.3
2018-08-08,7469.55,337.0,10.85,0.8367,EASY,90.2
2018-08-09,7466.96,338.0,11.27,0.8163,EASY,90.2
2018-08-10,7408.3,350.0,13.16,0.7959,EASY,82.4
2018-08-13,7401.17,352.0,14.78,0.7755,EASY,76.5
2018-08-14,7447.17,348.0,13.31,0.7755,EASY,84.3
2018-08-15,7354.66,355.0,14.64,0.7551,EASY,76.5
2018-08-16,7374.29,349.0,13.45,0.7755,EASY,78.4
2018-08-17,7377.54,349.0,12.64,0.7347,EASY,78.4
2018-08-20,7371.42,352.0,12.49,0.7143,EASY,70.6
2018-08-21,7397.23,348.0,12.86,0.7551,EASY,78.4
2018-08-22,7424.6,348.0,12.25,0.7755,EASY,84.3
2018-08-23,7413.84,347.0,12.41,0.7347,EASY,84.3
2018-08-24,7485.4,346.0,11.99,0.7959,EASY,84.3
2018-08-27,7559.13,343.0,12.16,0.8163,EASY,84.3
2018-08-28,7570.25,340.0,12.5,0.7959,EASY,84.3
2018-08-29,7660.18,339.0,12.25,0.7959,EASY,84.3
2018-08-30,7642.67,344.0,13.53,0.7959,EASY,90.2
2018-08-31,7654.55,349.0,12.86,0.7959,EASY,90.2
2018-09-04,7622.32,346.0,13.16,0.7755,EASY,90.2
2018-09-05,7523.26,349.0,13.91,0.7347,EASY,84.3
2018-09-06,7453.17,352.0,14.65,0.6939,EASY,76.5
2018-09-07,7430.26,348.0,14.88,0.6939,EASY,78.4
2018-09-10,7447.68,346.0,14.16,0.7143,EASY,78.4
2018-09-11,7507.87,340.0,13.22,0.6735,EASY,78.4
2018-09-12,7488.06,338.0,13.14,0.6531,EASY,78.4
2018-09-13,7561.69,335.0,12.37,0.6939,EASY,78.4
2018-09-14,7545.5,329.0,12.07,0.6735,EASY,84.3
2018-09-17,7434.73,329.0,13.68,0.6531,EASY,84.3
2018-09-18,7494.4,324.0,12.79,0.6735,EASY,84.3
2018-09-19,7490.32,324.0,11.75,0.7143,EASY,84.3
2018-09-20,7569.03,325.0,11.8,0.7551,EASY,84.3
2018-09-21,7531.07,325.0,11.68,0.7551,EASY,84.3
2018-09-24,7548.75,328.0,12.2,0.7551,EASY,84.3
2018-09-25,7563.19,326.0,12.42,0.6939,EASY,84.3
2018-09-26,7563.09,327.0,12.89,0.6939,EASY,84.3
2018-09-27,7629.57,325.0,12.41,0.7143,EASY,84.3
2018-09-28,7627.65,324.0,12.12,0.7143,EASY,84.3
2018-10-01,7645.45,322.0,12.0,0.6939,EASY,84.3
2018-10-02,7628.28,322.0,12.05,0.7347,EASY,84.3
2018-10-03,7637.43,316.0,11.61,0.7143,EASY,84.3
2018-10-04,7490.0,329.0,14.22,0.6939,EASY,84.3
2018-10-05,7399.01,332.0,14.82,0.6735,EASY,84.3
2018-10-08,7352.82,332.0,15.69,0.6735,EASY,78.4
2018-10-09,7371.62,341.0,15.95,0.6735,EASY,78.4
2018-10-10,7044.5,351.0,22.96,0.5102,UNCERTAIN,49.0
2018-10-11,6964.03,358.0,24.98,0.4286,UNCERTAIN,41.2
2018-10-12,7157.21,354.0,21.31,0.5102,UNCERTAIN,49.0
2018-10-15,7068.67,349.0,21.3,0.4694,UNCERTAIN,56.9
2018-10-16,7276.43,345.0,17.62,0.551,EASY,70.6
2018-10-17,7278.63,345.0,17.4,0.551,EASY,70.6
2018-10-18,7116.09,351.0,20.06,0.4898,UNCERTAIN,49.0
2018-10-19,7107.23,351.0,19.89,0.4898,UNCERTAIN,60.8
2018-10-22,7141.21,352.0,19.64,0.4694,UNCERTAIN,60.8
2018-10-23,7118.67,365.0,20.71,0.5102,UNCERTAIN,54.9
2018-10-24,6789.15,368.0,25.23,0.3878,HARD,19.6
2018-10-25,7016.39,372.0,24.22,0.4286,UNCERTAIN,41.2
2018-10-26,6852.4,385.0,24.16,0.4286,HARD,33.3
2018-10-29,6713.9,384.0,24.7,0.3878,HARD,25.5
2018-10-30,6810.12,389.0,23.35,0.4286,HARD,33.3
2018-10-31,6967.1,381.0,21.23,0.4286,UNCERTAIN,41.2
2018-11-01,7069.17,381.0,19.34,0.4694,UNCERTAIN,54.9
2018-11-02,6965.29,372.0,19.51,0.4694,UNCERTAIN,47.1
2018-11-05,6937.09,372.0,19.96,0.4898,UNCERTAIN,52.9
2018-11-06,6988.85,368.0,19.91,0.5102,UNCERTAIN,58.8
2018-11-07,7203.13,360.0,16.36,0.5714,EASY,74.5
2018-11-08,7158.59,357.0,16.72,0.5306,UNCERTAIN,66.7
2018-11-09,7039.15,371.0,17.36,0.5306,UNCERTAIN,58.8
2018-11-12,6829.1,371.0,20.45,0.4286,HARD,39.2
2018-11-13,6830.91,389.0,20.02,0.4286,HARD,39.2
2018-11-14,6769.87,399.0,21.25,0.4082,HARD,33.3
2018-11-15,6890.45,411.0,19.98,0.449,HARD,39.2
2018-11-16,6867.02,418.0,18.14,0.4694,HARD,39.2
2018-11-19,6642.92,425.0,20.1,0.3878,HARD,25.5
2018-11-20,6526.96,433.0,22.48,0.3061,HARD,25.5
2018-11-21,6575.66,424.0,20.8,0.3265,HARD,25.5
2018-11-23,6527.35,429.0,21.52,0.3265,HARD,25.5
2018-11-26,6678.34,426.0,18.9,0.3878,HARD,31.4
2018-11-27,6701.04,431.0,19.02,0.3878,HARD,31.4
2018-11-28,6913.33,425.0,18.49,0.4898,HARD,39.2
2018-11-29,6892.4,422.0,18.79,0.4898,UNCERTAIN,43.1
2018-11-30,6949.01,429.0,18.07,0.5714,UNCERTAIN,56.9
2018-12-03,7062.13,420.0,16.44,0.5714,UNCERTAIN,56.9
2018-12-04,6795.21,429.0,20.74,0.4286,HARD,31.4
2018-12-06,6838.85,450.0,21.19,0.449,UNCERTAIN,43.1
2018-12-07,6613.28,450.0,23.23,0.3878,HARD,23.5
2018-12-10,6682.74,456.0,22.64,0.449,HARD,29.4
2018-12-11,6704.24,448.0,21.76,0.449,HARD,31.4
2018-12-12,6763.96,440.0,21.46,0.449,HARD,31.4
2018-12-13,6767.97,439.0,20.65,0.449,HARD,29.4
2018-12-14,6594.96,446.0,21.63,0.3061,HARD,21.6
2018-12-17,6448.39,458.0,24.52,0.2245,HARD,5.9
2018-12-18,6491.52,472.0,25.58,0.2449,HARD,0.0
2018-12-19,6342.97,484.0,25.58,0.2041,HARD,0.0
2018-12-20,6243.19,511.0,28.38,0.1633,HARD,0.0
2018-12-21,6046.56,522.0,30.11,0.1224,HARD,0.0
2018-12-24,5899.35,535.0,36.07,0.0816,HARD,0.0
2018-12-26,6262.77,537.0,30.41,0.1429,HARD,0.0
2018-12-27,6288.3,538.0,29.96,0.1633,HARD,0.0
2018-12-28,6285.27,530.0,28.34,0.1633,HARD,0.0
2018-12-31,6329.97,533.0,25.42,0.1837,HARD,0.0
2019-01-02,6360.87,535.0,23.22,0.1837,HARD,11.8
2019-01-03,6147.13,544.0,25.45,0.1429,HARD,0.0
2019-01-04,6422.67,505.0,21.38,0.2449,HARD,22.5
2019-01-07,6488.25,483.0,21.4,0.2857,HARD,22.5
2019-01-08,6551.85,465.0,20.47,0.3061,HARD,30.4
2019-01-09,6600.69,452.0,19.98,0.3061,HARD,36.3
2019-01-10,6620.94,454.0,19.5,0.3469,HARD,36.3
2019-01-11,6601.4,455.0,18.19,0.3469,HARD,36.3
2019-01-14,6541.04,460.0,19.07,0.3265,HARD,36.3
2019-01-15,6669.64,455.0,18.6,0.3878,HARD,36.3
2019-01-16,6668.56,444.0,19.04,0.3878,UNCERTAIN,44.1
2019-01-17,6718.45,440.0,18.06,0.449,UNCERTAIN,46.1
2019-01-18,6784.61,427.0,17.8,0.5306,UNCERTAIN,46.1
2019-01-22,6646.81,441.0,20.8,0.4082,UNCERTAIN,40.2
2019-01-23,6658.76,439.0,19.52,0.4082,UNCERTAIN,46.1
2019-01-24,6702.55,445.0,18.89,0.4694,UNCERTAIN,46.1
2019-01-25,6787.37,434.0,17.42,0.5306,UNCERTAIN,46.1
2019-01-28,6697.09,441.0,18.87,0.4898,UNCERTAIN,46.1
2019-01-29,6632.79,440.0,19.13,0.3878,HARD,38.2
2019-01-30,6807.91,436.0,17.66,0.5306,UNCERTAIN,46.1
2019-01-31,6906.84,437.0,16.57,0.5918,UNCERTAIN,53.9
2019-02-01,6875.52,429.0,16.14,0.5714,UNCERTAIN,46.1
2019-02-04,6959.96,425.0,15.73,0.6735,UNCERTAIN,67.6
2019-02-05,7023.52,415.0,15.57,0.7143,UNCERTAIN,67.6
2019-02-06,6997.62,413.0,15.38,0.7347,UNCERTAIN,67.6
2019-02-07,6904.98,429.0,16.37,0.6735,UNCERTAIN,67.6
2019-02-08,6913.13,432.0,15.72,0.6735,UNCERTAIN,67.6
2019-02-11,6909.18,428.0,15.97,0.6531,UNCERTAIN,61.8
2019-02-12,7014.67,417.0,15.43,0.6939,UNCERTAIN,61.8
2019-02-13,7015.88,412.0,15.65,0.7143,UNCERTAIN,61.8
2019-02-14,7022.42,417.0,16.22,0.7143,UNCERTAIN,61.8
2019-02-15,7055.18,412.0,14.91,0.7347,UNCERTAIN,69.6
2019-02-19,7066.61,411.0,14.88,0.7347,UNCERTAIN,69.6
2019-02-20,7062.34,408.0,14.02,0.7551,UNCERTAIN,69.6
2019-02-21,7035.16,404.0,14.46,0.7143,UNCERTAIN,61.8
2019-02-22,7090.63,405.0,13.51,0.7143,UNCERTAIN,69.6
2019-02-25,7115.43,400.0,14.85,0.7551,UNCERTAIN,69.6
2019-02-26,7123.22,401.0,15.17,0.7347,UNCERTAIN,69.6
2019-02-27,7117.0,394.0,14.7,0.7347,UNCERTAIN,69.6
2019-02-28,7097.53,392.0,14.78,0.7551,UNCERTAIN,69.6
2019-03-01,7151.57,386.0,13.57,0.7755,UNCERTAIN,69.6
2019-03-04,7150.83,390.0,14.63,0.8163,UNCERTAIN,69.6
2019-03-05,7156.79,391.0,14.74,0.7959,UNCERTAIN,69.6
2019-03-06,7112.47,398.0,15.74,0.7959,UNCERTAIN,69.6
2019-03-07,7026.88,410.0,16.59,0.7551,UNCERTAIN,61.8
2019-03-08,7015.69,418.0,16.05,0.7347,UNCERTAIN,61.8
2019-03-11,7164.02,412.0,14.33,0.7755,UNCERTAIN,69.6
2019-03-12,7201.28,408.0,13.77,0.7755,EASY,77.5
2019-03-13,7256.98,399.0,13.41,0.7755,EASY,77.5
2019-03-14,7243.01,395.0,13.5,0.7551,EASY,77.5
2019-03-15,7306.99,395.0,12.88,0.8163,EASY,77.5
2019-03-18,7326.28,395.0,13.1,0.8367,EASY,83.3
2019-03-19,7349.28,391.0,13.56,0.8367,EASY,83.3
2019-03-20,7380.75,397.0,13.91,0.8367,EASY,83.3
2019-03-21,7493.27,392.0,13.63,0.898,EASY,83.3
2019-03-22,7326.06,403.0,16.48,0.8163,EASY,79.4
2019-03-25,7316.96,413.0,16.33,0.7959,EASY,79.4
2019-03-26,7351.15,409.0,14.68,0.8571,EASY,79.4
2019-03-27,7308.19,409.0,15.15,0.7959,EASY,79.4
2019-03-28,7320.47,408.0,14.43,0.8163,EASY,73.5
2019-03-29,7378.77,399.0,13.71,0.8571,EASY,79.4
2019-04-01,7478.42,394.0,13.4,0.8776,EASY,79.4
2019-04-02,7499.64,395.0,13.36,0.8776,EASY,79.4
2019-04-03,7544.97,390.0,13.74,0.898,EASY,79.4
2019-04-04,7540.57,390.0,13.58,0.8776,EASY,85.3
2019-04-05,7578.84,386.0,12.82,0.898,EASY,87.3
2019-04-08,7599.74,384.0,13.18,0.898,EASY,87.3
2019-04-09,7568.49,386.0,14.28,0.8776,EASY,87.3
2019-04-10,7611.49,386.0,13.3,0.8776,EASY,81.4
2019-04-11,7594.89,379.0,13.02,0.8776,EASY,81.4
2019-04-12,7628.15,368.0,12.01,0.8571,EASY,81.4
2019-04-15,7629.12,368.0,12.32,0.8571,EASY,81.4
2019-04-16,7654.73,364.0,12.18,0.898,EASY,81.4
2019-04-17,7680.72,367.0,12.6,0.8571,EASY,81.4
2019-04-18,7689.72,373.0,12.09,0.8776,EASY,81.4
2019-04-22,7713.49,373.0,12.42,0.8571,EASY,81.4
2019-04-23,7810.71,372.0,12.28,0.8776,EASY,81.4
2019-04-24,7784.41,373.0,13.14,0.8776,EASY,81.4
2019-04-25,7816.92,375.0,13.25,0.8776,EASY,81.4
2019-04-26,7826.68,376.0,12.73,0.8776,EASY,81.4
2019-04-29,7839.04,373.0,13.11,0.8776,EASY,81.4
2019-04-30,7781.46,373.0,13.12,0.8776,EASY,81.4
2019-05-01,7751.85,371.0,14.8,0.8571,EASY,81.4
2019-05-02,7724.06,374.0,14.42,0.8571,EASY,81.4
2019-05-03,7845.73,372.0,12.87,0.8571,EASY,81.4
2019-05-06,7794.09,382.0,15.44,0.8571,EASY,81.4
2019-05-07,7640.15,389.0,19.32,0.8367,EASY,75.5
2019-05-08,7617.55,387.0,19.4,0.8367,EASY,75.5
2019-05-09,7582.75,399.0,19.1,0.8163,EASY,75.5
2019-05-10,7586.53,401.0,16.04,0.8163,EASY,75.5
2019-05-13,7324.13,420.0,20.55,0.7347,UNCERTAIN,61.8
2019-05-14,7401.88,413.0,18.06,0.7551,EASY,75.5
2019-05-15,7503.25,417.0,16.44,0.8163,EASY,75.5
2019-05-16,7580.14,406.0,15.29,0.7755,EASY,75.5
2019-05-17,7503.68,407.0,15.96,0.7755,EASY,75.5
2019-05-20,7376.7,406.0,16.31,0.7755,EASY,75.5
2019-05-21,7451.02,399.0,14.95,0.7959,EASY,81.4
2019-05-22,7420.66,403.0,14.75,0.7959,EASY,81.4
2019-05-23,7307.93,422.0,16.92,0.7755,UNCERTAIN,67.6
2019-05-24,7300.96,416.0,15.85,0.7143,UNCERTAIN,67.6
2019-05-28,7278.38,419.0,17.5,0.6735,UNCERTAIN,67.6
2019-05-29,7216.86,436.0,17.9,0.6735,UNCERTAIN,67.6
2019-05-30,7245.4,433.0,17.3,0.7143,UNCERTAIN,67.6
2019-05-31,7127.96,459.0,18.71,0.6735,UNCERTAIN,52.0
2019-06-03,6978.02,470.0,18.86,0.6122,UNCERTAIN,44.1
2019-06-04,7166.75,453.0,16.97,0.6939,UNCERTAIN,59.8
2019-06-05,7220.9,448.0,16.09,0.6939,UNCERTAIN,67.6
2019-06-06,7275.93,442.0,15.93,0.7143,UNCERTAIN,67.6
2019-06-07,7417.29,437.0,16.3,0.7347,EASY,81.4
2019-06-10,7501.93,423.0,15.94,0.7347,EASY,87.3
2019-06-11,7513.85,420.0,15.99,0.7347,EASY,87.3
2019-06-12,7472.29,422.0,15.91,0.7551,EASY,87.3
2019-06-13,7510.68,424.0,15.82,0.7551,EASY,87.3
2019-06-14,7479.11,423.0,15.28,0.7551,EASY,87.3
2019-06-17,7526.52,423.0,15.35,0.7551,EASY,87.3
2019-06-18,7635.4,414.0,15.15,0.7755,EASY,81.4
2019-06-19,7667.74,416.0,14.33,0.8163,EASY,81.4
2019-06-20,7738.05,403.0,14.75,0.8367,EASY,81.4
2019-06-21,7728.78,395.0,15.4,0.8571,EASY,87.3
2019-06-24,7723.02,400.0,15.26,0.8367,EASY,87.3
2019-06-25,7591.54,409.0,16.28,0.8163,EASY,87.3
2019-06-26,7627.05,405.0,16.21,0.7755,EASY,81.4
2019-06-27,7657.05,409.0,15.82,0.8163,EASY,81.4
2019-06-28,7671.08,407.0,15.08,0.8367,EASY,81.4
2019-07-01,7768.14,399.0,14.06,0.8571,EASY,81.4
2019-07-02,7799.82,404.0,12.93,0.8571,EASY,81.4
2019-07-03,7857.69,402.0,12.57,0.898,EASY,81.4
2019-07-05,7841.3,398.0,13.28,0.898,EASY,81.4
2019-07-08,7785.79,400.0,13.96,0.8367,EASY,87.3
2019-07-09,7826.86,403.0,14.09,0.898,EASY,87.3
2019-07-10,7903.4,401.0,13.03,0.9184,EASY,81.4
2019-07-11,7896.78,400.0,12.93,0.898,EASY,81.4
2019-07-12,7943.24,402.0,12.39,0.898,EASY,81.4
2019-07-15,7966.93,400.0,12.68,0.9184,EASY,81.4
2019-07-16,7927.08,396.0,12.86,0.898,EASY,81.4
2019-07-17,7888.76,401.0,13.97,0.898,EASY,81.4
2019-07-18,7904.13,411.0,13.53,0.898,EASY,81.4
2019-07-19,7834.9,407.0,14.45,0.8571,EASY,81.4
2019-07-22,7905.12,406.0,13.53,0.8776,EASY,81.4
2019-07-23,7954.56,399.0,12.61,0.898,EASY,81.4
2019-07-24,8010.61,398.0,12.07,0.898,EASY,81.4
2019-07-25,7929.87,393.0,12.74,0.898,EASY,81.4
2019-07-26,8016.95,389.0,12.16,0.898,EASY,81.4
2019-07-29,7989.08,393.0,12.83,0.898,EASY,81.4
2019-07-30,7952.47,397.0,13.94,0.898,EASY,81.4
2019-07-31,7848.78,393.0,16.12,0.8776,EASY,86.3
2019-08-01,7801.15,410.0,17.87,0.8776,EASY,86.3
2019-08-02,7692.8,419.0,17.61,0.8367,EASY,80.4
2019-08-05,7415.69,453.0,24.59,0.7551,UNCERTAIN,58.8
2019-08-06,7521.32,446.0,20.17,0.7959,UNCERTAIN,66.7
2019-08-07,7551.9,452.0,19.49,0.7959,EASY,72.5
2019-08-08,7724.83,431.0,16.91,0.8571,EASY,80.4
2019-08-09,7646.27,431.0,17.97,0.8367,EASY,80.4
2019-08-12,7561.68,440.0,21.09,0.8163,EASY,74.5
2019-08-13,7728.15,425.0,17.52,0.8367,EASY,86.3
2019-08-14,7490.13,449.0,22.1,0.8163,UNCERTAIN,66.7
2019-08-15,7484.89,452.0,21.18,0.7755,UNCERTAIN,64.7
2019-08-16,7604.11,447.0,18.47,0.7755,EASY,86.3
2019-08-19,7719.32,436.0,16.88,0.7959,EASY,86.3
2019-08-20,7664.47,435.0,17.5,0.7959,EASY,80.4
2019-08-21,7733.22,421.0,15.8,0.7959,EASY,86.3
2019-08-22,7707.43,416.0,16.68,0.7959,EASY,86.3
2019-08-23,7464.99,425.0,19.87,0.7755,EASY,72.5
2019-08-26,7575.02,422.0,19.32,0.7959,EASY,86.3
2019-08-27,7566.03,419.0,20.31,0.7959,EASY,80.4
2019-08-28,7587.9,417.0,19.35,0.7959,EASY,80.4
2019-08-29,7702.31,408.0,17.88,0.8163,EASY,80.4
2019-08-30,7691.0,409.0,18.98,0.8163,EASY,86.3
2019-09-03,7609.51,423.0,19.66,0.7755,EASY,86.3
2019-09-04,7719.25,423.0,17.33,0.8163,EASY,86.3
2019-09-05,7862.54,407.0,16.27,0.8367,EASY,86.3
2019-09-06,7852.54,405.0,15.0,0.8571,EASY,92.2
2019-09-09,7832.4,399.0,15.27,0.8367,EASY,86.3
2019-09-10,7814.74,390.0,15.2,0.8367,EASY,92.2
2019-09-11,7887.58,392.0,14.61,0.8571,EASY,92.2
2019-09-12,7917.34,385.0,14.22,0.8776,EASY,86.3
2019-09-13,7892.95,383.0,13.74,0.8776,EASY,86.3
2019-09-16,7852.41,380.0,14.67,0.8776,EASY,86.3
2019-09-17,7888.79,381.0,14.44,0.8571,EASY,86.3
2019-09-18,7888.56,382.0,13.95,0.8571,EASY,86.3
2019-09-19,7901.79,377.0,14.05,0.8571,EASY,86.3
2019-09-20,7823.55,381.0,15.32,0.8776,EASY,86.3
2019-09-23,7818.61,384.0,14.91,0.8571,EASY,86.3
2019-09-24,7710.04,390.0,17.05,0.7959,EASY,80.4
2019-09-25,7803.54,391.0,15.96,0.7959,EASY,80.4
2019-09-26,7771.99,395.0,16.07,0.7959,EASY,80.4
2019-09-27,7681.58,399.0,17.22,0.7755,EASY,80.4
2019-09-30,7749.45,402.0,16.24,0.7959,EASY,80.4
2019-10-01,7684.14,408.0,18.56,0.7755,EASY,80.4
2019-10-02,7550.79,428.0,20.56,0.6939,EASY,74.5
2019-10-03,7638.39,440.0,19.12,0.7551,EASY,80.4
2019-10-04,7754.1,438.0,17.04,0.7959,EASY,80.4
2019-10-07,7725.13,431.0,17.86,0.7755,EASY,80.4
2019-10-08,7604.27,439.0,20.28,0.6939,EASY,74.5
2019-10-09,7690.53,432.0,18.64,0.7143,EASY,86.3
2019-10-10,7740.36,426.0,17.57,0.7551,EASY,86.3
2019-10-11,7843.88,410.0,15.58,0.7755,EASY,86.3
2019-10-14,7842.33,408.0,14.57,0.7959,EASY,86.3
2019-10-15,7942.85,401.0,13.54,0.8367,EASY,92.2
2019-10-16,7920.21,401.0,13.68,0.8163,EASY,92.2
2019-10-17,7942.14,400.0,13.79,0.8163,EASY,92.2
2019-10-18,7868.49,402.0,14.25,0.8163,EASY,92.2
2019-10-21,7940.33,398.0,14.0,0.8163,EASY,92.2
2019-10-22,7874.62,399.0,14.46,0.8163,EASY,86.3
2019-10-23,7889.47,398.0,14.01,0.8163,EASY,86.3
2019-10-24,7966.72,396.0,13.71,0.8367,EASY,86.3
2019-10-25,8029.22,389.0,12.65,0.8367,EASY,86.3
2019-10-28,8110.67,385.0,13.11,0.8367,EASY,86.3
2019-10-29,8047.51,386.0,13.2,0.8367,EASY,86.3
2019-10-30,8083.11,396.0,12.33,0.8571,EASY,86.3
2019-10-31,8083.83,415.0,13.22,0.8163,EASY,92.2
2019-11-01,8161.17,409.0,12.3,0.8776,EASY,86.3
2019-11-04,8210.66,399.0,12.83,0.898,EASY,86.3
2019-11-05,8210.18,397.0,13.1,0.8571,EASY,86.3
2019-11-06,8196.03,402.0,12.62,0.8776,EASY,86.3
2019-11-07,8219.65,396.0,12.73,0.8571,EASY,86.3
2019-11-08,8255.89,400.0,12.07,0.8776,EASY,86.3
2019-11-11,8241.91,399.0,12.69,0.898,EASY,86.3
2019-11-12,8263.79,400.0,12.68,0.898,EASY,86.3
2019-11-13,8259.81,405.0,13.0,0.8571,EASY,86.3
2019-11-14,8257.83,408.0,13.05,0.8571,EASY,86.3
2019-11-15,8315.52,406.0,12.05,0.898,EASY,86.3
2019-11-18,8328.48,409.0,12.46,0.8571,EASY,86.3
2019-11-19,8338.74,412.0,12.86,0.8776,EASY,86.3
2019-11-20,8283.75,418.0,12.78,0.8776,EASY,86.3
2019-11-21,8265.62,417.0,13.13,0.8776,EASY,86.3
2019-11-22,8272.05,413.0,12.34,0.898,EASY,86.3
2019-11-25,8371.93,408.0,11.87,0.898,EASY,86.3
2019-11-26,8385.75,405.0,11.54,0.898,EASY,86.3
2019-11-27,8444.71,399.0,11.75,0.9184,EASY,86.3
2019-11-29,8403.68,401.0,12.62,0.898,EASY,86.3
2019-12-02,8309.26,403.0,14.91,0.898,EASY,86.3
2019-12-03,8254.74,414.0,15.96,0.8776,EASY,86.3
2019-12-04,8296.53,402.0,14.8,0.8776,EASY,86.3
2019-12-05,8308.4,400.0,14.52,0.8776,EASY,86.3
2019-12-06,8397.37,389.0,13.62,0.898,EASY,80.4
2019-12-09,8362.74,388.0,15.86,0.8571,EASY,80.4
2019-12-10,8354.29,384.0,15.68,0.8367,EASY,86.3
2019-12-11,8402.61,383.0,14.99,0.8367,EASY,86.3
2019-12-12,8466.89,370.0,13.94,0.8776,EASY,86.3
2019-12-13,8487.71,371.0,12.63,0.898,EASY,86.3
2019-12-16,8570.33,362.0,12.14,0.9184,EASY,86.3
2019-12-17,8575.7,358.0,12.29,0.8776,EASY,86.3
2019-12-18,8580.62,351.0,12.58,0.9184,EASY,92.2
2019-12-19,8641.29,354.0,12.5,0.9592,EASY,92.2
2019-12-20,8678.49,353.0,12.51,0.9592,EASY,92.2
2019-12-23,8696.01,352.0,12.61,0.9592,EASY,92.2
2019-12-24,8699.51,353.0,12.67,0.9592,EASY,86.3
2019-12-26,8778.31,353.0,12.65,0.9796,EASY,86.3
2019-12-27,8770.98,356.0,13.43,0.9796,EASY,86.3
2019-12-30,8709.73,360.0,14.82,0.9592,EASY,86.3
2019-12-31,8733.07,360.0,13.78,0.9388,EASY,86.3
2020-01-02,8872.22,356.0,12.47,0.9796,EASY,86.3
2020-01-03,8793.9,361.0,14.02,0.9796,EASY,86.3
2020-01-06,8848.52,357.0,13.85,0.9796,EASY,86.3
2020-01-07,8846.45,354.0,13.79,0.9796,EASY,86.3
2020-01-08,8912.37,350.0,13.45,0.9796,EASY,86.3
2020-01-09,8989.63,349.0,12.54,0.9796,EASY,94.1
2020-01-10,8966.64,348.0,12.56,0.9796,EASY,94.1
2020-01-13,9070.65,348.0,12.32,0.9592,EASY,94.1
2020-01-14,9033.42,345.0,12.39,0.9592,EASY,94.1
2020-01-15,9035.67,344.0,12.42,0.9592,EASY,94.1
2020-01-16,9125.0,342.0,12.32,0.9592,EASY,94.1
2020-01-17,9173.73,339.0,12.1,0.9592,EASY,94.1
2020-01-21,9166.63,347.0,12.85,0.9592,EASY,94.1
2020-01-22,9188.58,349.0,12.91,0.9592,EASY,94.1
2020-01-23,9216.98,358.0,12.98,0.9592,EASY,86.3
2020-01-24,9141.47,368.0,14.56,0.9592,EASY,86.3
2020-01-27,8952.18,403.0,18.23,0.9184,EASY,86.3
2020-01-28,9090.93,386.0,16.28,0.9796,EASY,86.3
2020-01-29,9101.61,383.0,16.39,0.9184,EASY,86.3
2020-01-30,9136.09,395.0,15.49,0.9184,EASY,80.4
2020-01-31,8991.51,403.0,18.84,0.8776,EASY,80.4
2020-02-03,9126.23,397.0,17.97,0.898,EASY,86.3
2020-02-04,9334.06,385.0,16.05,0.9592,EASY,86.3
2020-02-05,9367.48,375.0,15.15,0.9796,EASY,86.3
2020-02-06,9445.92,370.0,14.96,0.9592,EASY,86.3
2020-02-07,9401.1,375.0,15.47,0.9388,EASY,92.2
2020-02-10,9516.84,375.0,15.04,0.9388,EASY,92.2
2020-02-11,9517.86,365.0,15.18,0.9388,EASY,92.2
2020-02-12,9613.2,359.0,13.74,0.9796,EASY,92.2
2020-02-13,9595.7,357.0,14.15,0.9592,EASY,92.2
2020-02-14,9623.58,356.0,13.68,0.9592,EASY,92.2
2020-02-18,9629.8,361.0,14.83,0.9592,EASY,86.3
2020-02-19,9718.73,357.0,14.38,0.9592,EASY,86.3
2020-02-20,9627.83,362.0,15.56,0.9592,EASY,86.3
2020-02-21,9446.69,366.0,17.08,0.9592,EASY,86.3
2020-02-24,9079.63,403.0,25.03,0.9184,UNCERTAIN,60.8
2020-02-25,8834.87,418.0,27.85,0.7143,UNCERTAIN,60.8
2020-02-26,8873.76,427.0,27.56,0.7143,UNCERTAIN,60.8
2020-02-27,8436.67,462.0,39.16,0.6327,UNCERTAIN,52.9
2020-02-28,8461.83,504.0,40.11,0.5306,UNCERTAIN,45.1
2020-03-02,8877.98,497.0,33.42,0.6939,UNCERTAIN,52.9
2020-03-03,8594.49,484.0,36.82,0.6122,UNCERTAIN,52.9
2020-03-04,8949.28,475.0,31.99,0.7143,UNCERTAIN,52.9
2020-03-05,8671.66,505.0,39.62,0.6327,UNCERTAIN,52.9
2020-03-06,8530.34,564.0,41.94,0.6122,UNCERTAIN,58.8
2020-03-09,7948.03,668.0,54.46,0.3061,HARD,13.7
2020-03-10,8372.27,638.0,47.3,0.551,UNCERTAIN,45.1
2020-03-11,8006.12,661.0,53.9,0.3061,HARD,13.7
2020-03-12,7263.65,742.0,75.47,0.1429,HARD,13.7
2020-03-13,7995.26,731.0,57.83,0.3265,HARD,13.7
2020-03-16,7020.38,838.0,82.69,0.102,HARD,13.7
2020-03-17,7473.95,841.0,75.91,0.1837,HARD,13.7
2020-03-18,7175.18,904.0,76.45,0.1224,HARD,13.7
2020-03-19,7288.52,982.0,72.0,0.2041,HARD,13.7
2020-03-20,6994.29,1009.0,66.04,0.1429,HARD,13.7
2020-03-23,7006.92,1087.0,61.59,0.1837,HARD,13.7
2020-03-24,7553.83,1055.0,61.67,0.2449,HARD,13.7
2020-03-25,7469.62,1011.0,63.95,0.2041,HARD,13.7
2020-03-26,7897.13,929.0,61.0,0.3469,HARD,19.6
2020-03-27,7588.37,899.0,65.54,0.2245,HARD,13.7
2020-03-30,7889.01,882.0,57.08,0.3265,HARD,25.5
2020-03-31,7813.5,877.0,53.54,0.3061,HARD,25.5
2020-04-01,7486.29,911.0,57.06,0.2245,HARD,13.7
2020-04-02,7635.66,917.0,50.91,0.2449,HARD,25.5
2020-04-03,7528.11,943.0,46.8,0.2449,HARD,25.5
2020-04-06,8081.66,926.0,45.24,0.3673,HARD,27.5
2020-04-07,8049.31,888.0,46.7,0.3673,HARD,27.5
2020-04-08,8229.54,881.0,43.35,0.4082,UNCERTAIN,49.0
2020-04-09,8238.53,796.0,41.67,0.3878,UNCERTAIN,41.2
2020-04-13,8332.74,770.0,41.17,0.3878,UNCERTAIN,49.0
2020-04-14,8692.16,735.0,37.76,0.4286,UNCERTAIN,56.9
2020-04-15,8591.96,764.0,40.84,0.4286,UNCERTAIN,56.9
2020-04-16,8757.83,758.0,40.11,0.449,UNCERTAIN,56.9
2020-04-17,8832.41,731.0,38.15,0.4898,UNCERTAIN,56.9
2020-04-20,8726.51,752.0,43.83,0.449,UNCERTAIN,56.9
2020-04-21,8403.0,790.0,45.41,0.3673,HARD,37.3
2020-04-22,8664.64,785.0,41.98,0.4286,UNCERTAIN,56.9
2020-04-23,8641.5,787.0,41.38,0.4286,UNCERTAIN,51.0
2020-04-24,8786.6,803.0,35.93,0.4694,UNCERTAIN,51.0
2020-04-27,8837.66,801.0,33.29,0.4694,UNCERTAIN,45.1
2020-04-28,8677.6,802.0,33.57,0.4694,UNCERTAIN,49.0
2020-04-29,8982.76,787.0,31.23,0.6122,UNCERTAIN,56.9
2020-04-30,9000.51,763.0,34.15,0.4694,UNCERTAIN,54.9
2020-05-01,8718.18,770.0,37.19,0.449,UNCERTAIN,43.1
2020-05-04,8834.11,779.0,35.97,0.4694,UNCERTAIN,54.9
2020-05-05,8930.62,760.0,33.61,0.4694,UNCERTAIN,49.0
2020-05-06,8984.86,760.0,34.12,0.5102,UNCERTAIN,49.0
2020-05-07,9101.88,760.0,31.44,0.5102,UNCERTAIN,49.0
2020-05-08,9220.35,752.0,27.98,0.6327,UNCERTAIN,64.7
2020-05-11,9298.92,751.0,27.57,0.6122,EASY,70.6
2020-05-12,9112.45,742.0,33.04,0.5102,UNCERTAIN,49.0
2020-05-13,9000.08,761.0,35.28,0.5102,UNCERTAIN,54.9
2020-05-14,9094.42,777.0,32.61,0.5918,UNCERTAIN,54.9
2020-05-15,9152.64,778.0,31.89,0.551,UNCERTAIN,56.9
2020-05-18,9331.93,741.0,29.3,0.6327,UNCERTAIN,64.7
2020-05-19,9298.54,735.0,30.53,0.5714,UNCERTAIN,56.9
2020-05-20,9485.02,716.0,27.99,0.6735,UNCERTAIN,64.7
2020-05-21,9377.99,708.0,29.53,0.6122,UNCERTAIN,64.7
2020-05-22,9413.99,706.0,28.16,0.6531,EASY,72.5
2020-05-26,9389.98,675.0,28.01,0.7143,EASY,72.5
2020-05-27,9442.05,670.0,27.62,0.7347,EASY,72.5
2020-05-28,9416.71,660.0,28.59,0.7143,UNCERTAIN,66.7
2020-05-29,9555.53,671.0,27.51,0.7347,UNCERTAIN,66.7
2020-06-01,9598.89,643.0,28.23,0.7347,UNCERTAIN,66.7
2020-06-02,9657.31,618.0,26.84,0.7551,UNCERTAIN,66.7
2020-06-03,9704.69,580.0,25.66,0.7755,UNCERTAIN,66.7
2020-06-04,9629.66,583.0,25.81,0.7755,EASY,72.5
2020-06-05,9824.39,550.0,24.52,0.9184,EASY,78.4
2020-06-08,9901.52,551.0,25.81,0.9184,EASY,72.5
2020-06-09,9967.17,575.0,27.57,0.898,EASY,72.5
2020-06-10,10094.26,592.0,27.57,0.8163,EASY,72.5
2020-06-11,9588.48,640.0,40.79,0.7143,UNCERTAIN,60.8
2020-06-12,9663.78,628.0,36.09,0.7347,UNCERTAIN,66.7
2020-06-15,9776.89,625.0,34.4,0.7551,UNCERTAIN,66.7
2020-06-16,9949.37,578.0,33.67,0.7959,UNCERTAIN,66.7
2020-06-17,9982.48,585.0,33.47,0.7755,UNCERTAIN,60.8
2020-06-18,10012.05,601.0,32.94,0.7755,UNCERTAIN,66.7
2020-06-19,10008.64,602.0,35.12,0.7755,UNCERTAIN,66.7
2020-06-22,10130.33,603.0,31.77,0.7755,EASY,72.5
2020-06-23,10209.82,602.0,31.37,0.7959,EASY,72.5
2020-06-24,10002.7,623.0,33.84,0.7347,UNCERTAIN,66.7
2020-06-25,10101.83,630.0,32.22,0.7755,EASY,72.5
2020-06-26,9849.36,641.0,34.73,0.7143,UNCERTAIN,66.7
2020-06-29,9961.16,652.0,31.78,0.7755,UNCERTAIN,66.7
2020-06-30,10156.85,644.0,30.43,0.7959,UNCERTAIN,66.7
2020-07-01,10279.25,633.0,28.62,0.7755,UNCERTAIN,66.7
2020-07-02,10341.89,617.0,27.68,0.8163,UNCERTAIN,66.7
2020-07-06,10604.06,603.0,27.94,0.8367,EASY,72.5
2020-07-07,10524.01,604.0,29.43,0.7959,EASY,72.5
2020-07-08,10666.7,606.0,28.08,0.8163,EASY,72.5
2020-07-09,10754.59,614.0,29.26,0.7959,EASY,72.5
2020-07-10,10836.33,614.0,27.29,0.7959,EASY,72.5
2020-07-13,10602.21,601.0,32.19,0.7959,UNCERTAIN,66.7
2020-07-14,10689.52,603.0,29.52,0.8367,EASY,72.5
2020-07-15,10701.68,581.0,27.76,0.8571,EASY,72.5
2020-07-16,10626.46,576.0,28.0,0.8571,UNCERTAIN,66.7
2020-07-17,10645.22,574.0,25.68,0.8367,UNCERTAIN,66.7
2020-07-20,10952.08,554.0,24.46,0.8367,EASY,72.5
2020-07-21,10833.07,533.0,24.84,0.8367,EASY,72.5
2020-07-22,10870.75,528.0,24.32,0.8571,EASY,72.5
2020-07-23,10580.59,526.0,26.08,0.8571,UNCERTAIN,66.7
2020-07-24,10483.13,529.0,25.84,0.8163,UNCERTAIN,66.7
2020-07-27,10674.38,524.0,24.74,0.8163,EASY,72.5
2020-07-28,10532.5,527.0,25.44,0.8163,UNCERTAIN,60.8
2020-07-29,10662.98,515.0,24.1,0.8163,UNCERTAIN,66.7
2020-07-30,10715.51,514.0,24.76,0.8163,UNCERTAIN,66.7
2020-07-31,10905.88,516.0,24.46,0.7959,EASY,72.5
2020-08-03,11055.08,508.0,24.28,0.8163,EASY,72.5
2020-08-04,11096.54,513.0,23.76,0.8163,EASY,78.4
2020-08-05,11125.44,504.0,22.99,0.7959,EASY,78.4
2020-08-06,11267.08,506.0,22.65,0.7959,EASY,78.4
2020-08-07,11139.39,506.0,22.21,0.7959,EASY,78.4
2020-08-10,11085.17,509.0,22.13,0.8163,EASY,78.4
2020-08-11,10876.08,503.0,24.03,0.8367,EASY,72.5
2020-08-12,11157.72,510.0,22.28,0.8367,EASY,72.5
2020-08-13,11178.37,516.0,22.13,0.8163,EASY,72.5
2020-08-14,11164.45,526.0,22.05,0.8163,EASY,72.5
2020-08-17,11288.57,529.0,21.35,0.8163,EASY,72.5
2020-08-18,11399.03,526.0,21.51,0.8163,EASY,72.5
2020-08-19,11318.64,525.0,22.54,0.7959,EASY,72.5
2020-08-20,11477.05,528.0,22.72,0.7959,EASY,78.4
2020-08-21,11555.16,525.0,22.54,0.7959,EASY,78.4
2020-08-24,11626.17,517.0,22.37,0.8367,EASY,78.4
2020-08-25,11721.81,507.0,22.03,0.8367,EASY,78.4
2020-08-26,11971.94,502.0,23.27,0.8367,EASY,78.4
2020-08-27,11926.16,498.0,24.47,0.8367,EASY,78.4
2020-08-28,11995.85,500.0,22.96,0.8367,EASY,78.4
2020-08-31,12110.7,502.0,26.41,0.8367,EASY,72.5
2020-09-01,12292.86,497.0,26.12,0.8367,EASY,72.5
2020-09-02,12420.54,493.0,26.57,0.8367,EASY,72.5
2020-09-03,11771.37,504.0,33.6,0.8367,UNCERTAIN,60.8
2020-09-04,11622.13,513.0,30.75,0.8367,UNCERTAIN,58.8
2020-09-08,11068.26,525.0,31.46,0.7959,UNCERTAIN,52.9
2020-09-09,11395.85,516.0,28.81,0.8163,UNCERTAIN,52.9
2020-09-10,11154.12,516.0,29.71,0.7959,UNCERTAIN,52.9
2020-09-11,11087.4,521.0,26.87,0.7755,UNCERTAIN,52.9
2020-09-14,11277.76,518.0,25.85,0.8163,UNCERTAIN,52.9
2020-09-15,11438.87,514.0,25.59,0.8163,UNCERTAIN,52.9
2020-09-16,11247.6,507.0,26.04,0.8571,UNCERTAIN,52.9
2020-09-17,11080.95,514.0,26.46,0.8367,UNCERTAIN,52.9
2020-09-18,10936.98,516.0,25.83,0.8163,UNCERTAIN,52.9
2020-09-21,10980.22,542.0,27.78,0.7755,UNCERTAIN,58.8
2020-09-22,11186.37,545.0,26.86,0.8163,UNCERTAIN,52.9
2020-09-23,10833.33,547.0,28.58,0.7959,UNCERTAIN,52.9
2020-09-24,10896.47,564.0,28.51,0.8163,UNCERTAIN,52.9
2020-09-25,11151.13,564.0,26.38,0.8163,UNCERTAIN,52.9
2020-09-28,11364.45,552.0,26.19,0.8571,UNCERTAIN,58.8
2020-09-29,11322.95,550.0,26.27,0.8367,UNCERTAIN,58.8
2020-09-30,11418.06,541.0,26.37,0.8367,UNCERTAIN,64.7
2020-10-01,11583.2,536.0,26.7,0.8367,UNCERTAIN,64.7
2020-10-02,11255.69,538.0,27.63,0.8367,UNCERTAIN,58.8
2020-10-05,11509.06,518.0,27.96,0.8776,UNCERTAIN,64.7
2020-10-06,11291.27,506.0,29.48,0.8571,UNCERTAIN,64.7
2020-10-07,11503.19,502.0,28.06,0.8776,UNCERTAIN,58.8
2020-10-08,11550.94,497.0,26.36,0.9184,UNCERTAIN,58.8
2020-10-09,11725.85,492.0,25.0,0.9184,EASY,72.5
2020-10-12,12088.11,492.0,25.07,0.9184,UNCERTAIN,66.7
2020-10-13,12083.17,488.0,26.07,0.9184,EASY,72.5
2020-10-14,11985.36,489.0,26.4,0.9184,EASY,72.5
2020-10-15,11898.57,501.0,26.97,0.898,EASY,72.5
2020-10-16,11852.17,494.0,27.41,0.8571,EASY,72.5
2020-10-19,11634.35,491.0,29.18,0.8367,UNCERTAIN,64.7
2020-10-20,11677.84,490.0,29.35,0.8571,UNCERTAIN,66.7
2020-10-21,11665.37,491.0,28.65,0.8776,UNCERTAIN,52.9
2020-10-22,11662.91,488.0,28.11,0.898,UNCERTAIN,52.9
2020-10-23,11692.57,487.0,27.55,0.9184,UNCERTAIN,60.8
2020-10-26,11504.52,503.0,32.46,0.8776,UNCERTAIN,52.9
2020-10-27,11598.95,506.0,33.35,0.8776,UNCERTAIN,52.9
2020-10-28,11142.76,529.0,40.28,0.8367,UNCERTAIN,52.9
2020-10-29,11350.74,525.0,37.59,0.8571,UNCERTAIN,52.9
2020-10-30,11052.95,525.0,38.02,0.7959,UNCERTAIN,52.9
2020-11-02,11084.76,525.0,37.13,0.8367,UNCERTAIN,52.9
2020-11-03,11279.91,507.0,35.55,0.8776,UNCERTAIN,52.9
2020-11-04,11777.02,479.0,29.57,0.898,UNCERTAIN,60.8
2020-11-05,12078.07,459.0,27.58,0.9184,UNCERTAIN,66.7
2020-11-06,12091.35,467.0,24.86,0.898,EASY,78.4
2020-11-09,11830.39,422.0,25.75,0.9184,EASY,74.5
2020-11-10,11624.29,437.0,24.8,0.9184,EASY,78.4
2020-11-11,11892.93,437.0,23.45,0.9184,EASY,86.3
2020-11-12,11827.14,462.0,25.35,0.9184,EASY,72.5
2020-11-13,11937.84,463.0,23.1,0.9184,EASY,72.5
2020-11-16,12013.38,450.0,22.45,0.9388,EASY,80.4
2020-11-17,11977.49,448.0,22.71,0.9184,EASY,80.4
2020-11-18,11894.71,442.0,23.84,0.898,EASY,80.4
2020-11-19,11985.43,448.0,23.11,0.8776,EASY,80.4
2020-11-20,11906.44,449.0,23.7,0.8776,EASY,80.4
2020-11-23,11905.94,443.0,22.66,0.8776,EASY,80.4
2020-11-24,12079.81,431.0,21.64,0.9184,EASY,80.4
2020-11-25,12152.22,433.0,21.25,0.9184,EASY,80.4
2020-11-27,12258.21,435.0,20.84,0.9184,EASY,80.4
2020-11-30,12268.32,433.0,20.57,0.9184,EASY,80.4
2020-12-01,12455.33,421.0,20.77,0.9184,EASY,86.3
2020-12-02,12456.41,417.0,21.17,0.9184,EASY,86.3
2020-12-03,12467.13,410.0,21.28,0.9184,EASY,86.3
2020-12-04,12528.48,403.0,20.79,0.9184,EASY,86.3
2020-12-07,12596.47,403.0,21.3,0.9184,EASY,86.3
2020-12-08,12635.72,403.0,20.68,0.9184,EASY,86.3
2020-12-09,12364.64,404.0,22.27,0.9184,EASY,80.4
2020-12-10,12401.74,408.0,22.52,0.898,EASY,80.4
2020-12-11,12375.41,413.0,23.31,0.898,EASY,80.4
2020-12-14,12462.21,407.0,24.72,0.898,EASY,80.4
2020-12-15,12595.92,406.0,22.89,0.9184,EASY,74.5
2020-12-16,12668.16,406.0,22.5,0.9184,EASY,80.4
2020-12-17,12752.06,405.0,21.93,0.9184,EASY,80.4
2020-12-18,12738.18,403.0,21.57,0.9184,EASY,80.4
2020-12-21,12690.26,418.0,25.16,0.898,EASY,74.5
2020-12-22,12717.56,412.0,24.23,0.898,EASY,86.3
2020-12-23,12653.14,407.0,23.31,0.898,EASY,80.4
2020-12-24,12711.01,405.0,21.53,0.898,EASY,80.4
2020-12-28,12838.86,389.0,21.7,0.898,EASY,80.4
2020-12-29,12843.49,385.0,23.08,0.898,EASY,80.4
2020-12-30,12845.36,387.0,22.77,0.898,EASY,80.4
2020-12-31,12888.28,386.0,22.75,0.9184,EASY,80.4
2021-01-04,12694.66,393.0,26.97,0.898,EASY,74.5
2021-01-05,12802.38,392.0,25.34,0.898,EASY,74.5
2021-01-06,12623.35,380.0,25.07,0.898,EASY,74.5
2021-01-07,12939.57,378.0,22.37,0.898,EASY,80.4
2021-01-08,13105.2,376.0,21.56,0.898,EASY,80.4
2021-01-11,12902.49,382.0,24.08,0.898,EASY,80.4
2021-01-12,12892.09,385.0,23.33,0.9184,EASY,80.4
2021-01-13,12973.63,382.0,22.21,0.9184,EASY,80.4
2021-01-14,12898.69,373.0,23.25,0.898,EASY,80.4
2021-01-15,12803.93,374.0,24.34,0.9184,EASY,80.4
2021-01-19,12996.54,371.0,23.24,0.9388,EASY,80.4
2021-01-20,13296.45,367.0,21.58,0.9388,EASY,80.4
2021-01-21,13404.99,365.0,21.32,0.9388,EASY,80.4
2021-01-22,13366.4,375.0,21.91,0.9184,EASY,80.4
2021-01-25,13483.29,375.0,23.19,0.9388,EASY,86.3
2021-01-26,13490.19,374.0,23.02,0.9184,EASY,86.3
2021-01-27,13112.65,385.0,37.21,0.898,EASY,74.5
2021-01-28,13201.53,376.0,30.21,0.898,EASY,74.5
2021-01-29,12925.38,379.0,33.09,0.898,EASY,74.5
2021-02-01,13248.9,383.0,30.24,0.898,UNCERTAIN,68.6
2021-02-02,13456.12,375.0,25.56,0.9184,UNCERTAIN,68.6
2021-02-03,13402.37,368.0,22.91,0.898,EASY,74.5
2021-02-04,13560.89,364.0,21.77,0.9184,EASY,80.4
2021-02-05,13603.96,358.0,20.87,0.9388,EASY,80.4
2021-02-08,13695.02,354.0,21.24,0.9388,EASY,86.3
2021-02-09,13687.08,351.0,21.63,0.9388,EASY,86.3
2021-02-10,13655.27,351.0,21.99,0.9388,EASY,86.3
2021-02-11,13734.35,350.0,21.25,0.898,EASY,86.3
2021-02-12,13807.7,348.0,19.97,0.898,EASY,94.1
2021-02-16,13773.77,341.0,21.46,0.8776,EASY,88.2
2021-02-17,13699.71,344.0,21.5,0.898,EASY,88.2
2021-02-18,13637.51,346.0,22.49,0.898,EASY,88.2
2021-02-19,13580.78,341.0,22.05,0.898,EASY,88.2
2021-02-22,13223.74,344.0,23.45,0.898,EASY,82.4
2021-02-23,13194.71,347.0,23.11,0.898,EASY,82.4
2021-02-24,13302.19,342.0,21.34,0.898,EASY,82.4
2021-02-25,12828.31,342.0,28.89,0.7959,UNCERTAIN,68.6
2021-02-26,12909.44,352.0,27.95,0.8163,UNCERTAIN,60.8
2021-03-01,13282.95,354.0,23.35,0.8776,EASY,74.5
2021-03-02,13059.95,353.0,24.1,0.8571,EASY,74.5
2021-03-03,12683.33,351.0,26.67,0.8163,UNCERTAIN,60.8
2021-03-04,12464.0,354.0,28.57,0.7959,UNCERTAIN,60.8
2021-03-05,12668.51,360.0,24.66,0.8367,UNCERTAIN,66.7
2021-03-08,12299.08,357.0,25.47,0.7143,UNCERTAIN,60.8
2021-03-09,12794.49,362.0,24.03,0.8163,UNCERTAIN,66.7
2021-03-10,12752.07,363.0,22.56,0.8163,UNCERTAIN,66.7
2021-03-11,13052.9,352.0,21.91,0.8571,EASY,74.5
2021-03-12,12937.29,355.0,20.69,0.8367,EASY,72.5
2021-03-15,13082.54,355.0,20.03,0.8571,EASY,86.3
2021-03-16,13152.28,355.0,19.79,0.8571,EASY,92.2
2021-03-17,13202.38,365.0,19.23,0.898,EASY,92.2
2021-03-18,12789.14,366.0,21.58,0.8163,UNCERTAIN,66.7
2021-03-19,12866.99,367.0,20.95,0.8367,EASY,72.5
2021-03-22,13086.51,431.5,18.88,0.898,EASY,86.3
2021-03-23,13017.79,443.4,20.3,0.8776,EASY,80.4
2021-03-24,12798.88,451.0,21.2,0.8571,UNCERTAIN,66.7
2021-03-25,12780.51,439.3,19.81,0.8367,EASY,72.5
2021-03-26,12979.12,431.3,18.86,0.9184,EASY,72.5
2021-03-29,12965.74,447.1,20.74,0.9184,UNCERTAIN,66.7
2021-03-30,12896.53,437.6,19.61,0.898,EASY,72.5
2021-03-31,13091.44,435.9,19.4,0.9184,EASY,86.3
2021-04-01,13329.52,418.5,17.33,0.9592,EASY,86.3
2021-04-05,13598.16,423.4,17.91,0.9592,EASY,86.3
2021-04-06,13578.46,425.1,18.12,0.9592,EASY,92.2
2021-04-07,13616.7,417.1,17.16,0.9592,EASY,92.2
2021-04-08,13758.51,415.3,16.95,0.9592,EASY,92.2
2021-04-09,13845.06,413.1,16.69,0.9592,EASY,92.2
2021-04-12,13819.35,415.0,16.91,0.9388,EASY,92.2
2021-04-13,13986.49,412.8,16.65,0.9388,EASY,92.2
2021-04-14,13803.91,415.7,16.99,0.9388,EASY,92.2
2021-04-15,14026.19,412.1,16.57,0.9592,EASY,92.2
2021-04-16,14041.91,409.5,16.25,0.9592,EASY,86.3
2021-04-19,13907.67,418.2,17.29,0.9388,EASY,86.3
2021-04-20,13809.3,429.8,18.68,0.9388,EASY,86.3
2021-04-21,13935.15,419.9,17.5,0.9184,EASY,86.3
2021-04-22,13762.36,430.1,18.71,0.9184,EASY,86.3
2021-04-23,13941.44,418.5,17.33,0.9184,EASY,86.3
2021-04-26,14026.16,421.1,17.64,0.9388,EASY,86.3
2021-04-27,13960.28,420.4,17.56,0.9388,EASY,86.3
2021-04-28,13901.62,418.1,17.28,0.9388,EASY,86.3
2021-04-29,13970.2,420.9,17.61,0.9388,EASY,86.3
2021-04-30,13860.76,429.2,18.61,0.9184,EASY,86.3
2021-05-03,13799.72,426.7,18.31,0.9184,EASY,86.3
2021-05-04,13544.67,436.5,19.48,0.9184,EASY,80.4
2021-05-05,13503.37,433.8,19.15,0.9184,EASY,80.4
2021-05-06,13613.73,427.4,18.39,0.9184,EASY,80.4
2021-05-07,13719.63,413.1,16.69,0.9184,EASY,80.4
2021-05-10,13359.08,438.1,19.66,0.8367,EASY,80.4
2021-05-11,13351.27,456.3,21.84,0.8776,EASY,74.5
2021-05-12,13001.63,504.6,27.59,0.7959,UNCERTAIN,60.8
2021-05-13,13109.15,467.2,23.13,0.7755,UNCERTAIN,66.7
2021-05-14,13393.12,430.9,18.81,0.8776,EASY,80.4
2021-05-17,13312.91,438.6,19.72,0.8367,EASY,80.4
2021-05-18,13217.68,452.1,21.34,0.8163,EASY,74.5
2021-05-19,13237.91,459.2,22.18,0.8367,EASY,74.5
2021-05-20,13494.09,446.5,20.67,0.8571,EASY,80.4
2021-05-21,13411.74,442.2,20.15,0.8163,EASY,80.4
2021-05-24,13641.75,427.5,18.4,0.8776,EASY,86.3
2021-05-25,13657.73,431.2,18.84,0.8776,EASY,92.2
2021-05-26,13702.74,418.8,17.36,0.8776,EASY,92.2
2021-05-27,13657.85,413.6,16.74,0.8776,EASY,92.2
2021-05-28,13686.51,413.7,16.76,0.8776,EASY,92.2
2021-06-01,13654.59,423.3,17.9,0.8776,EASY,92.2
2021-06-02,13675.79,419.8,17.48,0.8776,EASY,86.3
2021-06-03,13529.68,424.5,18.04,0.7959,EASY,86.3
2021-06-04,13770.77,410.9,16.42,0.8367,EASY,86.3
2021-06-07,13802.89,410.9,16.42,0.8367,EASY,86.3
2021-06-08,13810.86,416.3,17.07,0.8571,EASY,86.3
2021-06-09,13814.94,423.2,17.89,0.8776,EASY,86.3
2021-06-10,13960.35,408.2,16.1,0.898,EASY,86.3
2021-06-11,13998.3,404.4,15.65,0.898,EASY,86.3
2021-06-14,14128.2,410.6,16.39,0.9184,EASY,86.3
2021-06-15,14030.41,415.9,17.02,0.8776,EASY,86.3
2021-06-16,13983.01,425.4,18.15,0.8776,EASY,86.3
2021-06-17,14163.81,422.0,17.75,0.898,EASY,86.3
2021-06-18,14049.58,446.8,20.7,0.8776,EASY,80.4
2021-06-21,14137.23,423.2,17.89,0.898,EASY,86.3
2021-06-22,14270.42,412.9,16.66,0.898,EASY,86.3
2021-06-23,14274.24,410.0,16.32,0.898,EASY,86.3
2021-06-24,14365.96,407.1,15.97,0.9388,EASY,86.3
2021-06-25,14345.18,404.2,15.62,0.9592,EASY,86.3
2021-06-28,14524.98,405.3,15.76,0.9592,EASY,86.3
2021-06-29,14572.75,407.5,16.02,0.9592,EASY,92.2
2021-06-30,14554.8,405.9,15.83,0.9592,EASY,92.2
2021-07-01,14560.05,403.0,15.48,0.9592,EASY,92.2
2021-07-02,14727.63,399.6,15.07,0.9592,EASY,92.2
2021-07-06,14786.36,411.0,16.44,0.9592,EASY,86.3
2021-07-07,14810.54,409.0,16.2,0.9592,EASY,86.3
2021-07-08,14722.14,432.5,19.0,0.9592,EASY,86.3
2021-07-09,14826.09,408.9,16.18,0.9592,EASY,86.3
2021-07-12,14877.89,408.8,16.17,0.9592,EASY,86.3
2021-07-13,14874.54,416.7,17.12,0.9592,EASY,86.3
2021-07-14,14900.44,410.1,16.33,0.9388,EASY,86.3
2021-07-15,14794.69,415.8,17.01,0.9388,EASY,86.3
2021-07-16,14681.38,427.9,18.45,0.8776,EASY,86.3
2021-07-19,14549.09,461.9,22.5,0.8367,EASY,80.4
2021-07-20,14728.21,438.6,19.73,0.898,EASY,80.4
2021-07-21,14842.63,423.4,17.91,0.9388,EASY,80.4
2021-07-22,14940.17,421.5,17.69,0.9184,EASY,80.4
2021-07-23,15111.79,417.4,17.2,0.898,EASY,86.3
2021-07-26,15125.95,420.6,17.58,0.898,EASY,86.3
2021-07-27,14956.97,435.5,19.36,0.898,EASY,86.3
2021-07-28,15018.1,426.7,18.31,0.9184,EASY,92.2
2021-07-29,15048.36,421.6,17.7,0.898,EASY,92.2
2021-07-30,14959.9,426.1,18.24,0.898,EASY,86.3
2021-08-02,14963.62,436.4,19.46,0.8776,EASY,86.3
2021-08-03,15061.42,424.5,18.04,0.898,EASY,86.3
2021-08-04,15083.39,423.9,17.97,0.9184,EASY,86.3
2021-08-05,15181.64,418.1,17.28,0.9388,EASY,86.3
2021-08-06,15109.36,408.6,16.15,0.9184,EASY,86.3
2021-08-09,15133.11,413.4,16.72,0.9184,EASY,86.3
2021-08-10,15053.58,414.0,16.79,0.898,EASY,86.3
2021-08-11,15027.76,408.8,16.17,0.898,EASY,86.3
2021-08-12,15088.98,403.9,15.59,0.8571,EASY,86.3
2021-08-13,15136.68,402.7,15.45,0.8571,EASY,86.3
2021-08-16,15140.77,408.4,16.12,0.8776,EASY,86.3
2021-08-17,15002.83,423.4,17.91,0.8571,EASY,86.3
2021-08-18,14857.92,454.1,21.57,0.8571,EASY,80.4
2021-08-19,14933.94,454.9,21.67,0.8367,EASY,80.4
2021-08-20,15092.57,428.8,18.56,0.8367,EASY,86.3
2021-08-23,15312.82,417.0,17.15,0.8571,EASY,86.3
2021-08-24,15357.68,417.6,17.22,0.898,EASY,86.3
2021-08-25,15368.92,414.0,16.79,0.898,EASY,86.3
2021-08-26,15278.52,431.2,18.84,0.8776,EASY,86.3
2021-08-27,15432.95,410.6,16.39,0.8776,EASY,92.2
2021-08-30,15605.09,408.9,16.19,0.8776,EASY,92.2
2021-08-31,15582.51,411.4,16.48,0.8776,EASY,92.2
2021-09-01,15611.57,408.3,16.11,0.8776,EASY,86.3
2021-09-02,15604.25,410.8,16.41,0.8776,EASY,86.3
2021-09-03,15652.86,410.8,16.41,0.8776,EASY,86.3
2021-09-07,15675.76,425.3,18.14,0.8367,EASY,86.3
2021-09-08,15620.85,423.8,17.96,0.8571,EASY,86.3
2021-09-09,15561.05,430.8,18.8,0.8367,EASY,86.3
2021-09-10,15440.75,448.9,20.95,0.8367,EASY,80.4
2021-09-13,15434.5,435.6,19.37,0.8571,EASY,86.3
2021-09-14,15382.9,436.4,19.46,0.8571,EASY,80.4
2021-09-15,15503.53,425.6,18.18,0.8367,EASY,80.4
2021-09-16,15515.91,429.9,18.69,0.8367,EASY,80.4
2021-09-17,15333.47,447.7,20.81,0.8367,EASY,74.5
2021-09-20,15012.19,488.8,25.71,0.7959,UNCERTAIN,68.6
2021-09-21,15027.77,477.5,24.36,0.7959,EASY,74.5
2021-09-22,15176.51,448.2,20.87,0.7959,EASY,74.5
2021-09-23,15316.58,429.4,18.63,0.8163,EASY,80.4
2021-09-24,15329.68,422.0,17.75,0.8163,EASY,80.4
2021-09-27,15204.82,430.5,18.76,0.8163,EASY,80.4
2021-09-28,14770.3,468.2,23.25,0.7755,EASY,74.5
2021-09-29,14752.89,462.4,22.56,0.7551,EASY,74.5
2021-09-30,14689.62,467.2,23.14,0.7347,UNCERTAIN,66.7
2021-10-01,14791.87,450.1,21.1,0.7347,EASY,74.5
2021-10-04,14472.12,465.7,22.96,0.7143,UNCERTAIN,66.7
2021-10-05,14674.15,451.8,21.3,0.7143,UNCERTAIN,66.7
2021-10-06,14766.75,449.3,21.0,0.7551,EASY,74.5
2021-10-07,14897.13,437.0,19.54,0.7755,EASY,80.4
2021-10-08,14820.75,430.6,18.77,0.7143,EASY,80.4
2021-10-11,14713.73,440.9,20.0,0.6939,EASY,72.5
2021-10-12,14662.11,439.6,19.85,0.6939,EASY,78.4
2021-10-13,14774.6,429.5,18.64,0.6939,EASY,86.3
2021-10-14,15052.42,414.6,16.86,0.7551,EASY,86.3
2021-10-15,15146.92,409.9,16.3,0.7551,EASY,86.3
2021-10-18,15300.89,410.0,16.31,0.7347,EASY,86.3
2021-10-19,15410.72,404.8,15.7,0.7959,EASY,92.2
2021-10-20,15388.71,403.1,15.49,0.7959,EASY,92.2
2021-10-21,15489.59,399.1,15.01,0.7959,EASY,92.2
2021-10-22,15355.07,402.6,15.43,0.7755,EASY,92.2
2021-10-25,15514.19,401.0,15.24,0.7551,EASY,92.2
2021-10-26,15559.49,407.2,15.98,0.7347,EASY,92.2
2021-10-27,15598.39,415.6,16.98,0.7347,EASY,86.3
2021-10-28,15778.16,411.8,16.53,0.7755,EASY,86.3
2021-10-29,15850.47,409.5,16.26,0.7755,EASY,86.3
2021-11-01,15905.28,410.8,16.41,0.7551,EASY,86.3
2021-11-02,15972.49,407.6,16.03,0.7551,EASY,92.2
2021-11-03,16144.5,399.8,15.1,0.8367,EASY,87.3
2021-11-04,16346.24,402.7,15.44,0.8163,EASY,87.3
2021-11-05,16359.38,411.4,16.48,0.8776,EASY,87.3
2021-11-08,16336.03,417.6,17.22,0.8367,EASY,87.3
2021-11-09,16219.94,422.3,17.78,0.8163,EASY,87.3
2021-11-10,15985.57,430.3,18.73,0.8571,EASY,81.4
2021-11-11,16032.47,421.3,17.66,0.8163,EASY,81.4
2021-11-12,16199.89,409.8,16.29,0.8163,EASY,81.4
2021-11-15,16189.12,411.5,16.49,0.8367,EASY,75.5
2021-11-16,16309.77,410.5,16.37,0.8367,EASY,75.5
2021-11-17,16308.07,416.7,17.11,0.8367,EASY,81.4
2021-11-18,16482.97,420.7,17.59,0.8163,EASY,81.4
2021-11-19,16573.34,423.4,17.91,0.7959,EASY,81.4
2021-11-22,16380.98,433.9,19.17,0.8163,EASY,81.4
2021-11-23,16306.72,435.7,19.38,0.8571,EASY,81.4
2021-11-24,16367.81,429.0,18.58,0.8571,EASY,81.4
2021-11-26,16025.58,513.2,28.62,0.7755,UNCERTAIN,69.6
2021-11-29,16399.24,465.7,22.96,0.7755,EASY,75.5
2021-11-30,16135.92,501.2,27.19,0.7551,UNCERTAIN,63.7
2021-12-01,15877.72,534.2,31.12,0.7551,UNCERTAIN,63.7
2021-12-02,15990.76,507.6,27.95,0.7755,UNCERTAIN,63.7
2021-12-03,15712.04,530.4,30.67,0.7755,UNCERTAIN,63.7
2021-12-06,15846.16,501.1,27.18,0.7959,UNCERTAIN,63.7
2021-12-07,16325.66,456.8,21.89,0.7959,UNCERTAIN,69.6
2021-12-08,16394.34,440.1,19.9,0.8571,EASY,75.5
2021-12-09,16149.57,454.2,21.58,0.8163,EASY,75.5
2021-12-10,16331.98,429.9,18.69,0.8163,EASY,81.4
2021-12-13,16082.55,443.5,20.31,0.8571,EASY,81.4
2021-12-14,15914.9,456.8,21.89,0.8571,EASY,75.5
2021-12-15,16289.59,434.9,19.29,0.8571,EASY,81.4
2021-12-16,15863.94,445.7,20.57,0.8163,EASY,75.5
2021-12-17,15801.46,454.1,21.57,0.7755,UNCERTAIN,69.6
2021-12-20,15627.64,465.0,22.87,0.7347,UNCERTAIN,69.6
2021-12-21,15986.28,449.4,21.01,0.7959,UNCERTAIN,69.6
2021-12-22,16180.14,429.4,18.63,0.7755,EASY,75.5
2021-12-23,16308.21,423.8,17.96,0.7959,EASY,75.5
2021-12-27,16567.5,421.4,17.68,0.8571,EASY,81.4
2021-12-28,16488.66,420.3,17.54,0.8571,EASY,87.3
2021-12-29,16491.01,415.3,16.95,0.8571,EASY,87.3
2021-12-30,16429.1,418.5,17.33,0.8367,EASY,87.3
2021-12-31,16320.08,417.6,17.22,0.8367,EASY,87.3
2022-01-03,16501.77,412.4,16.6,0.8571,EASY,81.4
2022-01-04,16279.73,415.0,16.91,0.8367,EASY,81.4
2022-01-05,15771.78,438.6,19.73,0.7755,EASY,75.5
2022-01-06,15765.36,437.6,19.61,0.7551,EASY,75.5
2022-01-07,15592.19,430.5,18.76,0.7551,EASY,75.5
2022-01-10,15614.43,435.9,19.4,0.7551,EASY,75.5
2022-01-11,15844.12,427.6,18.41,0.7551,EASY,75.5
2022-01-12,15905.1,420.9,17.62,0.7551,EASY,75.5
2022-01-13,15495.62,443.5,20.31,0.7347,UNCERTAIN,61.8
2022-01-14,15611.59,434.1,19.19,0.7347,EASY,75.5
2022-01-18,15210.76,464.3,22.79,0.6735,UNCERTAIN,61.8
2022-01-19,15047.84,473.2,23.85,0.6531,UNCERTAIN,61.8
2022-01-20,14846.46,487.8,25.59,0.5918,UNCERTAIN,40.2
2022-01-21,14438.4,515.1,28.85,0.5306,HARD,32.4
2022-01-24,14509.58,523.9,29.9,0.551,HARD,32.4
2022-01-25,14149.12,534.5,31.16,0.4898,HARD,32.4
2022-01-26,14172.76,541.2,31.96,0.449,HARD,32.4
2022-01-27,14003.11,528.9,30.49,0.3469,HARD,16.7
2022-01-28,14454.61,505.2,27.66,0.4286,HARD,32.4
2022-01-31,14930.05,481.4,24.83,0.5714,UNCERTAIN,46.1
2022-02-01,15019.68,457.3,21.96,0.5918,UNCERTAIN,52.0
2022-02-02,15139.74,458.4,22.09,0.6327,UNCERTAIN,67.6
2022-02-03,14501.11,477.4,24.35,0.4898,HARD,38.2
2022-02-04,14694.35,467.9,23.22,0.5306,UNCERTAIN,50.0
2022-02-07,14571.25,464.9,22.86,0.5306,UNCERTAIN,50.0
2022-02-08,14747.03,453.0,21.44,0.5306,UNCERTAIN,52.0
2022-02-09,15056.96,440.6,19.96,0.6327,EASY,73.5
2022-02-10,14705.64,473.7,23.91,0.551,UNCERTAIN,44.1
2022-02-11,14253.84,502.6,27.36,0.3878,HARD,24.5
2022-02-14,14268.59,510.8,28.33,0.4286,HARD,32.4
2022-02-15,14620.82,488.7,25.7,0.4898,HARD,32.4
2022-02-16,14603.64,476.9,24.29,0.5306,HARD,38.2
2022-02-17,14171.74,508.9,28.11,0.4286,HARD,32.4
2022-02-18,14009.54,505.9,27.75,0.4286,HARD,24.5
2022-02-22,13870.53,514.8,28.81,0.4082,HARD,24.5
2022-02-23,13509.43,533.3,31.02,0.2653,HARD,16.7
2022-02-24,13974.67,527.5,30.32,0.3673,HARD,16.7
2022-02-25,14189.16,504.6,27.59,0.449,HARD,32.4
2022-02-28,14237.81,526.0,30.15,0.449,HARD,30.4
2022-03-01,14005.99,552.6,33.32,0.3673,HARD,14.7
2022-03-02,14243.69,531.0,30.74,0.4694,HARD,36.3
2022-03-03,14035.21,528.8,30.48,0.3878,HARD,20.6
2022-03-04,13837.83,541.4,31.98,0.3469,HARD,20.6
2022-03-07,13319.38,578.9,36.45,0.2449,HARD,14.7
2022-03-08,13267.61,567.8,35.13,0.2449,HARD,12.7
2022-03-09,13742.2,545.3,32.45,0.3265,HARD,12.7
2022-03-10,13591.0,526.7,30.23,0.2857,HARD,12.7
2022-03-11,13301.83,531.1,30.75,0.2449,HARD,12.7
2022-03-14,13046.64,539.6,31.77,0.2245,HARD,12.7
2022-03-15,13458.56,523.4,29.83,0.3061,HARD,12.7
2022-03-16,13956.79,496.8,26.67,0.3878,HARD,7.8
2022-03-17,14118.6,488.5,25.67,0.4082,HARD,29.4
2022-03-18,14420.08,473.4,23.87,0.4898,UNCERTAIN,41.2
2022-03-21,14376.09,470.5,23.53,0.4286,UNCERTAIN,41.2
2022-03-22,14654.33,465.6,22.94,0.5102,UNCERTAIN,41.2
2022-03-23,14447.55,470.8,23.57,0.4286,UNCERTAIN,41.2
2022-03-24,14765.69,454.9,21.67,0.551,UNCERTAIN,41.2
2022-03-25,14754.31,447.7,20.81,0.5714,UNCERTAIN,41.2
2022-03-28,14987.4,437.8,19.63,0.6122,UNCERTAIN,62.7
2022-03-29,15239.32,431.7,18.9,0.6939,EASY,70.6
2022-03-30,15071.55,435.3,19.33,0.6122,UNCERTAIN,62.7
2022-03-31,14838.49,445.6,20.56,0.5102,UNCERTAIN,41.2
2022-04-01,14861.21,437.8,19.63,0.4694,UNCERTAIN,54.9
2022-04-04,15159.58,428.9,18.57,0.5102,UNCERTAIN,62.7
2022-04-05,14820.64,449.5,21.03,0.449,HARD,35.3
2022-04-06,14498.89,458.5,22.1,0.3878,HARD,21.6
2022-04-07,14531.81,453.9,21.55,0.3673,HARD,21.6
2022-04-08,14327.26,450.6,21.16,0.3469,HARD,21.6
2022-04-11,13990.21,477.6,24.37,0.3265,HARD,13.7
2022-04-12,13940.24,476.6,24.26,0.3265,HARD,13.7
2022-04-13,14217.29,456.2,21.82,0.3265,HARD,21.6
2022-04-14,13893.21,463.6,22.7,0.3265,HARD,13.7
2022-04-18,13910.76,459.1,22.17,0.3265,HARD,13.7
2022-04-19,14210.26,452.4,21.37,0.3469,HARD,21.6
2022-04-20,13998.53,443.6,20.32,0.3673,HARD,13.7
2022-04-21,13720.45,463.4,22.68,0.3469,HARD,13.7
2022-04-22,13356.87,509.8,28.21,0.3469,HARD,7.8
2022-04-25,13533.22,499.8,27.02,0.3469,HARD,7.8
2022-04-26,13009.71,554.3,33.52,0.2245,HARD,7.8
2022-04-27,13003.36,538.2,31.6,0.2653,HARD,7.8
2022-04-28,13456.06,524.7,29.99,0.3061,HARD,7.8
2022-04-29,12854.8,553.3,33.4,0.2245,HARD,7.8
2022-05-02,13075.85,544.4,32.34,0.2449,HARD,7.8
2022-05-03,13089.9,518.5,29.25,0.2857,HARD,7.8
2022-05-04,13535.71,486.4,25.42,0.3061,HARD,7.8
2022-05-05,12850.55,534.8,31.2,0.2449,HARD,7.8
2022-05-06,12693.53,526.4,30.19,0.1837,HARD,7.8
2022-05-09,12187.72,564.6,34.75,0.102,HARD,7.8
2022-05-10,12345.86,549.9,32.99,0.102,HARD,7.8
2022-05-11,11967.56,546.2,32.56,0.102,HARD,7.8
2022-05-12,11945.5,539.6,31.77,0.102,HARD,7.8
2022-05-13,12387.4,515.3,28.87,0.1429,HARD,7.8
2022-05-16,12243.58,503.6,27.47,0.1429,HARD,7.8
2022-05-17,12564.1,492.1,26.1,0.1633,HARD,7.8
2022-05-18,11928.31,532.8,30.96,0.1224,HARD,7.8
2022-05-19,11875.63,519.3,29.35,0.0816,HARD,13.7
2022-05-20,11835.62,520.0,29.43,0.0816,HARD,7.8
2022-05-23,12034.28,512.0,28.48,0.102,HARD,7.8
2022-05-24,11769.84,520.2,29.45,0.102,HARD,7.8
2022-05-25,11943.93,511.1,28.37,0.1224,HARD,7.8
2022-05-26,12276.79,503.8,27.5,0.1633,HARD,7.8
2022-05-27,12681.42,488.9,25.72,0.2653,HARD,13.7
2022-05-31,12642.1,492.8,26.19,0.2653,HARD,13.7
2022-06-01,12548.36,488.6,25.69,0.2041,HARD,19.6
2022-06-02,12892.89,480.5,24.72,0.2857,HARD,25.5
2022-06-03,12548.03,481.1,24.79,0.2245,HARD,19.6
2022-06-06,12599.63,483.4,25.07,0.2041,HARD,19.6
2022-06-07,12711.68,474.6,24.02,0.3265,HARD,25.5
2022-06-08,12615.13,474.1,23.96,0.2449,HARD,25.5
2022-06-09,12269.78,492.0,26.09,0.1224,HARD,13.7
2022-06-10,11832.82,505.9,27.75,0.0612,HARD,7.8
2022-06-13,11288.32,558.5,34.02,0.0612,HARD,7.8
2022-06-14,11311.69,547.3,32.69,0.0612,HARD,7.8
2022-06-15,11593.77,521.6,29.62,0.0612,HARD,7.8
2022-06-16,11127.57,549.5,32.95,0.0408,HARD,7.8
2022-06-17,11265.99,534.3,31.13,0.0408,HARD,7.8
2022-06-21,11546.76,526.4,30.19,0.0612,HARD,7.8
2022-06-22,11527.71,516.0,28.95,0.0612,HARD,7.8
2022-06-23,11697.68,516.8,29.05,0.0816,HARD,7.8
2022-06-24,12105.85,501.5,27.23,0.1224,HARD,13.7
2022-06-27,12008.24,499.2,26.95,0.1224,HARD,19.6
2022-06-28,11637.77,511.0,28.36,0.0816,HARD,7.8
2022-06-29,11658.26,509.3,28.16,0.0816,HARD,19.6
2022-06-30,11503.72,514.0,28.71,0.0816,HARD,19.6
2022-07-01,11585.68,497.1,26.7,0.0816,HARD,13.7
2022-07-05,11779.9,504.1,27.54,0.0816,HARD,7.8
2022-07-06,11852.59,497.4,26.73,0.1224,HARD,7.8
2022-07-07,12109.05,491.9,26.08,0.1429,HARD,13.7
2022-07-08,12125.69,479.8,24.64,0.1429,HARD,19.6
2022-07-11,11860.28,492.7,26.17,0.102,HARD,13.7
2022-07-12,11744.99,502.0,27.29,0.0816,HARD,19.6
2022-07-13,11728.53,498.1,26.82,0.102,HARD,19.6
2022-07-14,11768.4,494.6,26.4,0.1224,HARD,13.7
2022-07-15,11983.62,476.4,24.23,0.1224,HARD,13.7
2022-07-18,11877.5,485.4,25.3,0.1224,HARD,7.8
2022-07-19,12249.42,478.6,24.5,0.1837,HARD,19.6
2022-07-20,12439.68,473.4,23.88,0.1633,HARD,19.6
2022-07-21,12619.41,467.0,23.11,0.2245,HARD,25.5
2022-07-22,12396.47,466.3,23.03,0.2041,HARD,25.5
2022-07-25,12328.41,469.1,23.36,0.2041,HARD,25.5
2022-07-26,12086.9,480.2,24.69,0.1633,HARD,25.5
2022-07-27,12601.47,468.1,23.24,0.2857,HARD,25.5
2022-07-28,12717.87,460.4,22.33,0.3061,HARD,19.6
2022-07-29,12947.97,452.1,21.33,0.3469,HARD,19.6
2022-08-01,12940.78,464.7,22.84,0.3469,HARD,25.5
2022-08-02,12901.6,473.9,23.93,0.3265,HARD,25.5
2022-08-03,13253.26,457.3,21.95,0.3673,HARD,25.5
2022-08-04,13311.04,453.0,21.44,0.3469,HARD,25.5
2022-08-05,13207.69,450.6,21.15,0.3469,HARD,25.5
2022-08-08,13159.16,451.7,21.29,0.3469,HARD,25.5
2022-08-09,13008.17,455.8,21.77,0.3265,HARD,25.5
2022-08-10,13378.32,438.7,19.74,0.449,HARD,33.3
2022-08-11,13291.99,442.6,20.2,0.3878,HARD,19.6
2022-08-12,13565.87,437.0,19.53,0.4286,HARD,33.3
2022-08-15,13667.18,440.5,19.95,0.4898,HARD,33.3
2022-08-16,13635.21,438.3,19.69,0.4898,HARD,39.2
2022-08-17,13470.86,440.1,19.9,0.4694,HARD,39.2
2022-08-18,13505.99,437.2,19.56,0.449,HARD,39.2
2022-08-19,13242.9,445.9,20.6,0.4082,HARD,27.5
2022-08-22,12890.54,472.8,23.8,0.3265,HARD,19.6
2022-08-23,12881.79,475.4,24.11,0.3469,HARD,13.7
2022-08-24,12917.86,464.6,22.82,0.3469,HARD,13.7
2022-08-25,13143.58,455.8,21.78,0.449,HARD,21.6
2022-08-26,12605.17,487.5,25.56,0.2857,HARD,7.8
2022-08-29,12484.32,493.0,26.21,0.2857,HARD,7.8
2022-08-30,12342.7,493.0,26.21,0.2653,HARD,7.8
2022-08-31,12272.03,490.1,25.87,0.2653,HARD,7.8
2022-09-01,12274.62,487.5,25.56,0.2857,HARD,7.8
2022-09-02,12098.44,486.8,25.47,0.2245,HARD,7.8
2022-09-06,12011.31,498.9,26.91,0.2041,HARD,7.8
2022-09-07,12259.39,479.8,24.64,0.3061,HARD,13.7
2022-09-08,12321.19,471.2,23.61,0.3265,HARD,13.7
2022-09-09,12588.29,464.3,22.79,0.3878,HARD,13.7
2022-09-12,12739.72,473.4,23.87,0.449,HARD,27.5
2022-09-13,12033.62,501.9,27.27,0.2653,HARD,7.8
2022-09-14,12134.4,492.6,26.16,0.3061,HARD,13.7
2022-09-15,11927.49,493.5,26.27,0.2449,HARD,13.7
2022-09-16,11861.38,493.7,26.3,0.2245,HARD,7.8
2022-09-19,11953.27,489.2,25.76,0.2653,HARD,7.8
2022-09-20,11851.54,501.0,27.16,0.2449,HARD,7.8
2022-09-21,11637.79,507.9,27.99,0.2449,HARD,7.8
2022-09-22,11501.65,502.6,27.35,0.1837,HARD,7.8
2022-09-23,11311.24,524.1,29.92,0.1837,HARD,7.8
2022-09-26,11254.11,543.7,32.26,0.1837,HARD,7.8
2022-09-27,11271.75,546.6,32.6,0.1429,HARD,7.8
2022-09-28,11493.83,526.3,30.18,0.1837,HARD,7.8
2022-09-29,11164.78,540.2,31.84,0.1633,HARD,7.8
2022-09-30,10971.22,538.4,31.62,0.1224,HARD,7.8
2022-10-03,11229.73,525.6,30.1,0.1633,HARD,7.8
2022-10-04,11582.54,517.0,29.07,0.2245,HARD,7.8
2022-10-05,11573.18,512.6,28.55,0.2245,HARD,13.7
2022-10-06,11485.5,529.1,30.52,0.2245,HARD,13.7
2022-10-07,11039.47,536.2,31.36,0.1837,HARD,7.8
2022-10-10,10926.97,545.3,32.45,0.1837,HARD,13.7
2022-10-11,10791.35,555.2,33.63,0.1633,HARD,7.8
2022-10-12,10785.62,554.7,33.57,0.1837,HARD,7.8
2022-10-13,11033.58,541.0,31.94,0.1837,HARD,7.8
2022-10-14,10692.06,541.7,32.02,0.1837,HARD,7.8
2022-10-17,11062.53,536.3,31.37,0.1837,HARD,7.8
2022-10-18,11147.74,529.0,30.5,0.2041,HARD,7.8
2022-10-19,11103.38,531.2,30.76,0.2041,HARD,13.7
2022-10-20,11046.71,524.6,29.98,0.1837,HARD,13.7
2022-10-21,11310.33,522.2,29.69,0.2245,HARD,19.6
2022-10-24,11430.26,523.5,29.85,0.2245,HARD,19.6
2022-10-25,11669.99,511.9,28.46,0.2653,HARD,19.6
2022-10-26,11405.9,502.0,27.28,0.2857,HARD,13.7
2022-10-27,11191.63,502.9,27.39,0.2857,HARD,19.6
2022-10-28,11546.21,489.1,25.75,0.3265,HARD,19.6
2022-10-31,11405.57,490.2,25.88,0.3061,HARD,19.6
2022-11-01,11288.95,489.6,25.81,0.3265,HARD,13.7
2022-11-02,10906.34,490.1,25.86,0.2653,HARD,7.8
2022-11-03,10690.6,485.4,25.3,0.2653,HARD,7.8
2022-11-04,10857.03,479.1,24.55,0.2857,HARD,13.7
2022-11-07,10977.0,477.4,24.35,0.3061,HARD,13.7
2022-11-08,11059.5,487.4,25.54,0.3469,HARD,7.8
2022-11-09,10797.55,492.0,26.09,0.2653,HARD,7.8
2022-11-10,11605.96,470.5,23.53,0.5102,HARD,21.6
2022-11-11,11817.01,462.0,22.52,0.5714,HARD,27.5
2022-11-14,11700.94,472.2,23.73,0.5306,HARD,33.3
2022-11-15,11871.15,479.0,24.54,0.5714,HARD,33.3
2022-11-16,11699.09,475.4,24.11,0.4898,HARD,33.3
2022-11-17,11676.86,473.9,23.93,0.5102,HARD,33.3
2022-11-18,11677.02,467.1,23.12,0.5306,HARD,33.3
2022-11-21,11553.45,460.7,22.36,0.5306,HARD,33.3
2022-11-22,11724.84,451.7,21.29,0.6122,HARD,35.3
2022-11-23,11838.72,443.8,20.35,0.6327,HARD,35.3
2022-11-25,11756.03,445.1,20.5,0.6327,HARD,35.3
2022-11-28,11587.75,459.4,22.21,0.5306,HARD,27.5
2022-11-29,11503.45,456.8,21.89,0.551,HARD,27.5
2022-11-30,12030.06,445.8,20.58,0.6735,HARD,35.3
2022-12-01,12041.89,439.6,19.84,0.6735,UNCERTAIN,41.2
2022-12-02,11994.26,433.0,19.06,0.6327,UNCERTAIN,41.2
2022-12-05,11786.8,447.2,20.75,0.551,HARD,27.5
2022-12-06,11549.69,459.1,22.17,0.5306,HARD,27.5
2022-12-07,11497.39,463.4,22.68,0.4898,HARD,27.5
2022-12-08,11637.5,460.1,22.29,0.5714,HARD,21.6
2022-12-09,11563.33,464.6,22.83,0.5714,HARD,21.6
2022-12-12,11706.44,482.8,25.0,0.6531,HARD,29.4
2022-12-13,11834.21,462.3,22.55,0.6735,HARD,29.4
2022-12-14,11740.92,450.5,21.14,0.6531,HARD,29.4
2022-12-15,11345.22,464.6,22.83,0.5306,HARD,21.6
2022-12-16,11243.72,462.9,22.62,0.5102,HARD,27.5
2022-12-19,11084.59,461.2,22.42,0.4898,HARD,21.6
2022-12-20,11072.42,453.3,21.48,0.4694,HARD,21.6
2022-12-21,11235.88,441.5,20.07,0.5306,HARD,21.6
2022-12-22,10956.14,457.4,21.97,0.449,HARD,21.6
2022-12-23,10985.45,448.2,20.87,0.4694,HARD,21.6
2022-12-27,10822.51,454.7,21.65,0.4694,HARD,21.6
2022-12-28,10679.34,458.9,22.14,0.4082,HARD,21.6
2022-12-29,10951.05,453.0,21.44,0.4898,HARD,21.6
2022-12-30,10939.76,454.9,21.67,0.449,HARD,21.6
2023-01-03,10862.64,465.2,22.9,0.449,HARD,21.6
2023-01-04,10914.8,457.8,22.01,0.4898,HARD,21.6
2023-01-05,10741.22,461.5,22.46,0.449,HARD,27.5
2023-01-06,11040.35,450.4,21.13,0.551,HARD,27.5
2023-01-09,11108.45,457.4,21.97,0.5918,HARD,27.5
2023-01-10,11205.78,445.8,20.58,0.6327,HARD,35.3
2023-01-11,11402.52,450.0,21.09,0.6531,UNCERTAIN,41.2
2023-01-12,11459.61,431.1,18.83,0.6531,UNCERTAIN,47.1
2023-01-13,11541.48,427.1,18.35,0.6531,UNCERTAIN,47.1
2023-01-17,11557.19,435.5,19.36,0.6531,UNCERTAIN,47.1
2023-01-18,11410.29,443.8,20.34,0.6531,UNCERTAIN,41.2
2023-01-19,11295.67,445.3,20.52,0.6327,UNCERTAIN,41.2
2023-01-20,11619.03,439.6,19.85,0.6327,UNCERTAIN,47.1
2023-01-23,11872.54,439.3,19.81,0.6735,UNCERTAIN,49.0
2023-01-24,11846.64,434.2,19.2,0.6735,UNCERTAIN,49.0
2023-01-25,11814.69,433.2,19.08,0.6531,UNCERTAIN,49.0
2023-01-26,12051.48,430.3,18.73,0.6735,UNCERTAIN,62.7
2023-01-27,12166.6,428.4,18.51,0.6939,UNCERTAIN,62.7
2023-01-30,11912.39,440.4,19.94,0.6939,UNCERTAIN,49.0
2023-01-31,12101.93,435.9,19.4,0.6939,UNCERTAIN,62.7
2023-02-01,12363.1,423.0,17.87,0.7551,UNCERTAIN,62.7
2023-02-02,12803.14,430.3,18.73,0.8776,UNCERTAIN,62.7
2023-02-03,12573.36,426.9,18.33,0.7959,UNCERTAIN,62.7
2023-02-06,12464.51,436.1,19.43,0.8163,UNCERTAIN,62.7
2023-02-07,12728.27,429.7,18.66,0.8367,UNCERTAIN,62.7
2023-02-08,12495.38,437.8,19.63,0.8163,UNCERTAIN,62.7
2023-02-09,12381.17,446.9,20.71,0.8367,UNCERTAIN,56.9
2023-02-10,12304.92,445.4,20.53,0.8367,UNCERTAIN,51.0
2023-02-13,12502.31,443.8,20.34,0.8367,UNCERTAIN,51.0
2023-02-14,12590.89,431.8,18.91,0.8367,UNCERTAIN,51.0
2023-02-15,12687.89,426.1,18.23,0.8367,UNCERTAIN,51.0
2023-02-16,12442.48,442.3,20.17,0.8367,UNCERTAIN,51.0
2023-02-17,12358.18,441.1,20.02,0.7755,UNCERTAIN,51.0
2023-02-21,12060.3,465.0,22.87,0.7143,UNCERTAIN,51.0
2023-02-22,12066.27,460.1,22.29,0.7143,UNCERTAIN,45.1
2023-02-23,12180.14,450.5,21.14,0.7551,UNCERTAIN,45.1
2023-02-24,11969.65,454.9,21.67,0.6531,UNCERTAIN,45.1
2023-02-27,12057.79,448.9,20.95,0.6939,UNCERTAIN,45.1
2023-02-28,12042.12,446.8,20.7,0.6122,UNCERTAIN,47.1
2023-03-01,11938.57,445.8,20.58,0.5918,HARD,39.2
2023-03-02,12044.87,437.5,19.59,0.6531,UNCERTAIN,52.9
2023-03-03,12290.81,428.2,18.49,0.7347,UNCERTAIN,58.8
2023-03-06,12302.48,429.2,18.61,0.7143,UNCERTAIN,58.8
2023-03-07,12152.17,437.5,19.59,0.6939,UNCERTAIN,58.8
2023-03-08,12215.33,433.4,19.11,0.6939,UNCERTAIN,58.8
2023-03-09,11995.88,462.8,22.61,0.6122,UNCERTAIN,52.9
2023-03-10,11830.28,481.2,24.8,0.6122,UNCERTAIN,45.1
2023-03-13,11923.17,495.6,26.52,0.6327,UNCERTAIN,41.2
2023-03-14,12199.79,472.2,23.73,0.6735,UNCERTAIN,47.1
2023-03-15,12251.32,492.4,26.14,0.6735,UNCERTAIN,41.2
2023-03-16,12581.39,466.0,22.99,0.6939,UNCERTAIN,54.9
2023-03-17,12519.88,487.1,25.51,0.7347,UNCERTAIN,49.0
2023-03-20,12562.61,475.7,24.15,0.7551,UNCERTAIN,60.8
2023-03-21,12741.44,452.5,21.38,0.7959,UNCERTAIN,60.8
2023-03-22,12567.15,459.9,22.26,0.7959,UNCERTAIN,60.8
2023-03-23,12729.23,462.8,22.61,0.7755,UNCERTAIN,60.8
2023-03-24,12767.05,455.5,21.74,0.7755,UNCERTAIN,60.8
2023-03-27,12673.07,445.9,20.6,0.7959,UNCERTAIN,60.8
2023-03-28,12610.57,440.7,19.97,0.7551,UNCERTAIN,60.8
2023-03-29,12846.03,433.5,19.12,0.8163,UNCERTAIN,60.8
2023-03-30,12963.14,432.7,19.02,0.7959,UNCERTAIN,68.6
2023-03-31,13181.35,430.0,18.7,0.8367,UNCERTAIN,68.6
2023-04-03,13148.35,428.7,18.55,0.8367,UNCERTAIN,68.6
2023-04-04,13100.08,432.5,19.0,0.8367,EASY,74.5
2023-04-05,12967.2,433.2,19.08,0.8367,EASY,74.5
2023-04-06,13062.6,427.5,18.4,0.8367,EASY,74.5
2023-04-10,13051.23,432.3,18.97,0.8367,UNCERTAIN,68.6
2023-04-11,12964.15,433.4,19.1,0.8571,UNCERTAIN,68.6
2023-04-12,12848.35,433.3,19.09,0.8367,UNCERTAIN,68.6
2023-04-13,13109.39,422.5,17.8,0.8776,UNCERTAIN,68.6
2023-04-14,13079.52,416.3,17.07,0.8571,UNCERTAIN,62.7
2023-04-17,13087.71,415.3,16.95,0.8776,UNCERTAIN,68.6
2023-04-18,13091.79,414.3,16.83,0.8367,UNCERTAIN,68.6
2023-04-19,13088.71,411.2,16.46,0.8571,UNCERTAIN,68.6
2023-04-20,12985.98,417.2,17.17,0.898,UNCERTAIN,68.6
2023-04-21,13000.77,413.8,16.77,0.898,EASY,76.5
2023-04-24,12969.76,414.8,16.89,0.898,EASY,76.5
2023-04-25,12725.11,430.5,18.76,0.8163,UNCERTAIN,62.7
2023-04-26,12806.48,431.2,18.84,0.7143,UNCERTAIN,62.7
2023-04-27,13160.03,416.0,17.03,0.8571,EASY,70.6
2023-04-28,13245.99,405.5,15.78,0.8367,EASY,76.5
2023-05-01,13231.47,408.0,16.08,0.7959,EASY,76.5
2023-05-02,13113.66,422.3,17.78,0.8163,EASY,76.5
2023-05-03,13030.21,427.0,18.34,0.7551,EASY,76.5
2023-05-04,12982.48,441.7,20.09,0.7551,EASY,70.6
2023-05-05,13259.13,417.3,17.19,0.7959,EASY,76.5
2023-05-08,13291.64,415.6,16.98,0.8367,EASY,76.5
2023-05-09,13201.11,421.7,17.71,0.8163,EASY,76.5
2023-05-10,13347.83,415.2,16.94,0.8163,EASY,76.5
2023-05-11,13389.78,415.2,16.93,0.7755,EASY,76.5
2023-05-12,13340.18,416.0,17.03,0.7959,EASY,76.5
2023-05-15,13413.51,416.7,17.12,0.8367,EASY,76.5
2023-05-16,13426.01,424.0,17.99,0.7551,EASY,76.5
2023-05-17,13589.26,414.7,16.87,0.7959,EASY,76.5
2023-05-18,13834.62,407.8,16.05,0.8776,EASY,76.5
2023-05-19,13803.49,414.1,16.81,0.8571,EASY,82.4
2023-05-22,13849.74,417.5,17.21,0.8367,EASY,82.4
2023-05-23,13672.54,428.6,18.53,0.7959,EASY,82.4
2023-05-24,13604.48,441.2,20.03,0.7551,EASY,76.5
2023-05-25,13938.53,433.7,19.14,0.7551,EASY,76.5
2023-05-26,14298.41,423.7,17.95,0.8163,EASY,76.5
2023-05-30,14354.99,419.6,17.46,0.8163,EASY,76.5
2023-05-31,14254.09,423.6,17.94,0.8163,EASY,82.4
2023-06-01,14441.51,404.4,15.65,0.7959,EASY,82.4
2023-06-02,14546.64,395.6,14.6,0.898,EASY,82.4
2023-06-05,14556.5,396.7,14.73,0.898,EASY,82.4
2023-06-06,14558.09,390.2,13.96,0.8776,EASY,82.4
2023-06-07,14303.29,390.1,13.94,0.8163,EASY,82.4
2023-06-08,14484.54,387.6,13.65,0.898,EASY,76.5
2023-06-09,14528.36,389.2,13.83,0.898,EASY,76.5
2023-06-12,14784.3,399.1,15.01,0.9388,EASY,76.5
2023-06-13,14900.85,395.7,14.61,0.9388,EASY,76.5
2023-06-14,15005.69,389.6,13.88,0.9184,EASY,76.5
2023-06-15,15185.48,394.8,14.5,0.9388,EASY,82.4
2023-06-16,15083.92,386.7,13.54,0.9388,EASY,82.4
2023-06-20,15070.15,389.6,13.88,0.9184,EASY,82.4
2023-06-21,14867.45,383.9,13.2,0.898,EASY,82.4
2023-06-22,15042.32,381.4,12.91,0.898,EASY,82.4
2023-06-23,14891.48,385.9,13.44,0.8367,EASY,76.5
2023-06-26,14689.02,392.7,14.25,0.8367,EASY,76.5
2023-06-27,14945.91,388.4,13.74,0.8571,EASY,70.6
2023-06-28,14964.57,385.8,13.43,0.8367,EASY,70.6
2023-06-29,14939.95,386.7,13.54,0.8571,EASY,70.6
2023-06-30,15179.21,387.1,13.59,0.8571,EASY,76.5
2023-07-03,15208.69,387.0,13.57,0.8571,EASY,76.5
2023-07-05,15203.78,392.1,14.18,0.8571,EASY,76.5
2023-07-06,15089.45,402.7,15.44,0.8571,EASY,76.5
2023-07-07,15036.85,397.5,14.83,0.8571,EASY,76.5
2023-07-10,15045.64,399.6,15.07,0.8571,EASY,76.5
2023-07-11,15119.06,405.0,14.84,0.8776,EASY,76.5
2023-07-12,15307.23,395.0,13.54,0.898,EASY,76.5
2023-07-13,15571.98,397.0,13.61,0.9184,EASY,76.5
2023-07-14,15565.6,390.0,13.34,0.9184,EASY,76.5
2023-07-17,15713.28,397.0,13.48,0.9184,EASY,82.4
2023-07-18,15841.35,390.0,13.3,0.9184,EASY,82.4
2023-07-19,15826.35,389.0,13.76,0.9184,EASY,82.4
2023-07-20,15466.09,390.0,13.99,0.9388,EASY,76.5
2023-07-21,15425.67,389.0,13.6,0.9388,EASY,82.4
2023-07-24,15448.02,382.0,13.91,0.9184,EASY,76.5
2023-07-25,15561.42,384.0,13.86,0.9184,EASY,76.5
2023-07-26,15499.26,391.0,13.19,0.9184,EASY,70.6
2023-07-27,15464.93,378.0,14.41,0.898,EASY,75.5
2023-07-28,15750.93,382.0,13.33,0.898,EASY,75.5
2023-07-31,15757.0,379.0,13.63,0.898,EASY,81.4
2023-08-01,15718.01,382.0,13.93,0.898,EASY,81.4
2023-08-02,15370.74,396.0,16.09,0.898,EASY,81.4
2023-08-03,15353.54,398.0,15.92,0.9184,EASY,81.4
2023-08-04,15274.92,401.0,17.1,0.8776,EASY,81.4
2023-08-07,15407.85,397.0,15.77,0.9184,EASY,75.5
2023-08-08,15273.05,400.0,15.99,0.8776,EASY,75.5
2023-08-09,15101.71,394.0,15.96,0.8571,EASY,75.5
2023-08-10,15128.84,383.0,15.85,0.8571,EASY,75.5
2023-08-11,15028.07,383.0,14.84,0.8571,EASY,75.5
2023-08-14,15205.59,379.0,14.82,0.8571,EASY,75.5
2023-08-15,15037.65,385.0,16.46,0.8367,EASY,75.5
2023-08-16,14876.47,381.0,16.78,0.8163,UNCERTAIN,67.6
2023-08-17,14715.81,395.0,17.89,0.7959,UNCERTAIN,67.6
2023-08-18,14694.84,402.0,17.3,0.7959,UNCERTAIN,67.6
2023-08-21,14936.69,397.0,17.13,0.7959,EASY,75.5
2023-08-22,14908.96,393.0,16.97,0.7959,EASY,75.5
2023-08-23,15148.06,392.0,15.98,0.7959,EASY,75.5
2023-08-24,14816.44,391.0,17.2,0.7755,EASY,73.5
2023-08-25,14941.83,390.0,15.68,0.7959,EASY,81.4
2023-08-28,15052.46,386.0,15.08,0.8163,EASY,81.4
2023-08-29,15376.55,387.0,14.45,0.8367,EASY,81.4
2023-08-30,15462.43,380.0,13.88,0.8367,EASY,81.4
2023-08-31,15501.07,385.0,13.57,0.8163,EASY,87.3
2023-09-01,15490.86,381.0,13.09,0.8163,EASY,87.3
2023-09-05,15508.24,383.0,14.01,0.8163,EASY,87.3
2023-09-06,15371.44,386.0,14.45,0.8163,EASY,87.3
2023-09-07,15258.52,390.0,14.4,0.7755,EASY,81.4
2023-09-08,15280.23,385.0,13.84,0.7755,EASY,81.4
2023-09-11,15461.87,382.0,13.8,0.7755,EASY,81.4
2023-09-12,15289.74,384.0,14.23,0.7755,EASY,75.5
2023-09-13,15348.53,385.0,13.48,0.7959,EASY,75.5
2023-09-14,15473.89,378.0,12.82,0.8163,EASY,81.4
2023-09-15,15202.4,379.0,13.79,0.8163,EASY,81.4
2023-09-18,15225.37,382.0,14.0,0.7959,EASY,81.4
2023-09-19,15191.23,382.0,14.11,0.7959,EASY,81.4
2023-09-20,14969.92,377.0,15.14,0.8163,EASY,75.5
2023-09-21,14694.24,389.0,17.54,0.7347,UNCERTAIN,67.6
2023-09-22,14701.1,393.0,17.2,0.7755,UNCERTAIN,67.6
2023-09-25,14768.9,397.0,16.9,0.7551,UNCERTAIN,67.6
2023-09-26,14545.83,404.0,18.94,0.7347,UNCERTAIN,67.6
2023-09-27,14580.16,403.0,18.22,0.7551,UNCERTAIN,67.6
2023-09-28,14702.77,409.0,17.34,0.7755,UNCERTAIN,67.6
2023-09-29,14715.24,403.0,17.52,0.7755,UNCERTAIN,67.6
2023-10-02,14837.57,411.0,17.61,0.7755,UNCERTAIN,67.6
2023-10-03,14565.62,426.0,19.78,0.7551,EASY,73.5
2023-10-04,14776.25,437.0,18.58,0.7755,EASY,73.5
2023-10-05,14723.22,438.0,18.49,0.7755,EASY,73.5
2023-10-06,14973.24,433.0,17.45,0.7755,EASY,81.4
2023-10-09,15047.15,434.0,17.7,0.7755,EASY,81.4
2023-10-10,15131.52,426.0,17.03,0.8163,EASY,81.4
2023-10-11,15241.12,425.0,16.09,0.7755,EASY,87.3
2023-10-12,15184.1,425.0,16.69,0.7755,EASY,87.3
2023-10-13,14995.12,430.0,19.32,0.7551,EASY,87.3
2023-10-16,15172.73,427.0,17.21,0.7959,EASY,87.3
2023-10-17,15122.01,425.0,17.88,0.7959,EASY,81.4
2023-10-18,14909.26,432.0,19.22,0.7347,EASY,81.4
2023-10-19,14783.13,437.0,21.4,0.7551,UNCERTAIN,61.8
2023-10-20,14560.88,452.0,21.71,0.6939,UNCERTAIN,53.9
2023-10-23,14604.85,451.0,20.37,0.6735,UNCERTAIN,53.9
2023-10-24,14745.86,441.0,18.97,0.6939,UNCERTAIN,67.6
2023-10-25,14381.64,437.0,20.19,0.6327,UNCERTAIN,61.8
2023-10-26,14109.57,450.0,20.68,0.6327,UNCERTAIN,61.8
2023-10-27,14180.42,453.0,21.27,0.5714,UNCERTAIN,46.1
2023-10-30,14335.51,450.0,19.75,0.6122,UNCERTAIN,67.6
2023-10-31,14409.78,442.0,18.14,0.6939,UNCERTAIN,67.6
2023-11-01,14664.91,447.0,16.87,0.7143,UNCERTAIN,67.6
2023-11-02,14919.55,415.0,15.66,0.7347,EASY,81.4
2023-11-03,15099.49,404.0,14.91,0.7755,EASY,81.4
2023-11-06,15154.93,400.0,14.89,0.7551,EASY,87.3
2023-11-07,15296.02,408.0,14.81,0.7755,EASY,87.3
2023-11-08,15313.24,408.0,14.45,0.7755,EASY,87.3
2023-11-09,15187.9,404.0,15.29,0.7551,EASY,87.3
2023-11-10,15529.12,403.0,14.17,0.7959,EASY,87.3
2023-11-13,15482.79,403.0,14.76,0.7959,EASY,87.3
2023-11-14,15812.47,392.0,14.16,0.8776,EASY,87.3
2023-11-15,15817.18,389.0,14.18,0.8571,EASY,87.3
2023-11-16,15833.17,402.0,14.32,0.8571,EASY,87.3
2023-11-17,15837.99,399.0,13.8,0.898,EASY,87.3
2023-11-20,16027.06,392.0,13.41,0.898,EASY,87.3
2023-11-21,15933.62,395.0,13.35,0.8776,EASY,87.3
2023-11-22,16001.39,390.0,12.85,0.898,EASY,87.3
2023-11-24,15982.01,385.0,12.46,0.898,EASY,81.4
2023-11-27,15961.98,389.0,12.69,0.898,EASY,81.4
2023-11-28,16010.43,390.0,12.69,0.898,EASY,81.4
2023-11-29,15987.6,380.0,12.98,0.898,EASY,81.4
2023-11-30,15947.87,384.0,12.92,0.8776,EASY,81.4
2023-12-01,15997.58,387.0,12.63,0.898,EASY,81.4
2023-12-04,15839.67,380.0,13.08,0.898,EASY,81.4
2023-12-05,15877.71,380.0,12.85,0.898,EASY,81.4
2023-12-06,15788.05,379.0,12.97,0.898,EASY,75.5
2023-12-07,16022.49,377.0,13.06,0.898,EASY,81.4
2023-12-08,16084.69,375.0,12.35,0.898,EASY,81.4
2023-12-11,16221.73,379.0,12.63,0.898,EASY,81.4
2023-12-12,16354.25,376.0,12.07,0.898,EASY,81.4
2023-12-13,16562.37,379.0,12.19,0.9184,EASY,87.3
2023-12-14,16537.83,347.0,12.48,0.9388,EASY,95.1
2023-12-15,16623.45,351.0,12.28,0.9388,EASY,87.3
2023-12-18,16729.8,351.0,12.56,0.9388,EASY,87.3
2023-12-19,16811.85,346.0,12.53,0.9388,EASY,95.1
2023-12-20,16554.16,343.0,13.67,0.9184,EASY,95.1
2023-12-21,16757.41,341.0,13.65,0.9184,EASY,95.1
2023-12-22,16777.4,339.0,13.03,0.9184,EASY,89.2
2023-12-26,16878.46,337.0,12.99,0.9184,EASY,89.2
2023-12-27,16906.8,334.0,12.43,0.9184,EASY,89.2
2023-12-28,16898.47,332.0,12.47,0.9184,EASY,89.2
2023-12-29,16825.93,334.0,12.45,0.9184,EASY,89.2
2024-01-02,16543.94,354.0,13.2,0.9388,EASY,81.4
2024-01-03,16368.49,371.0,14.04,0.9388,EASY,81.4
2024-01-04,16282.01,369.0,14.13,0.9184,EASY,75.5
2024-01-05,16305.98,368.0,13.35,0.9184,EASY,75.5
2024-01-08,16649.87,363.0,13.08,0.9184,EASY,75.5
2024-01-09,16678.7,359.0,12.76,0.9184,EASY,75.5
2024-01-10,16793.05,350.0,12.69,0.9388,EASY,75.5
2024-01-11,16820.9,355.0,12.44,0.898,EASY,81.4
2024-01-12,16832.92,356.0,12.7,0.9184,EASY,81.4
2024-01-16,16830.71,358.0,13.84,0.8776,EASY,87.3
2024-01-17,16736.28,362.0,14.79,0.8776,EASY,87.3
2024-01-18,16982.29,358.0,14.13,0.9184,EASY,81.4
2024-01-19,17314.0,354.0,13.3,0.9184,EASY,81.4
2024-01-22,17330.38,349.0,13.19,0.9184,EASY,89.2
2024-01-23,17404.21,351.0,12.55,0.9184,EASY,87.3
2024-01-24,17499.3,344.0,13.14,0.9184,EASY,95.1
2024-01-25,17516.99,345.0,13.45,0.9184,EASY,95.1
2024-01-26,17421.01,339.0,13.26,0.9184,EASY,95.1
2024-01-29,17596.27,341.0,13.6,0.9184,EASY,95.1
2024-01-30,17476.71,342.0,13.31,0.898,EASY,95.1
2024-01-31,17137.24,359.0,14.35,0.8776,EASY,81.4
2024-02-01,17344.71,356.0,13.88,0.8776,EASY,81.4
2024-02-02,17642.73,347.0,13.85,0.8571,EASY,89.2
2024-02-05,17613.04,350.0,13.67,0.8367,EASY,81.4
2024-02-06,17572.73,352.0,13.06,0.8571,EASY,81.4
2024-02-07,17755.07,343.0,12.83,0.8571,EASY,89.2
2024-02-08,17783.17,338.0,12.79,0.8163,EASY,89.2
2024-02-09,17962.41,333.0,12.93,0.8776,EASY,89.2
2024-02-12,17882.66,335.0,13.93,0.8571,EASY,89.2
2024-02-13,17600.42,336.0,15.85,0.8367,EASY,89.2
2024-02-14,17807.63,338.0,14.38,0.8367,EASY,89.2
2024-02-15,17845.72,335.0,14.01,0.8571,EASY,89.2
2024-02-16,17685.98,334.0,14.24,0.8367,EASY,89.2
2024-02-20,17546.1,337.0,15.42,0.8571,EASY,89.2
2024-02-21,17478.91,334.0,15.34,0.8571,EASY,83.3
2024-02-22,18004.7,322.0,14.54,0.8776,EASY,89.2
2024-02-23,17937.61,323.0,13.75,0.8571,EASY,89.2
2024-02-26,17933.33,323.0,13.74,0.8571,EASY,89.2
2024-02-27,17971.05,326.0,13.43,0.8571,EASY,89.2
2024-02-28,17874.5,331.0,13.84,0.8571,EASY,89.2
2024-02-29,18043.85,329.0,13.4,0.8776,EASY,89.2
2024-03-01,18302.91,332.0,13.11,0.8776,EASY,89.2
2024-03-04,18226.48,326.0,13.49,0.8571,EASY,89.2
2024-03-05,17897.87,331.0,14.46,0.8163,EASY,89.2
2024-03-06,18017.57,327.0,14.5,0.7959,EASY,89.2
2024-03-07,18297.99,327.0,14.44,0.8571,EASY,89.2
2024-03-08,18018.45,326.0,14.74,0.8571,EASY,89.2
2024-03-11,17951.69,326.0,15.22,0.8776,EASY,89.2
2024-03-12,18219.11,320.0,13.84,0.8776,EASY,89.2
2024-03-13,18068.47,315.0,13.75,0.8776,EASY,89.2
2024-03-14,18014.81,315.0,14.4,0.8571,EASY,89.2
2024-03-15,17808.25,316.0,14.41,0.8367,EASY,89.2
2024-03-18,17985.01,313.0,14.33,0.8776,EASY,89.2
2024-03-19,18032.2,310.0,13.82,0.8776,EASY,83.3
2024-03-20,18240.11,314.0,13.04,0.8776,EASY,89.2
2024-03-21,18320.38,305.0,12.92,0.8571,EASY,89.2
2024-03-22,18339.44,308.0,13.06,0.8571,EASY,89.2
2024-03-25,18277.06,311.0,13.19,0.8571,EASY,89.2
2024-03-26,18210.54,315.0,13.24,0.8571,EASY,89.2
2024-03-27,18280.84,315.0,12.78,0.8776,EASY,89.2
2024-03-28,18254.69,312.0,13.01,0.8776,EASY,89.2
2024-04-01,18293.2,312.0,13.65,0.8571,EASY,89.2
2024-04-02,18121.78,323.0,14.61,0.8571,EASY,89.2
2024-04-03,18160.19,323.0,14.33,0.8163,EASY,89.2
2024-04-04,17878.78,324.0,16.35,0.8163,EASY,83.3
2024-04-05,18108.46,318.0,16.03,0.7959,EASY,83.3
2024-04-08,18100.19,315.0,15.19,0.7959,EASY,83.3
2024-04-09,18169.9,314.0,14.98,0.8367,EASY,83.3
2024-04-10,18011.66,310.0,15.8,0.8163,EASY,83.3
2024-04-11,18307.98,316.0,14.91,0.8163,EASY,89.2
2024-04-12,18003.49,325.0,17.31,0.8163,EASY,89.2
2024-04-15,17706.83,328.0,19.23,0.7755,EASY,89.2
2024-04-16,17713.66,336.0,18.4,0.7755,EASY,83.3
2024-04-17,17493.62,342.0,18.21,0.7755,EASY,83.3
2024-04-18,17394.31,339.0,18.0,0.7755,EASY,83.3
2024-04-19,17037.65,337.0,18.71,0.7755,EASY,75.5
2024-04-22,17210.89,329.0,16.94,0.8163,EASY,75.5
2024-04-23,17471.47,320.0,15.69,0.8163,EASY,83.3
2024-04-24,17526.8,319.0,15.97,0.7959,EASY,83.3
2024-04-25,17430.5,324.0,15.37,0.7755,EASY,83.3
2024-04-26,17718.3,316.0,15.03,0.7959,EASY,89.2
2024-04-29,17782.72,312.0,14.67,0.7959,EASY,89.2
2024-04-30,17440.69,318.0,15.65,0.7551,EASY,89.2
2024-05-01,17318.55,321.0,15.39,0.7755,EASY,89.2
2024-05-02,17541.54,316.0,14.68,0.7755,EASY,89.2
2024-05-03,17890.8,308.0,13.49,0.8367,EASY,89.2
2024-05-06,18093.57,303.0,13.49,0.8367,EASY,89.2
2024-05-07,18091.45,306.0,13.23,0.8367,EASY,89.2
2024-05-08,18085.01,310.0,13.0,0.8367,EASY,95.1
2024-05-09,18113.46,314.0,12.69,0.8367,EASY,95.1
2024-05-10,18161.18,312.0,12.55,0.8367,EASY,95.1
2024-05-13,18198.61,314.0,13.6,0.8367,EASY,95.1
2024-05-14,18322.77,314.0,13.42,0.8367,EASY,95.1
2024-05-15,18596.65,313.0,12.45,0.8367,EASY,89.2
2024-05-16,18557.96,308.0,12.42,0.8367,EASY,89.2
2024-05-17,18546.23,309.0,11.99,0.8367,EASY,89.2
2024-05-20,18674.19,307.0,12.15,0.8163,EASY,95.1
2024-05-21,18713.8,307.0,11.86,0.7959,EASY,95.1
2024-05-22,18705.2,311.0,12.29,0.8163,EASY,89.2
2024-05-23,18623.39,310.0,12.77,0.8163,EASY,89.2
2024-05-24,18808.35,311.0,11.93,0.8163,EASY,89.2
2024-05-28,18869.44,309.0,12.92,0.8163,EASY,89.2
2024-05-29,18736.75,315.0,14.28,0.7959,EASY,89.2
2024-05-30,18538.66,319.0,14.47,0.7551,EASY,89.2
2024-05-31,18536.65,320.0,12.92,0.7959,EASY,89.2
2024-06-03,18600.97,317.0,13.11,0.7755,EASY,89.2
2024-06-04,18654.84,322.0,13.16,0.7755,EASY,83.3
2024-06-05,19035.05,320.0,12.63,0.7755,EASY,89.2
2024-06-06,19021.19,320.0,12.58,0.7755,EASY,89.2
2024-06-07,19000.95,315.0,12.22,0.7755,EASY,89.2
2024-06-10,19074.67,315.0,12.74,0.7551,EASY,89.2
2024-06-11,19210.18,319.0,12.85,0.7755,EASY,95.1
2024-06-12,19465.18,309.0,12.04,0.7755,EASY,95.1
2024-06-13,19576.92,320.0,11.94,0.7755,EASY,95.1
2024-06-14,19659.8,329.0,12.66,0.7959,EASY,95.1
2024-06-17,19902.75,326.0,12.75,0.7959,EASY,95.1
2024-06-18,19908.86,324.0,12.3,0.7959,EASY,95.1
2024-06-20,19752.3,323.0,13.28,0.7959,EASY,95.1
2024-06-21,19700.43,321.0,13.2,0.8163,EASY,95.1
2024-06-24,19474.62,319.0,13.33,0.8163,EASY,89.2
2024-06-25,19701.13,319.0,12.84,0.8163,EASY,89.2
2024-06-26,19751.05,318.0,12.55,0.7551,EASY,89.2
2024-06-27,19789.03,321.0,12.24,0.7755,EASY,89.2
2024-06-28,19682.87,318.0,12.44,0.7959,EASY,89.2
2024-07-01,19812.22,321.0,12.22,0.7959,EASY,89.2
2024-07-02,20011.89,323.0,12.03,0.8163,EASY,89.2
2024-07-03,20186.63,325.0,12.09,0.7959,EASY,89.2
2024-07-05,20391.97,327.0,12.48,0.7755,EASY,89.2
2024-07-08,20439.54,320.0,12.37,0.7959,EASY,95.1
2024-07-09,20453.02,321.0,12.51,0.7959,EASY,95.1
2024-07-10,20675.38,317.0,12.85,0.7959,EASY,95.1
2024-07-11,20211.36,318.0,12.92,0.7959,EASY,89.2
2024-07-12,20331.49,319.0,12.46,0.7959,EASY,95.1
2024-07-15,20386.88,313.0,13.12,0.8571,EASY,89.2
2024-07-16,20398.62,308.0,13.19,0.8776,EASY,89.2
2024-07-17,19799.14,309.0,14.48,0.9184,EASY,83.3
2024-07-18,19705.09,309.0,15.93,0.8776,EASY,83.3
2024-07-19,19522.62,309.0,16.52,0.8571,EASY,83.3
2024-07-22,19822.87,305.0,14.91,0.898,EASY,83.3
2024-07-23,19754.34,302.0,14.72,0.7755,EASY,83.3
2024-07-24,19032.39,310.0,18.04,0.7959,EASY,75.5
2024-07-25,18830.58,308.0,18.46,0.7959,EASY,75.5
2024-07-26,19023.66,310.0,16.39,0.8163,EASY,75.5
2024-07-29,19059.49,313.0,16.6,0.8163,EASY,75.5
2024-07-30,18796.27,320.0,17.69,0.8163,EASY,75.5
2024-07-31,19362.43,325.0,16.36,0.8776,EASY,75.5
2024-08-01,18890.39,335.0,18.59,0.7959,EASY,75.5
2024-08-02,18440.85,372.0,23.39,0.6122,UNCERTAIN,61.8
2024-08-05,17895.16,393.0,38.57,0.5102,UNCERTAIN,48.0
2024-08-06,18077.92,367.0,27.71,0.551,UNCERTAIN,48.0
2024-08-07,17867.37,357.0,27.85,0.4898,UNCERTAIN,48.0
2024-08-08,18413.82,348.0,23.79,0.6531,UNCERTAIN,69.6
2024-08-09,18513.1,349.0,20.37,0.6122,UNCERTAIN,69.6
2024-08-12,18542.03,352.0,20.71,0.5918,UNCERTAIN,53.9
2024-08-13,19006.43,354.0,18.12,0.6939,EASY,73.5
2024-08-14,19022.68,346.0,16.19,0.6735,EASY,87.3
2024-08-15,19490.15,331.0,15.23,0.8163,EASY,95.1
2024-08-16,19508.52,329.0,14.8,0.7959,EASY,95.1
2024-08-19,19766.49,321.0,14.65,0.8571,EASY,95.1
2024-08-20,19719.82,325.0,15.88,0.8367,EASY,95.1
2024-08-21,19824.84,327.0,16.27,0.8571,EASY,95.1
2024-08-22,19491.84,321.0,17.55,0.8163,EASY,95.1
2024-08-23,19720.87,319.0,15.86,0.7755,EASY,95.1
2024-08-26,19516.44,315.0,16.15,0.7551,EASY,89.2
2024-08-27,19581.52,317.0,15.43,0.7755,EASY,89.2
2024-08-28,19350.78,319.0,17.11,0.7143,EASY,75.5
2024-08-29,19325.45,315.0,15.65,0.6939,EASY,75.5
2024-08-30,19574.64,313.0,15.0,0.7959,EASY,83.3
2024-09-03,18958.74,331.0,20.72,0.6939,UNCERTAIN,69.6
2024-09-04,18921.4,335.0,21.32,0.6531,UNCERTAIN,69.6
2024-09-05,18930.33,329.0,19.9,0.6531,EASY,75.5
2024-09-06,18421.31,339.0,22.38,0.5714,UNCERTAIN,61.8
2024-09-09,18660.78,336.0,19.45,0.6327,EASY,75.5
2024-09-10,18829.14,346.0,19.08,0.6531,EASY,75.5
2024-09-11,19237.3,344.0,17.69,0.6531,EASY,75.5
2024-09-12,19423.07,339.0,17.07,0.6531,EASY,75.5
2024-09-13,19514.59,337.0,16.56,0.6735,EASY,89.2
2024-09-16,19423.06,332.0,17.14,0.6735,EASY,87.3
2024-09-17,19432.4,325.0,17.61,0.7143,EASY,87.3
2024-09-18,19344.49,321.0,18.23,0.7143,EASY,92.2
2024-09-19,19839.83,310.0,16.33,0.7755,EASY,100.0
2024-09-20,19791.49,315.0,16.15,0.7143,EASY,100.0
2024-09-23,19852.2,315.0,15.89,0.7143,EASY,94.1
2024-09-24,19944.84,321.0,15.39,0.7347,EASY,94.1
2024-09-25,19972.61,319.0,15.41,0.7551,EASY,100.0
2024-09-26,20115.54,314.0,15.37,0.7959,EASY,100.0
2024-09-27,20008.62,314.0,16.96,0.7959,EASY,100.0
2024-09-30,20060.69,303.0,16.73,0.7551,EASY,94.1
2024-10-01,19773.3,307.0,19.26,0.6939,EASY,94.1
2024-10-02,19802.59,306.0,18.9,0.7143,EASY,94.1
2024-10-03,19793.34,304.0,20.49,0.7143,EASY,88.2
2024-10-04,20035.02,289.0,19.21,0.7143,EASY,94.1
2024-10-07,19800.74,295.0,22.64,0.6531,EASY,82.4
2024-10-08,20107.78,299.0,21.42,0.6735,EASY,88.2
2024-10-09,20268.86,294.0,20.86,0.7347,EASY,88.2
2024-10-10,20241.76,299.0,20.93,0.6735,EASY,88.2
2024-10-11,20271.97,298.0,20.46,0.7959,EASY,88.2
2024-10-14,20439.05,297.0,19.7,0.8367,EASY,100.0
2024-10-15,20159.83,293.0,20.64,0.7551,EASY,88.2
2024-10-16,20174.05,290.0,19.58,0.7143,EASY,94.1
2024-10-17,20190.42,289.0,19.11,0.6939,EASY,94.1
2024-10-18,20324.04,288.0,18.03,0.7143,EASY,94.1
2024-10-21,20361.47,288.0,18.37,0.7143,EASY,94.1
2024-10-22,20390.46,292.0,18.2,0.7143,EASY,94.1
2024-10-23,20066.96,295.0,19.24,0.6531,EASY,94.1
2024-10-24,20232.87,293.0,19.08,0.6531,EASY,94.1
2024-10-25,20352.02,289.0,20.33,0.7143,EASY,88.2
2024-10-28,20351.07,282.0,19.8,0.7143,EASY,94.1
2024-10-29,20550.65,285.0,19.34,0.7347,EASY,94.1
2024-10-30,20387.7,280.0,20.35,0.6531,EASY,88.2
2024-10-31,19890.42,288.0,23.16,0.6122,EASY,88.2
2024-11-01,20033.14,283.0,21.88,0.6122,EASY,88.2
2024-11-04,19963.6,287.0,21.98,0.6327,EASY,88.2
2024-11-05,20227.46,286.0,20.49,0.6531,EASY,82.4
2024-11-06,20781.33,274.0,16.27,0.7551,EASY,88.2
2024-11-07,21101.57,273.0,15.2,0.7551,EASY,94.1
2024-11-08,21117.18,263.0,14.94,0.7755,EASY,94.1
2024-11-11,21106.59,263.0,14.97,0.7143,EASY,100.0
2024-11-12,21070.79,261.0,14.71,0.7551,EASY,100.0
2024-11-13,21036.16,264.0,14.02,0.7347,EASY,100.0
2024-11-14,20896.67,260.0,14.31,0.7143,EASY,100.0
2024-11-15,20394.13,272.0,16.14,0.6735,EASY,94.1
2024-11-18,20539.19,272.0,15.58,0.6735,EASY,94.1
2024-11-19,20684.59,269.0,16.35,0.6531,EASY,88.2
2024-11-20,20667.1,267.0,17.16,0.6531,EASY,88.2
2024-11-21,20740.78,261.0,16.87,0.6735,EASY,88.2
2024-11-22,20776.23,261.0,15.24,0.6939,EASY,88.2
2024-11-25,20804.89,264.0,14.6,0.7551,EASY,94.1
2024-11-26,20922.9,268.0,14.1,0.7755,EASY,94.1
2024-11-27,20744.49,269.0,14.1,0.7347,EASY,94.1
2024-11-29,20930.37,272.0,13.51,0.7551,EASY,94.1
2024-12-02,21164.6,268.0,13.34,0.7551,EASY,94.1
2024-12-03,21229.32,266.0,13.3,0.7551,EASY,94.1
2024-12-04,21492.36,266.0,13.45,0.7755,EASY,94.1
2024-12-05,21425.22,266.0,13.54,0.7347,EASY,100.0
2024-12-06,21622.25,267.0,12.77,0.7551,EASY,100.0
2024-12-09,21440.82,267.0,14.19,0.7143,EASY,100.0
2024-12-10,21368.18,267.0,14.18,0.6939,EASY,100.0
2024-12-11,21763.98,264.0,13.58,0.7143,EASY,94.1
2024-12-12,21615.27,266.0,13.92,0.7143,EASY,94.1
2024-12-13,21780.25,268.0,13.81,0.6939,EASY,94.1
2024-12-16,22096.66,269.0,14.69,0.6735,EASY,94.1
2024-12-17,22001.08,275.0,15.87,0.6531,EASY,94.1
2024-12-18,21209.32,273.0,27.62,0.5714,UNCERTAIN,68.6
2024-12-19,21110.51,291.0,24.09,0.551,EASY,80.4
2024-12-20,21289.15,286.0,18.36,0.5714,EASY,86.3
2024-12-23,21503.17,285.0,16.78,0.5714,EASY,80.4
2024-12-24,21797.65,286.0,14.27,0.6122,EASY,88.2
2024-12-26,21768.31,286.0,14.73,0.5918,EASY,80.4
2024-12-27,21473.02,284.0,15.95,0.5918,EASY,86.3
2024-12-30,21197.09,294.0,17.4,0.5306,EASY,86.3
2024-12-31,21012.17,292.0,17.35,0.5306,EASY,86.3
2025-01-02,20975.62,288.0,17.93,0.5102,EASY,86.3
2025-01-03,21326.16,281.0,16.13,0.5306,EASY,80.4
2025-01-06,21559.5,276.0,16.04,0.5714,EASY,80.4
2025-01-07,21173.04,279.0,17.82,0.5102,EASY,80.4
2025-01-08,21180.97,284.0,17.7,0.5714,EASY,80.4
2025-01-10,20847.58,281.0,19.54,0.5306,EASY,86.3
2025-01-13,20784.72,285.0,19.19,0.5102,EASY,86.3
2025-01-14,20757.41,280.0,18.71,0.5714,EASY,72.5
2025-01-15,21237.85,272.0,16.12,0.6122,EASY,88.2
2025-01-16,21091.25,273.0,16.6,0.6122,EASY,88.2
2025-01-17,21441.16,264.0,15.97,0.6327,EASY,88.2
2025-01-21,21566.51,261.0,15.06,0.6531,EASY,94.1
2025-01-22,21853.0,259.0,15.1,0.6735,EASY,100.0
2025-01-23,21900.93,261.0,15.02,0.6939,EASY,100.0
2025-01-24,21774.01,260.0,14.85,0.6327,EASY,100.0
2025-01-27,21127.28,266.0,17.9,0.5918,EASY,86.3
2025-01-28,21463.04,266.0,16.41,0.5918,EASY,86.3
2025-01-29,21411.46,268.0,16.56,0.5918,EASY,81.4
2025-01-30,21508.12,267.0,15.84,0.5918,EASY,81.4
2025-01-31,21478.05,268.0,16.43,0.5918,EASY,75.5
2025-02-03,21297.58,273.0,18.62,0.5918,EASY,75.5
2025-02-04,21566.92,271.0,17.21,0.5918,EASY,75.5
2025-02-05,21658.16,269.0,15.77,0.6531,EASY,89.2
2025-02-06,21774.07,266.0,15.5,0.6122,EASY,89.2
2025-02-07,21491.31,267.0,16.54,0.5918,EASY,81.4
2025-02-10,21756.73,266.0,15.81,0.5918,EASY,81.4
2025-02-11,21693.52,266.0,16.02,0.5714,EASY,81.4
2025-02-12,21719.26,265.0,15.89,0.5714,EASY,81.4
2025-02-13,22030.71,265.0,15.1,0.5918,EASY,81.4
2025-02-14,22114.69,262.0,14.77,0.5714,EASY,81.4
2025-02-18,22164.61,262.0,15.35,0.6327,EASY,89.2
2025-02-19,22175.6,268.0,15.27,0.6939,EASY,89.2
2025-02-20,22068.06,266.0,15.66,0.6735,EASY,89.2
2025-02-21,21614.08,278.0,18.21,0.6531,EASY,89.2
2025-02-24,21352.08,278.0,18.98,0.5918,EASY,81.4
2025-02-25,21087.25,284.0,19.43,0.5714,EASY,75.5
2025-02-26,21132.92,281.0,19.1,0.551,EASY,75.5
2025-02-27,20550.95,281.0,21.13,0.5102,UNCERTAIN,61.8
2025-02-28,20884.41,287.0,19.63,0.5306,EASY,75.5
2025-03-03,20425.58,294.0,22.78,0.5102,UNCERTAIN,61.8
2025-03-04,20352.53,299.0,23.51,0.449,UNCERTAIN,61.8
2025-03-05,20628.46,288.0,21.93,0.4898,UNCERTAIN,61.8
2025-03-06,20052.63,299.0,24.87,0.4898,UNCERTAIN,53.9
2025-03-07,20201.37,297.0,23.37,0.4898,UNCERTAIN,53.9
2025-03-10,19430.95,316.0,27.86,0.4082,UNCERTAIN,40.2
2025-03-11,19376.96,322.0,26.92,0.3265,HARD,32.4
2025-03-12,19596.02,320.0,24.23,0.3469,HARD,38.2
2025-03-13,19225.48,340.0,24.66,0.2653,HARD,38.2
2025-03-14,19704.64,325.0,21.77,0.3265,HARD,38.2
2025-03-17,19812.24,318.0,20.51,0.3469,HARD,38.2
2025-03-18,19483.36,323.0,21.7,0.3265,HARD,38.2
2025-03-19,19736.66,319.0,19.9,0.3265,UNCERTAIN,44.1
2025-03-20,19677.61,317.0,19.8,0.3265,UNCERTAIN,50.0
2025-03-21,19753.97,321.0,19.28,0.3265,UNCERTAIN,50.0
2025-03-24,20180.45,305.0,17.48,0.4082,UNCERTAIN,65.7
2025-03-25,20287.83,309.0,17.15,0.4286,UNCERTAIN,65.7
2025-03-26,19916.99,319.0,18.33,0.3878,UNCERTAIN,57.8
2025-03-27,19798.62,327.0,18.69,0.3673,UNCERTAIN,50.0
2025-03-28,19281.4,347.0,21.65,0.3061,UNCERTAIN,44.1
2025-03-31,19278.45,355.0,22.28,0.3061,HARD,36.3
2025-04-01,19436.42,350.0,21.77,0.3061,HARD,30.4
2025-04-02,19581.78,342.0,21.51,0.3265,HARD,38.2
2025-04-03,18521.47,401.0,30.02,0.2653,HARD,16.7
2025-04-04,17397.7,445.0,45.31,0.1633,HARD,16.7
2025-04-07,17430.68,461.0,46.98,0.1429,HARD,8.8
2025-04-08,17090.4,457.0,52.33,0.1429,HARD,8.8
2025-04-09,19145.06,437.0,33.62,0.3265,HARD,24.5
2025-04-10,18343.57,442.0,40.72,0.2653,HARD,14.7
2025-04-11,18690.05,426.0,37.56,0.2653,HARD,14.7
2025-04-14,18796.02,414.0,30.89,0.2653,HARD,20.6
2025-04-15,18830.23,409.0,30.12,0.2653,HARD,26.5
2025-04-16,18257.64,416.0,32.64,0.2653,HARD,14.7
2025-04-17,18258.09,402.0,29.65,0.2653,HARD,26.5
2025-04-21,17808.3,416.0,33.82,0.2041,HARD,20.6
2025-04-22,18276.41,399.0,30.57,0.2449,HARD,12.7
2025-04-23,18693.26,375.0,28.45,0.2653,HARD,12.7
2025-04-24,19214.4,373.0,26.47,0.3061,HARD,20.6
2025-04-25,19432.56,367.0,24.84,0.3469,HARD,32.4
2025-04-28,19427.29,373.0,25.15,0.3469,HARD,32.4
2025-04-29,19544.95,374.0,24.17,0.4082,UNCERTAIN,46.1
2025-04-30,19571.02,394.0,24.7,0.3673,HARD,38.2
2025-05-01,19786.71,378.0,24.6,0.3878,UNCERTAIN,46.1
2025-05-02,20102.61,360.0,22.68,0.4286,UNCERTAIN,53.9
2025-05-05,19967.94,360.0,23.64,0.4286,UNCERTAIN,53.9
2025-05-06,19791.35,366.0,24.76,0.3878,UNCERTAIN,46.1
2025-05-07,19867.97,367.0,23.55,0.4082,UNCERTAIN,53.9
2025-05-08,20063.56,351.0,22.48,0.449,UNCERTAIN,53.9
2025-05-09,20061.45,353.0,21.9,0.449,UNCERTAIN,48.0
2025-05-12,20868.15,315.0,18.39,0.6122,EASY,85.3
2025-05-13,21197.7,309.0,18.22,0.6735,EASY,91.2
2025-05-14,21319.21,310.0,18.62,0.6327,EASY,91.2
2025-05-15,21335.82,320.0,17.83,0.6735,EASY,91.2
2025-05-16,21427.94,316.0,17.24,0.6531,EASY,91.2
2025-05-19,21447.05,321.0,18.14,0.6531,EASY,91.2
2025-05-20,21367.37,320.0,18.09,0.6531,EASY,91.2
2025-05-21,21080.36,325.0,20.87,0.6122,EASY,85.3
2025-05-22,21112.47,332.0,20.28,0.6327,EASY,79.4
2025-05-23,20915.66,340.0,22.29,0.5306,EASY,71.6
2025-05-27,21414.99,324.0,18.96,0.6531,EASY,79.4
2025-05-28,21318.17,323.0,19.31,0.6327,EASY,79.4
2025-05-29,21363.95,322.0,19.18,0.6327,EASY,85.3
2025-05-30,21340.99,331.0,18.57,0.5918,EASY,77.5
2025-06-02,21491.75,327.0,18.36,0.5918,EASY,77.5
2025-06-03,21662.58,319.0,17.69,0.6327,EASY,85.3
2025-06-04,21721.92,323.0,17.61,0.6122,EASY,85.3
2025-06-05,21547.43,318.0,18.48,0.5714,EASY,77.5
2025-06-06,21761.79,309.0,16.77,0.6735,EASY,85.3
2025-06-09,21797.87,312.0,17.16,0.6735,EASY,85.3
2025-06-10,21941.92,312.0,16.95,0.7755,EASY,85.3
2025-06-11,21860.8,312.0,17.26,0.7347,EASY,85.3
2025-06-12,21913.32,317.0,18.02,0.7143,EASY,85.3
2025-06-13,21631.04,318.0,20.82,0.6122,EASY,79.4
2025-06-16,21937.57,310.0,19.11,0.6735,EASY,87.3
2025-06-17,21719.08,317.0,21.6,0.6531,EASY,81.4
2025-06-18,21719.69,316.0,20.14,0.6531,EASY,81.4
2025-06-20,21626.39,313.0,20.62,0.5918,EASY,73.5
2025-06-23,21856.33,312.0,19.83,0.6327,EASY,87.3
2025-06-24,22190.52,306.0,17.48,0.6735,EASY,87.3
2025-06-25,22237.74,304.0,16.76,0.6531,EASY,89.2
2025-06-26,22447.29,304.0,16.59,0.7551,EASY,89.2
2025-06-27,22534.2,302.0,16.32,0.7755,EASY,95.1
2025-06-30,22679.01,296.0,16.73,0.7959,EASY,95.1
2025-07-01,22478.13,291.0,16.83,0.7959,EASY,95.1
2025-07-02,22641.89,288.0,16.64,0.7959,EASY,95.1
2025-07-03,22866.97,280.0,16.38,0.7959,EASY,95.1
2025-07-07,22685.57,286.0,17.79,0.7755,EASY,89.2
2025-07-08,22702.25,292.0,16.81,0.7755,EASY,89.2
2025-07-09,22864.91,294.0,15.94,0.7755,EASY,89.2
2025-07-10,22829.26,292.0,15.78,0.7755,EASY,89.2
2025-07-11,22780.6,297.0,16.4,0.7551,EASY,89.2
2025-07-14,22855.63,295.0,17.2,0.7347,EASY,89.2
2025-07-15,22884.59,295.0,17.38,0.6939,EASY,89.2
2025-07-16,22907.97,300.0,17.16,0.7143,EASY,89.2
2025-07-17,23081.05,291.0,16.52,0.6939,EASY,89.2
2025-07-18,23065.47,293.0,16.41,0.6939,EASY,89.2
2025-07-21,23180.06,289.0,16.65,0.6939,EASY,89.2
2025-07-22,23063.58,290.0,16.5,0.7755,EASY,89.2
2025-07-23,23162.41,283.0,15.37,0.7551,EASY,89.2
2025-07-24,23219.87,282.0,15.39,0.7551,EASY,89.2
2025-07-25,23272.25,284.0,14.93,0.7143,EASY,89.2
2025-07-28,23356.27,282.0,15.03,0.7347,EASY,89.2
2025-07-29,23308.3,286.0,15.98,0.7551,EASY,89.2
2025-07-30,23345.41,289.0,15.48,0.7143,EASY,89.2
2025-07-31,23218.12,286.0,16.72,0.5714,EASY,81.4
2025-08-01,22763.31,313.0,20.38,0.5306,EASY,75.5
2025-08-04,23188.61,302.0,17.52,0.6327,EASY,89.2
2025-08-05,23018.56,298.0,17.85,0.551,EASY,75.5
2025-08-06,23315.04,298.0,16.77,0.6122,EASY,83.3
2025-08-07,23389.53,295.0,16.57,0.5918,EASY,75.5
2025-08-08,23611.27,294.0,15.15,0.6939,EASY,89.2
2025-08-11,23526.63,294.0,16.25,0.6735,EASY,89.2
2025-08-12,23839.2,293.0,14.73,0.7143,EASY,89.2
2025-08-13,23849.04,290.0,14.49,0.8163,EASY,95.1
2025-08-14,23832.44,289.0,14.83,0.7959,EASY,95.1
2025-08-15,23712.07,288.0,15.09,0.7347,EASY,89.2
2025-08-18,23713.76,288.0,14.99,0.7347,EASY,89.2
2025-08-19,23384.77,290.0,15.57,0.7551,EASY,89.2
2025-08-20,23249.57,294.0,15.69,0.7143,EASY,89.2
2025-08-21,23142.58,295.0,16.6,0.6939,EASY,83.3
2025-08-22,23498.12,288.0,14.22,0.7755,EASY,83.3
2025-08-25,23425.61,280.0,14.79,0.7551,EASY,83.3
2025-08-26,23525.29,278.0,14.62,0.7551,EASY,83.3
2025-08-27,23565.85,278.0,14.85,0.7959,EASY,83.3
2025-08-28,23703.45,275.0,14.43,0.7755,EASY,89.2
2025-08-29,23415.42,282.0,15.36,0.7755,EASY,89.2
2025-09-02,23231.11,292.0,17.17,0.6735,EASY,89.2
2025-09-03,23414.84,288.0,16.35,0.6939,EASY,89.2
2025-09-04,23633.01,284.0,15.3,0.7143,EASY,89.2
2025-09-05,23652.44,283.0,15.18,0.6939,EASY,89.2
2025-09-08,23762.3,284.0,15.11,0.6939,EASY,89.2
2025-09-09,23839.8,287.0,15.04,0.6939,EASY,89.2
2025-09-10,23849.27,284.0,15.35,0.6122,EASY,89.2
2025-09-11,23992.56,278.0,14.71,0.6939,EASY,89.2
2025-09-12,24092.19,279.0,14.76,0.6939,EASY,89.2
2025-09-15,24293.78,275.0,15.69,0.6327,EASY,89.2
2025-09-16,24274.25,279.0,16.36,0.6531,EASY,89.2
2025-09-17,24223.69,279.0,15.72,0.6735,EASY,94.1
2025-09-18,24454.89,271.0,15.7,0.6531,EASY,94.1
2025-09-19,24626.25,272.0,15.45,0.6939,EASY,94.1
2025-09-22,24761.07,269.0,16.1,0.6735,EASY,94.1
2025-09-23,24580.17,271.0,16.64,0.6531,EASY,94.1
2025-09-24,24503.57,270.0,16.18,0.6531,EASY,94.1
2025-09-25,24397.31,276.0,16.74,0.6327,EASY,94.1
2025-09-26,24503.85,275.0,15.29,0.6531,EASY,94.1
2025-09-29,24611.35,274.0,16.12,0.6735,EASY,94.1
2025-09-30,24679.99,280.0,16.28,0.6531,EASY,94.1
2025-10-01,24800.86,281.0,16.29,0.6327,EASY,94.1
2025-10-02,24892.76,281.0,16.63,0.6939,EASY,94.1
2025-10-03,24785.52,280.0,16.65,0.6531,EASY,94.1
2025-10-06,24978.56,276.0,16.37,0.6327,EASY,94.1
2025-10-07,24840.23,282.0,17.24,0.6327,EASY,94.1
2025-10-08,25136.62,284.0,16.3,0.5918,EASY,86.3
2025-10-09,25098.18,295.0,16.43,0.6531,EASY,94.1
2025-10-10,24221.74,318.0,21.66,0.5714,EASY,74.5
2025-10-13,24750.25,318.0,19.03,0.6327,EASY,94.1
2025-10-14,24579.32,311.0,20.81,0.6327,EASY,88.2
2025-10-15,24745.36,295.0,20.64,0.6122,EASY,82.4
2025-10-16,24657.24,304.0,25.31,0.5918,UNCERTAIN,68.6
2025-10-17,24817.95,304.0,20.78,0.5714,EASY,80.4
2025-10-20,25141.02,299.0,18.23,0.5918,EASY,86.3
2025-10-21,25127.13,297.0,17.87,0.6735,EASY,94.1
2025-10-22,24879.01,301.0,18.6,0.6939,EASY,94.1
2025-10-23,25097.41,296.0,17.3,0.6735,EASY,94.1
2025-10-24,25358.16,288.0,16.37,0.6735,EASY,94.1
2025-10-27,25821.55,280.0,15.79,0.7143,EASY,94.1
2025-10-28,26012.15,282.0,16.42,0.6939,EASY,100.0
2025-10-29,26119.85,276.0,16.92,0.6531,EASY,100.0
2025-10-30,25734.81,285.0,16.91,0.6122,EASY,100.0
2025-10-31,25858.13,294.0,17.44,0.6122,EASY,100.0
2025-11-03,25972.94,304.0,17.17,0.6122,EASY,100.0
2025-11-04,25435.7,313.0,19.0,0.5918,EASY,86.3
2025-11-05,25620.03,305.0,18.01,0.6327,EASY,94.1
2025-11-06,25130.04,313.0,19.5,0.6122,EASY,88.2
2025-11-07,25059.81,315.0,19.08,0.6122,EASY,88.2
2025-11-10,25611.74,302.0,17.6,0.6122,EASY,88.2
2025-11-11,25533.49,302.0,17.28,0.6327,EASY,88.2
2025-11-12,25517.33,302.0,17.51,0.6327,EASY,88.2
2025-11-13,24993.46,309.0,20.0,0.6122,EASY,82.4
2025-11-14,25008.24,307.0,19.83,0.5918,EASY,86.3
2025-11-17,24799.92,313.0,22.38,0.5918,EASY,74.5
2025-11-18,24503.1,320.0,24.69,0.6122,EASY,74.5
2025-11-19,24640.52,317.0,23.66,0.5714,EASY,74.5
2025-11-20,24054.38,317.0,26.42,0.5714,UNCERTAIN,60.8
2025-11-21,24239.57,319.0,23.43,0.5714,UNCERTAIN,66.7
2025-11-24,24873.85,315.0,20.52,0.5714,EASY,74.5
2025-11-25,25018.36,310.0,18.56,0.5714,EASY,80.4
2025-11-26,25236.94,300.0,17.19,0.5714,EASY,86.3
2025-11-28,25434.89,295.0,16.35,0.5918,EASY,86.3
2025-12-01,25342.85,294.0,17.24,0.5714,EASY,92.2
2025-12-02,25555.86,292.0,16.59,0.6122,EASY,100.0
2025-12-03,25606.54,289.0,16.08,0.6735,EASY,100.0
2025-12-04,25581.7,288.0,15.78,0.6735,EASY,100.0
2025-12-05,25692.05,285.0,15.41,0.7347,EASY,100.0
2025-12-08,25627.95,289.0,16.66,0.6531,EASY,94.1
2025-12-09,25668.69,289.0,16.93,0.6327,EASY,94.1
2025-12-10,25776.44,291.0,15.77,0.6939,EASY,94.1
2025-12-11,25686.69,288.0,14.85,0.6735,EASY,94.1
2025-12-12,25196.73,291.0,15.74,0.6531,EASY,94.1
2025-12-15,25067.27,291.0,16.5,0.6531,EASY,94.1
2025-12-16,25132.94,298.0,16.48,0.6531,EASY,88.2
2025-12-17,24647.61,299.0,17.62,0.6327,EASY,88.2
2025-12-18,25019.37,295.0,16.87,0.6735,EASY,88.2
2025-12-19,25346.18,290.0,14.91,0.6531,EASY,88.2
2025-12-22,25461.7,288.0,14.08,0.6531,EASY,88.2
2025-12-23,25587.83,283.0,14.0,0.6531,EASY,88.2
2025-12-24,25656.15,284.0,13.47,0.6531,EASY,94.1
2025-12-26,25644.39,286.0,13.6,0.6531,EASY,100.0
2025-12-29,25525.56,287.0,14.2,0.6531,EASY,100.0
2025-12-30,25462.56,284.0,14.33,0.6327,EASY,94.1
2025-12-31,25249.85,281.0,14.95,0.6327,EASY,94.1
2026-01-02,25206.17,283.0,14.51,0.6122,EASY,94.1
2026-01-05,25401.32,281.0,14.9,0.6735,EASY,88.2
2026-01-06,25639.71,279.0,14.75,0.6939,EASY,88.2
2026-01-07,25653.9,279.0,15.38,0.7143,EASY,94.1
2026-01-08,25507.1,276.0,15.45,0.6939,EASY,94.1
2026-01-09,25766.26,274.0,14.49,0.7347,EASY,94.1
2026-01-12,25787.66,274.0,15.12,0.7143,EASY,94.1
2026-01-13,25741.95,275.0,15.98,0.7143,EASY,94.1
2026-01-14,25465.94,276.0,16.75,0.6939,EASY,94.1
2026-01-15,25547.07,271.0,15.84,0.7143,EASY,94.1
2026-01-16,25529.26,265.0,15.86,0.6939,EASY,94.1
2026-01-20,24987.57,273.0,20.09,0.6735,EASY,82.4
2026-01-21,25326.58,269.0,16.9,0.6939,EASY,88.2
2026-01-22,25518.35,264.0,15.64,0.6939,EASY,88.2
2026-01-23,25605.47,268.0,16.09,0.6939,EASY,88.2
2026-01-26,25713.21,269.0,16.15,0.7143,EASY,88.2
2026-01-27,25939.74,271.0,16.35,0.7143,EASY,94.1
2026-01-28,26022.79,272.0,16.35,0.6939,EASY,94.1
2026-01-29,25884.3,277.0,16.88,0.6735,EASY,94.1
2026-01-30,25552.39,280.0,17.44,0.6735,EASY,94.1
2026-02-02,25738.61,281.0,16.34,0.6939,EASY,94.1
2026-02-03,25338.62,285.0,18.0,0.6939,EASY,94.1
2026-02-04,24891.24,286.0,18.64,0.6735,EASY,88.2
2026-02-05,24548.69,297.0,21.77,0.6327,EASY,74.5
2026-02-06,25075.77,287.0,20.37,0.6327,EASY,82.4
2026-02-09,25268.14,284.0,17.36,0.6327,EASY,88.2
2026-02-10,25127.64,286.0,17.79,0.6327,EASY,88.2
2026-02-11,25201.26,284.0,17.65,0.6327,EASY,88.2
2026-02-12,24687.61,292.0,20.82,0.6327,EASY,88.2
2026-02-13,24732.73,295.0,20.6,0.6327,EASY,88.2
2026-02-17,24701.6,294.0,20.29,0.6327,EASY,88.2
2026-02-18,24898.87,286.0,19.62,0.6327,EASY,94.1
2026-02-19,24797.34,288.0,20.23,0.6327,EASY,82.4
2026-02-20,25012.62,286.0,19.09,0.6327,EASY,88.2
2026-02-23,24708.94,295.0,21.01,0.6327,EASY,82.4
2026-02-24,24977.04,297.0,19.55,0.6327,EASY,94.1
2026-02-25,25329.04,294.0,17.93,0.6327,EASY,94.1
2026-02-26,25034.37,298.0,18.63,0.6327,EASY,94.1
2026-02-27,24960.04,310.0,19.86,0.6327,EASY,94.1
2026-03-02,24992.6,303.0,21.44,0.6327,EASY,88.2
2026-03-03,24720.08,308.0,23.57,0.5918,EASY,80.4
2026-03-04,25093.68,297.0,21.15,0.5918,EASY,80.4
2026-03-05,25020.41,300.0,23.75,0.6327,EASY,88.2
2026-03-06,24643.02,313.0,29.49,0.6531,EASY,82.4
2026-03-09,24967.25,319.0,25.5,0.6122,EASY,76.5
2026-03-10,24956.47,306.0,24.93,0.6122,EASY,88.2
2026-03-11,24965.01,309.0,24.23,0.6122,EASY,88.2
2026-03-12,24533.58,317.0,27.29,0.6122,EASY,74.5
2026-03-13,24380.73,328.0,27.19,0.5714,UNCERTAIN,66.7
2026-03-16,24655.34,327.0,23.51,0.6122,EASY,82.4
2026-03-17,24780.42,322.0,22.37,0.5918,EASY,74.5
2026-03-18,24425.09,320.0,25.09,0.551,UNCERTAIN,60.8
2026-03-19,24355.28,327.0,24.06,0.551,UNCERTAIN,66.7
2026-03-20,23898.15,324.0,26.78,0.5102,UNCERTAIN,52.9
2026-03-23,24188.59,319.0,26.15,0.5306,UNCERTAIN,52.9
2026-03-24,24002.45,319.0,26.95,0.551,UNCERTAIN,52.9
2026-03-25,24162.98,317.0,25.33,0.5306,UNCERTAIN,52.9
2026-03-26,23586.99,321.0,27.44,0.5306,UNCERTAIN,45.1
2026-03-27,23132.77,342.0,31.05,0.4898,UNCERTAIN,45.1
2026-03-30,22953.38,346.0,30.61,0.4694,UNCERTAIN,45.1
2026-03-31,23740.19,328.0,25.25,0.5306,UNCERTAIN,45.1
2026-04-01,24019.99,316.0,24.54,0.5306,UNCERTAIN,58.8
2026-04-02,24045.53,317.0,23.87,0.5306,UNCERTAIN,58.8
2026-04-06,24192.17,305.0,24.17,0.5102,UNCERTAIN,64.7
2026-04-07,24202.37,312.0,25.78,0.5306,UNCERTAIN,58.8
2026-04-08,24903.17,294.0,21.04,0.5714,EASY,86.3
2026-04-09,25082.09,290.0,19.49,0.5918,EASY,92.2
2026-04-10,25116.34,294.0,19.23,0.5714,EASY,92.2
2026-04-13,25383.72,295.0,19.12,0.5918,EASY,92.2
2026-04-14,25842.0,284.0,18.36,0.5918,EASY,92.2
2026-04-15,26204.58,285.0,18.17,0.6122,EASY,98.0
2026-04-16,26333.0,286.0,17.94,0.6122,EASY,98.0
2026-04-17,26672.43,283.0,17.48,0.6531,EASY,100.0
2026-04-20,26590.34,287.0,18.87,0.6327,EASY,100.0
2026-04-21,26479.47,285.0,19.5,0.6327,EASY,100.0
2026-04-22,26937.28,284.0,18.92,0.6327,EASY,100.0
2026-04-23,26782.63,286.0,19.31,0.6122,EASY,100.0
2026-04-24,27303.67,286.0,18.71,0.6327,EASY,100.0
2026-04-27,27305.68,284.0,18.02,0.6327,EASY,100.0
2026-04-28,27029.01,285.0,17.83,0.6327,EASY,100.0
2026-04-29,27186.98,282.0,18.81,0.6531,EASY,94.1
2026-04-30,27452.12,283.0,16.89,0.6735,EASY,100.0
2026-05-01,27710.36,277.0,16.99,0.6531,EASY,96.1
2026-05-04,27651.82,278.0,18.29,0.6327,EASY,96.1
2026-05-05,28015.06,277.0,17.38,0.6327,EASY,96.1
2026-05-06,28599.17,275.0,17.39,0.6531,EASY,100.0
2026-05-07,28563.95,279.0,17.08,0.6939,EASY,83.1
2026-05-08,29234.99,281.0,17.19,0.6939,EASY,100.0
2026-05-11,29320.66,279.0,18.38,0.7143,EASY,100.0
2026-05-12,29064.8,282.0,17.99,0.7143,EASY,83.1
2026-05-13,29366.94,282.0,17.87,0.7143,EASY,100.0
2026-05-14,29580.3,276.0,17.26,0.7143,EASY,100.0
2026-05-15,29125.2,280.0,18.43,0.7143,UNCERTAIN,66.2
2026-05-18,28994.37,283.0,17.82,0.6939,EASY,79.2
2026-05-19,28818.84,286.0,18.06,0.6531,EASY,79.2
2026-05-20,29297.7,280.0,17.44,0.6735,EASY,79.2
2026-05-21,29357.27,278.0,16.76,0.6531,UNCERTAIN,58.4
2026-05-22,29481.64,274.0,16.7,0.6735,EASY,79.2
2026-05-26,30001.32,272.0,17.01,0.6735,EASY,96.1
2026-05-27,29973.57,271.0,16.29,0.6735,EASY,96.1
2026-05-28,30223.89,272.0,15.74,0.6735,EASY,100.0
2026-05-29,30333.18,272.0,15.32,0.6735,EASY,100.0
2026-06-01,30513.86,272.0,16.05,0.6531,EASY,100.0
2026-06-02,30660.6,271.0,15.77,0.6122,EASY,100.0
2026-06-03,30571.24,275.0,16.06,0.6531,EASY,100.0
2026-06-04,30407.81,274.0,15.4,0.6735,UNCERTAIN,66.2
2026-06-05,28957.6,276.0,21.51,0.6327,UNCERTAIN,48.1
2026-06-08,29414.26,275.0,18.92,0.6531,EASY,85.7
2026-06-09,29084.5,278.0,19.87,0.6327,UNCERTAIN,68.8
2026-06-10,28508.03,280.0,22.22,0.5714,HARD,37.7
2026-06-11,29446.18,278.0,19.44,0.6122,UNCERTAIN,51.9
2026-06-12,29635.95,271.0,17.68,0.6122,UNCERTAIN,51.9
2026-06-15,30543.92,266.0,16.2,0.6122,UNCERTAIN,68.8
2026-06-16,29968.13,271.0,16.41,0.6122,UNCERTAIN,55.8
2026-06-17,29670.95,263.0,18.44,0.6327,EASY,89.6
2026-06-18,30406.19,266.0,16.4,0.5918,EASY,88.3
2026-06-22,30347.08,265.0,17.28,0.5918,EASY,88.3
2026-06-23,29347.27,271.0,19.49,0.6327,UNCERTAIN,51.9
2026-06-24,29220.06,276.0,18.63,0.6327,EASY,89.6
2026-06-25,29440.32,278.0,18.89,0.5714,EASY,84.4
2026-06-26,29118.24,283.0,18.41,0.5714,UNCERTAIN,46.8
2026-06-29,29774.75,280.0,17.65,0.5918,UNCERTAIN,46.8
2026-06-30,30276.35,275.0,16.45,0.6122,UNCERTAIN,68.8
2026-07-01,29809.13,274.0,16.59,0.5918,UNCERTAIN,50.6
2026-07-02,29329.21,275.0,16.15,0.6531,UNCERTAIN,55.8
2026-07-06,29697.87,272.0,15.57,0.6735,UNCERTAIN,55.8
2026-07-07,29173.02,267.0,16.13,0.6531,UNCERTAIN,55.8
2026-07-08,29252.56,270.0,16.9,0.6327,UNCERTAIN,55.8
2026-07-09,29727.1,270.0,15.84,0.6531,UNCERTAIN,51.9
2026-07-10,29825.11,270.0,15.03,0.6735,UNCERTAIN,55.8
